# HSK(10) → MTI(6) → 산업분류 → MTI품목명 (2026 HSK-MTI 연계표, 무역협회)
# source: 2026_MTIHSK_연계표_vFF_260507.xlsx / 'HSK-MTI 연계표' + 'MTI코드표'
0101211000	021130	농수산식품	말
0101219000	021190	농수산식품	기타가축
0101291000	021130	농수산식품	말
0101299000	021130	농수산식품	말
0101300000	021190	농수산식품	기타가축
0101900000	021190	농수산식품	기타가축
0102211000	021110	농수산식품	소
0102212000	021110	농수산식품	소
0102219000	021110	농수산식품	소
0102291000	021110	농수산식품	소
0102292000	021110	농수산식품	소
0102299000	021110	농수산식품	소
0102310000	021110	농수산식품	소
0102391000	021110	농수산식품	소
0102392000	021110	농수산식품	소
0102399000	021110	농수산식품	소
0102901000	021110	농수산식품	소
0102909010	021110	농수산식품	소
0102909020	021110	농수산식품	소
0102909090	021110	농수산식품	소
0103100000	021120	농수산식품	돼지
0103910000	021120	농수산식품	돼지
0103920000	021120	농수산식품	돼지
0104101000	021190	농수산식품	기타가축
0104109000	021190	농수산식품	기타가축
0104201000	021190	농수산식품	기타가축
0104209000	021190	농수산식품	기타가축
0105111000	021210	농수산식품	닭
0105119000	021210	농수산식품	닭
0105120000	021230	농수산식품	칠면조
0105131000	021220	농수산식품	오리
0105139000	021220	농수산식품	오리
0105140000	021290	농수산식품	기타가금
0105150000	021290	농수산식품	기타가금
0105941000	021210	농수산식품	닭
0105949000	021210	농수산식품	닭
0105991010	021220	농수산식품	오리
0105991090	021220	농수산식품	오리
0105992000	021230	농수산식품	칠면조
0105999000	021290	농수산식품	기타가금
0106110000	021900	농수산식품	기타산동물
0106121000	021900	농수산식품	기타산동물
0106122000	021900	농수산식품	기타산동물
0106130000	021900	농수산식품	기타산동물
0106141000	021190	농수산식품	기타가축
0106149000	021190	농수산식품	기타가축
0106191000	021190	농수산식품	기타가축
0106193000	021190	농수산식품	기타가축
0106194000	021900	농수산식품	기타산동물
0106195010	021900	농수산식품	기타산동물
0106195090	021900	농수산식품	기타산동물
0106196010	021900	농수산식품	기타산동물
0106196090	021900	농수산식품	기타산동물
0106199000	021900	농수산식품	기타산동물
0106201000	021900	농수산식품	기타산동물
0106202000	021900	농수산식품	기타산동물
0106203000	021900	농수산식품	기타산동물
0106209000	021900	농수산식품	기타산동물
0106310000	021900	농수산식품	기타산동물
0106320000	021900	농수산식품	기타산동물
0106330000	021900	농수산식품	기타산동물
0106390000	021900	농수산식품	기타산동물
0106410000	021900	농수산식품	기타산동물
0106490000	021900	농수산식품	기타산동물
0106901000	021900	농수산식품	기타산동물
0106903010	049090	농수산식품	기타수산물
0106903020	049090	농수산식품	기타수산물
0106903090	021900	농수산식품	기타산동물
0106909000	021900	농수산식품	기타산동물
0201100000	022110	농수산식품	쇠고기
0201201000	022110	농수산식품	쇠고기
0201209000	022110	농수산식품	쇠고기
0201300000	022110	농수산식품	쇠고기
0202100000	022110	농수산식품	쇠고기
0202201000	022110	농수산식품	쇠고기
0202209000	022110	농수산식품	쇠고기
0202300000	022110	농수산식품	쇠고기
0203110000	022120	농수산식품	돼지고기
0203120000	022120	농수산식품	돼지고기
0203191000	022120	농수산식품	돼지고기
0203199000	022120	농수산식품	돼지고기
0203210000	022120	농수산식품	돼지고기
0203220000	022120	농수산식품	돼지고기
0203291000	022120	농수산식품	돼지고기
0203299000	022120	농수산식품	돼지고기
0204100000	022130	농수산식품	양고기
0204210000	022130	농수산식품	양고기
0204220000	022130	농수산식품	양고기
0204230000	022130	농수산식품	양고기
0204300000	022130	농수산식품	양고기
0204410000	022130	농수산식품	양고기
0204420000	022130	농수산식품	양고기
0204430000	022130	농수산식품	양고기
0204500000	022130	농수산식품	양고기
0205000000	022190	농수산식품	기타가축육류
0206100000	022110	농수산식품	쇠고기
0206210000	022110	농수산식품	쇠고기
0206220000	022110	농수산식품	쇠고기
0206291000	022110	농수산식품	쇠고기
0206292000	022110	농수산식품	쇠고기
0206299000	022110	농수산식품	쇠고기
0206300000	022120	농수산식품	돼지고기
0206410000	022120	농수산식품	돼지고기
0206491000	022120	농수산식품	돼지고기
0206499000	022120	농수산식품	돼지고기
0206800000	022190	농수산식품	기타가축육류
0206900000	022190	농수산식품	기타가축육류
0207110000	022210	농수산식품	닭고기
0207120000	022210	농수산식품	닭고기
0207131000	022210	농수산식품	닭고기
0207132010	022210	농수산식품	닭고기
0207132090	022210	농수산식품	닭고기
0207141010	022210	농수산식품	닭고기
0207141020	022210	농수산식품	닭고기
0207141030	022210	농수산식품	닭고기
0207141090	022210	농수산식품	닭고기
0207142010	022210	농수산식품	닭고기
0207142090	022210	농수산식품	닭고기
0207240000	022230	농수산식품	칠면조고기
0207250000	022230	농수산식품	칠면조고기
0207261000	022230	농수산식품	칠면조고기
0207262010	022230	농수산식품	칠면조고기
0207262090	022230	농수산식품	칠면조고기
0207271000	022230	농수산식품	칠면조고기
0207272010	022230	농수산식품	칠면조고기
0207272090	022230	농수산식품	칠면조고기
0207410000	022220	농수산식품	오리고기
0207420000	022220	농수산식품	오리고기
0207430000	022220	농수산식품	오리고기
0207441000	022220	농수산식품	오리고기
0207442010	022220	농수산식품	오리고기
0207442090	022220	농수산식품	오리고기
0207451000	022220	농수산식품	오리고기
0207452010	022220	농수산식품	오리고기
0207452090	022220	농수산식품	오리고기
0207510000	022220	농수산식품	오리고기
0207520000	022220	농수산식품	오리고기
0207530000	022220	농수산식품	오리고기
0207541000	022220	농수산식품	오리고기
0207542010	022220	농수산식품	오리고기
0207542090	022220	농수산식품	오리고기
0207551000	022220	농수산식품	오리고기
0207552010	022220	농수산식품	오리고기
0207552090	022220	농수산식품	오리고기
0207601000	022220	농수산식품	오리고기
0207602000	022220	농수산식품	오리고기
0207603100	022220	농수산식품	오리고기
0207603210	022220	농수산식품	오리고기
0207603290	022220	농수산식품	오리고기
0207604100	022220	농수산식품	오리고기
0207604210	022220	농수산식품	오리고기
0207604290	022220	농수산식품	오리고기
0208100000	022190	농수산식품	기타가축육류
0208300000	022990	농수산식품	기타육류
0208401000	045100	농수산식품	어육
0208402000	045100	농수산식품	어육
0208500000	022990	농수산식품	기타육류
0208600000	022190	농수산식품	기타가축육류
0208901000	022190	농수산식품	기타가축육류
0208909010	045100	농수산식품	어육
0208909090	022990	농수산식품	기타육류
0209100000	022120	농수산식품	돼지고기
0209900000	022290	농수산식품	기타가금육류
0210110000	022120	농수산식품	돼지고기
0210120000	022120	농수산식품	돼지고기
0210190000	022120	농수산식품	돼지고기
0210201000	022110	농수산식품	쇠고기
0210209000	022110	농수산식품	쇠고기
0210910000	022990	농수산식품	기타육류
0210921000	022990	농수산식품	기타육류
0210922000	022990	농수산식품	기타육류
0210930000	022990	농수산식품	기타육류
0210991010	022110	농수산식품	쇠고기
0210991090	022990	농수산식품	기타육류
0210999020	022290	농수산식품	기타가금육류
0210999090	022990	농수산식품	기타육류
0301111000	041900	농수산식품	기타어류
0301119000	041900	농수산식품	기타어류
0301190000	041900	농수산식품	기타어류
0301910000	041900	농수산식품	기타어류
0301921000	041800	농수산식품	뱀장어
0301922000	041800	농수산식품	뱀장어
0301929010	041800	농수산식품	뱀장어
0301929090	041800	농수산식품	뱀장어
0301931000	041900	농수산식품	기타어류
0301939000	041900	농수산식품	기타어류
0301940000	041100	농수산식품	참치
0301950000	041100	농수산식품	참치
0301992000	041900	농수산식품	기타어류
0301994010	041900	농수산식품	기타어류
0301994091	041900	농수산식품	기타어류
0301994099	041900	농수산식품	기타어류
0301995000	041900	농수산식품	기타어류
0301996000	041900	농수산식품	기타어류
0301997000	041900	농수산식품	기타어류
0301998000	041500	농수산식품	넙치
0301999010	041900	농수산식품	기타어류
0301999020	041900	농수산식품	기타어류
0301999040	041900	농수산식품	기타어류
0301999051	041900	농수산식품	기타어류
0301999059	041900	농수산식품	기타어류
0301999060	041900	농수산식품	기타어류
0301999070	041900	농수산식품	기타어류
0301999080	041900	농수산식품	기타어류
0301999091	041900	농수산식품	기타어류
0301999092	041900	농수산식품	기타어류
0301999095	041900	농수산식품	기타어류
0301999096	041900	농수산식품	기타어류
0301999097	041900	농수산식품	기타어류
0301999099	041900	농수산식품	기타어류
0302110000	041900	농수산식품	기타어류
0302130000	041900	농수산식품	기타어류
0302140000	041900	농수산식품	기타어류
0302190000	041900	농수산식품	기타어류
0302210000	041500	농수산식품	넙치
0302220000	041600	농수산식품	가자미
0302230000	041900	농수산식품	기타어류
0302240000	041500	농수산식품	넙치
0302290000	041900	농수산식품	기타어류
0302310000	041100	농수산식품	참치
0302320000	041100	농수산식품	참치
0302330000	041100	농수산식품	참치
0302340000	041100	농수산식품	참치
0302351000	041100	농수산식품	참치
0302352000	041100	농수산식품	참치
0302360000	041100	농수산식품	참치
0302390000	041100	농수산식품	참치
0302410000	041900	농수산식품	기타어류
0302420000	041900	농수산식품	기타어류
0302430000	041900	농수산식품	기타어류
0302440000	041900	농수산식품	기타어류
0302450000	041900	농수산식품	기타어류
0302460000	041900	농수산식품	기타어류
0302470000	041900	농수산식품	기타어류
0302491000	041900	농수산식품	기타어류
0302492000	041900	농수산식품	기타어류
0302493000	041900	농수산식품	기타어류
0302499000	041900	농수산식품	기타어류
0302510000	041700	농수산식품	대구
0302520000	041900	농수산식품	기타어류
0302530000	041700	농수산식품	대구
0302540000	041700	농수산식품	대구
0302550000	041400	농수산식품	명태
0302560000	041900	농수산식품	기타어류
0302590000	041900	농수산식품	기타어류
0302710000	041900	농수산식품	기타어류
0302720000	041900	농수산식품	기타어류
0302730000	041900	농수산식품	기타어류
0302740000	041800	농수산식품	뱀장어
0302790000	041900	농수산식품	기타어류
0302810000	041900	농수산식품	기타어류
0302820000	041900	농수산식품	기타어류
0302830000	041900	농수산식품	기타어류
0302840000	041900	농수산식품	기타어류
0302850000	041900	농수산식품	기타어류
0302891000	041900	농수산식품	기타어류
0302892000	041300	농수산식품	갈치
0302893000	041900	농수산식품	기타어류
0302894000	041900	농수산식품	기타어류
0302895000	041900	농수산식품	기타어류
0302896000	041900	농수산식품	기타어류
0302899020	041900	농수산식품	기타어류
0302899040	041900	농수산식품	기타어류
0302899090	041900	농수산식품	기타어류
0302911000	046900	농수산식품	기타수산가공품
0302912000	045290	농수산식품	기타어란
0302920000	046900	농수산식품	기타수산가공품
0302990000	046900	농수산식품	기타수산가공품
0303110000	041900	농수산식품	기타어류
0303120000	041900	농수산식품	기타어류
0303130000	041900	농수산식품	기타어류
0303140000	041900	농수산식품	기타어류
0303190000	041900	농수산식품	기타어류
0303230000	041900	농수산식품	기타어류
0303240000	041900	농수산식품	기타어류
0303250000	041900	농수산식품	기타어류
0303260000	041800	농수산식품	뱀장어
0303290000	041900	농수산식품	기타어류
0303310000	041500	농수산식품	넙치
0303320000	041600	농수산식품	가자미
0303330000	041900	농수산식품	기타어류
0303340000	041500	농수산식품	넙치
0303391000	041900	농수산식품	기타어류
0303399000	041900	농수산식품	기타어류
0303410000	041100	농수산식품	참치
0303420000	041100	농수산식품	참치
0303430000	041100	농수산식품	참치
0303440000	041100	농수산식품	참치
0303451000	041100	농수산식품	참치
0303452000	041100	농수산식품	참치
0303460000	041100	농수산식품	참치
0303490000	041100	농수산식품	참치
0303510000	041900	농수산식품	기타어류
0303530000	041900	농수산식품	기타어류
0303540000	041900	농수산식품	기타어류
0303550000	041900	농수산식품	기타어류
0303560000	041900	농수산식품	기타어류
0303570000	041900	농수산식품	기타어류
0303591000	041900	농수산식품	기타어류
0303592000	041900	농수산식품	기타어류
0303599000	041900	농수산식품	기타어류
0303630000	041700	농수산식품	대구
0303640000	041900	농수산식품	기타어류
0303650000	041700	농수산식품	대구
0303660000	041700	농수산식품	대구
0303670000	041400	농수산식품	명태
0303680000	041900	농수산식품	기타어류
0303691000	041900	농수산식품	기타어류
0303699000	041900	농수산식품	기타어류
0303810000	041900	농수산식품	기타어류
0303821000	041900	농수산식품	기타어류
0303822000	041900	농수산식품	기타어류
0303830000	041900	농수산식품	기타어류
0303840000	041900	농수산식품	기타어류
0303891000	041700	농수산식품	대구
0303892000	041300	농수산식품	갈치
0303893010	041900	농수산식품	기타어류
0303893020	041900	농수산식품	기타어류
0303893090	041900	농수산식품	기타어류
0303894000	041900	농수산식품	기타어류
0303895010	041200	농수산식품	조기
0303895020	041200	농수산식품	조기
0303895090	041200	농수산식품	조기
0303896000	041900	농수산식품	기타어류
0303898000	041900	농수산식품	기타어류
0303899010	041900	농수산식품	기타어류
0303899020	041900	농수산식품	기타어류
0303899030	041900	농수산식품	기타어류
0303899040	041900	농수산식품	기타어류
0303899050	041900	농수산식품	기타어류
0303899060	041900	농수산식품	기타어류
0303899070	041900	농수산식품	기타어류
0303899080	041900	농수산식품	기타어류
0303899091	041900	농수산식품	기타어류
0303899092	041900	농수산식품	기타어류
0303899093	041900	농수산식품	기타어류
0303899099	041900	농수산식품	기타어류
0303911000	047000	농수산식품	수산부산물
0303912010	045210	농수산식품	명란
0303912090	045290	농수산식품	기타어란
0303920000	046900	농수산식품	기타수산가공품
0303990000	046900	농수산식품	기타수산가공품
0304310000	045100	농수산식품	어육
0304320000	045100	농수산식품	어육
0304330000	045100	농수산식품	어육
0304390000	045100	농수산식품	어육
0304410000	045100	농수산식품	어육
0304420000	045100	농수산식품	어육
0304431000	045100	농수산식품	어육
0304439000	045100	농수산식품	어육
0304440000	045100	농수산식품	어육
0304450000	045100	농수산식품	어육
0304460000	045100	농수산식품	어육
0304470000	045100	농수산식품	어육
0304480000	045100	농수산식품	어육
0304491000	045100	농수산식품	어육
0304492000	045100	농수산식품	어육
0304499000	045100	농수산식품	어육
0304511000	045100	농수산식품	어육
0304519000	045100	농수산식품	어육
0304520000	045100	농수산식품	어육
0304530000	045100	농수산식품	어육
0304540000	045100	농수산식품	어육
0304550000	045100	농수산식품	어육
0304560000	045100	농수산식품	어육
0304573000	045100	농수산식품	어육
0304579000	045100	농수산식품	어육
0304591000	045100	농수산식품	어육
0304592000	045100	농수산식품	어육
0304593010	045100	농수산식품	어육
0304593090	045100	농수산식품	어육
0304599010	045100	농수산식품	어육
0304599090	045100	농수산식품	어육
0304610000	045100	농수산식품	어육
0304620000	045100	농수산식품	어육
0304630000	045100	농수산식품	어육
0304690000	045100	농수산식품	어육
0304710000	045100	농수산식품	어육
0304720000	045100	농수산식품	어육
0304730000	045100	농수산식품	어육
0304740000	045100	농수산식품	어육
0304750000	045100	농수산식품	어육
0304790000	045100	농수산식품	어육
0304810000	045100	농수산식품	어육
0304820000	045100	농수산식품	어육
0304831000	045100	농수산식품	어육
0304839000	045100	농수산식품	어육
0304840000	045100	농수산식품	어육
0304850000	045100	농수산식품	어육
0304860000	045100	농수산식품	어육
0304871000	045100	농수산식품	어육
0304879000	045100	농수산식품	어육
0304881000	045100	농수산식품	어육
0304889000	045100	농수산식품	어육
0304891000	045100	농수산식품	어육
0304892000	045100	농수산식품	어육
0304893000	045100	농수산식품	어육
0304894000	045100	농수산식품	어육
0304895000	045100	농수산식품	어육
0304899000	045100	농수산식품	어육
0304911000	045100	농수산식품	어육
0304919000	045100	농수산식품	어육
0304921000	045100	농수산식품	어육
0304929000	045100	농수산식품	어육
0304931000	045100	농수산식품	어육
0304939000	045100	농수산식품	어육
0304941000	045100	농수산식품	어육
0304949000	045100	농수산식품	어육
0304951000	045100	농수산식품	어육
0304959000	045100	농수산식품	어육
0304960000	045100	농수산식품	어육
0304970000	045100	농수산식품	어육
0304991000	045100	농수산식품	어육
0304999000	045100	농수산식품	어육
0305201000	046900	농수산식품	기타수산가공품
0305202000	046300	농수산식품	건조수산물
0305203000	046300	농수산식품	건조수산물
0305204010	046220	농수산식품	염장어란
0305204020	046220	농수산식품	염장어란
0305204030	046220	농수산식품	염장어란
0305204090	046220	농수산식품	염장어란
0305311000	046300	농수산식품	건조수산물
0305312000	046290	농수산식품	기타염장수산물
0305321000	046300	농수산식품	건조수산물
0305322000	046290	농수산식품	기타염장수산물
0305391000	046300	농수산식품	건조수산물
0305392000	046290	농수산식품	기타염장수산물
0305410000	041900	농수산식품	기타어류
0305420000	046300	농수산식품	건조수산물
0305430000	046300	농수산식품	건조수산물
0305440000	046300	농수산식품	건조수산물
0305491000	046300	농수산식품	건조수산물
0305492000	046300	농수산식품	건조수산물
0305499000	046300	농수산식품	건조수산물
0305510000	046300	농수산식품	건조수산물
0305520000	046300	농수산식품	건조수산물
0305531000	046300	농수산식품	건조수산물
0305539000	046300	농수산식품	건조수산물
0305541000	046900	농수산식품	기타수산가공품
0305549000	046300	농수산식품	건조수산물
0305594000	046300	농수산식품	건조수산물
0305595000	046300	농수산식품	건조수산물
0305596000	046300	농수산식품	건조수산물
0305597000	046300	농수산식품	건조수산물
0305598000	046300	농수산식품	건조수산물
0305599000	046300	농수산식품	건조수산물
0305610000	046290	농수산식품	기타염장수산물
0305620000	046290	농수산식품	기타염장수산물
0305631000	046290	농수산식품	기타염장수산물
0305639000	046290	농수산식품	기타염장수산물
0305640000	046290	농수산식품	기타염장수산물
0305691000	046900	농수산식품	기타수산가공품
0305692000	046900	농수산식품	기타수산가공품
0305693000	046900	농수산식품	기타수산가공품
0305694000	046900	농수산식품	기타수산가공품
0305695000	046900	농수산식품	기타수산가공품
0305696000	046900	농수산식품	기타수산가공품
0305698000	046900	농수산식품	기타수산가공품
0305699000	046900	농수산식품	기타수산가공품
0305711000	046900	농수산식품	기타수산가공품
0305712000	046300	농수산식품	건조수산물
0305713000	046900	농수산식품	기타수산가공품
0305720000	046900	농수산식품	기타수산가공품
0305790000	046900	농수산식품	기타수산가공품
0306111000	042100	농수산식품	새우
0306119000	042100	농수산식품	새우
0306121000	042300	농수산식품	바다가재
0306129000	042300	농수산식품	바다가재
0306141010	042290	농수산식품	기타게
0306141090	042290	농수산식품	기타게
0306142000	042290	농수산식품	기타게
0306143010	042210	농수산식품	꽃게
0306143090	042210	농수산식품	꽃게
0306149010	042290	농수산식품	기타게
0306149090	042290	농수산식품	기타게
0306151000	042300	농수산식품	바다가재
0306159000	042300	농수산식품	바다가재
0306161010	042100	농수산식품	새우
0306161090	042100	농수산식품	새우
0306169010	042100	농수산식품	새우
0306169090	042100	농수산식품	새우
0306171010	042100	농수산식품	새우
0306171090	042100	농수산식품	새우
0306179010	042100	농수산식품	새우
0306179091	042100	농수산식품	새우
0306179099	042100	농수산식품	새우
0306191000	042900	농수산식품	기타갑각류
0306199000	042900	농수산식품	기타갑각류
0306310000	042100	농수산식품	새우
0306320000	042300	농수산식품	바다가재
0306331000	042210	농수산식품	꽃게
0306332000	042290	농수산식품	기타게
0306339000	042290	농수산식품	기타게
0306340000	042300	농수산식품	바다가재
0306350000	042100	농수산식품	새우
0306360000	042100	농수산식품	새우
0306390000	042900	농수산식품	기타갑각류
0306910000	042100	농수산식품	새우
0306920000	042300	농수산식품	바다가재
0306930000	042290	농수산식품	기타게
0306940000	042300	농수산식품	바다가재
0306951020	042100	농수산식품	새우
0306951030	046210	농수산식품	새우젓
0306951040	042100	농수산식품	새우
0306959020	042100	농수산식품	새우
0306959030	046210	농수산식품	새우젓
0306959040	042100	농수산식품	새우
0306992000	046300	농수산식품	건조수산물
0306993000	042900	농수산식품	기타갑각류
0306994000	042900	농수산식품	기타갑각류
0307111010	043400	농수산식품	굴
0307111090	043400	농수산식품	굴
0307119000	043400	농수산식품	굴
0307120000	043400	농수산식품	굴
0307192000	043400	농수산식품	굴
0307193000	043400	농수산식품	굴
0307194000	043400	농수산식품	굴
0307211000	043590	농수산식품	기타조개
0307219000	043590	농수산식품	기타조개
0307221000	043590	농수산식품	기타조개
0307229000	043900	농수산식품	기타연체동물
0307291000	043590	농수산식품	기타조개
0307299000	043590	농수산식품	기타조개
0307310000	043590	농수산식품	기타조개
0307320000	043590	농수산식품	기타조개
0307392000	046300	농수산식품	건조수산물
0307399000	046290	농수산식품	기타염장수산물
0307421010	043100	농수산식품	오징어
0307421090	043100	농수산식품	오징어
0307422010	043100	농수산식품	오징어
0307422090	043100	농수산식품	오징어
0307431010	043100	농수산식품	오징어
0307431090	043100	농수산식품	오징어
0307432010	043100	농수산식품	오징어
0307432090	043100	농수산식품	오징어
0307492010	046290	농수산식품	기타염장수산물
0307492090	046290	농수산식품	기타염장수산물
0307493010	043100	농수산식품	오징어
0307493090	043100	농수산식품	오징어
0307494010	043100	농수산식품	오징어
0307494090	043100	농수산식품	오징어
0307511000	043200	농수산식품	문어
0307512000	043200	농수산식품	문어
0307519000	043200	농수산식품	문어
0307521000	043200	농수산식품	문어
0307522000	043300	농수산식품	낙지
0307523000	043200	농수산식품	문어
0307529000	043900	농수산식품	기타연체동물
0307592000	046300	농수산식품	건조수산물
0307599000	046290	농수산식품	기타염장수산물
0307600000	043900	농수산식품	기타연체동물
0307711000	043590	농수산식품	기타조개
0307712010	043510	농수산식품	피조개
0307712090	043510	농수산식품	피조개
0307713000	043590	농수산식품	기타조개
0307714000	043590	농수산식품	기타조개
0307715000	043590	농수산식품	기타조개
0307719000	043590	농수산식품	기타조개
0307721000	043590	농수산식품	기타조개
0307722000	043590	농수산식품	기타조개
0307723000	043590	농수산식품	기타조개
0307724000	043510	농수산식품	피조개
0307725000	043590	농수산식품	기타조개
0307729000	043590	농수산식품	기타조개
0307792010	046300	농수산식품	건조수산물
0307792020	046300	농수산식품	건조수산물
0307792090	046300	농수산식품	건조수산물
0307793010	046290	농수산식품	기타염장수산물
0307793020	046290	농수산식품	기타염장수산물
0307793090	046290	농수산식품	기타염장수산물
0307794010	043590	농수산식품	기타조개
0307794090	043590	농수산식품	기타조개
0307810000	043590	농수산식품	기타조개
0307820000	043590	농수산식품	기타조개
0307830000	043590	농수산식품	기타조개
0307840000	043590	농수산식품	기타조개
0307871000	046300	농수산식품	건조수산물
0307872000	046290	농수산식품	기타염장수산물
0307873000	043590	농수산식품	기타조개
0307881000	046300	농수산식품	건조수산물
0307882000	046290	농수산식품	기타염장수산물
0307883000	043590	농수산식품	기타조개
0307911000	043900	농수산식품	기타연체동물
0307912010	043590	농수산식품	기타조개
0307912090	043590	농수산식품	기타조개
0307913000	043900	농수산식품	기타연체동물
0307914000	043590	농수산식품	기타조개
0307919000	043900	농수산식품	기타연체동물
0307921000	043900	농수산식품	기타연체동물
0307922000	043900	농수산식품	기타연체동물
0307929000	043900	농수산식품	기타연체동물
0307992100	046300	농수산식품	건조수산물
0307992900	049090	농수산식품	기타수산물
0307993000	049090	농수산식품	기타수산물
0307994110	049090	농수산식품	기타수산물
0307994120	049090	농수산식품	기타수산물
0307994900	049090	농수산식품	기타수산물
0308110000	049090	농수산식품	기타수산물
0308120000	049090	농수산식품	기타수산물
0308192000	049090	농수산식품	기타수산물
0308193000	049090	농수산식품	기타수산물
0308194000	049090	농수산식품	기타수산물
0308210000	049090	농수산식품	기타수산물
0308220000	049090	농수산식품	기타수산물
0308292000	049090	농수산식품	기타수산물
0308293000	049090	농수산식품	기타수산물
0308294000	049090	농수산식품	기타수산물
0308301000	049090	농수산식품	기타수산물
0308302000	049090	농수산식품	기타수산물
0308303000	046300	농수산식품	건조수산물
0308304000	049090	농수산식품	기타수산물
0308305000	049090	농수산식품	기타수산물
0308901011	049090	농수산식품	기타수산물
0308901019	049090	농수산식품	기타수산물
0308901090	049090	농수산식품	기타수산물
0308902010	049090	농수산식품	기타수산물
0308902090	049090	농수산식품	기타수산물
0308903000	049090	농수산식품	기타수산물
0308904000	049090	농수산식품	기타수산물
0308905000	049090	농수산식품	기타수산물
0309100000	049010	농수산식품	고운 가루, 거친 가루와 펠릿
0309901000	049010	농수산식품	고운 가루, 거친 가루와 펠릿
0309902000	049010	농수산식품	고운 가루, 거친 가루와 펠릿
0309909000	049010	농수산식품	고운 가루, 거친 가루와 펠릿
0401100000	024310	농수산식품	우유
0401200000	024310	농수산식품	우유
0401401000	024310	농수산식품	우유
0401409000	024310	농수산식품	우유
0401501000	024310	농수산식품	우유
0401509000	024310	농수산식품	우유
0402101010	024320	농수산식품	분유
0402101090	024320	농수산식품	분유
0402109000	024320	농수산식품	분유
0402211000	024320	농수산식품	분유
0402219000	024320	농수산식품	분유
0402290000	024320	농수산식품	분유
0402911000	024390	농수산식품	기타낙농품
0402919000	024390	농수산식품	기타낙농품
0402991000	024390	농수산식품	기타낙농품
0402999000	024390	농수산식품	기타낙농품
0403201000	016900	농수산식품	기타농산가공품
0403202000	016900	농수산식품	기타농산가공품
0403209000	016900	농수산식품	기타농산가공품
0403901000	024390	농수산식품	기타낙농품
0403909000	024350	농수산식품	발효유
0404101011	024390	농수산식품	기타낙농품
0404101019	024390	농수산식품	기타낙농품
0404101091	024390	농수산식품	기타낙농품
0404101099	024390	농수산식품	기타낙농품
0404102111	024390	농수산식품	기타낙농품
0404102119	024390	농수산식품	기타낙농품
0404102121	024390	농수산식품	기타낙농품
0404102129	024390	농수산식품	기타낙농품
0404102131	024390	농수산식품	기타낙농품
0404102139	024390	농수산식품	기타낙농품
0404102191	024390	농수산식품	기타낙농품
0404102199	024390	농수산식품	기타낙농품
0404102910	024390	농수산식품	기타낙농품
0404102990	024390	농수산식품	기타낙농품
0404901000	024390	농수산식품	기타낙농품
0404902000	024390	농수산식품	기타낙농품
0405100000	024330	농수산식품	버터
0405200000	024330	농수산식품	버터
0405900000	024330	농수산식품	버터
0406101010	024340	농수산식품	치이즈
0406101020	024340	농수산식품	치이즈
0406101090	024340	농수산식품	치이즈
0406102000	024340	농수산식품	치이즈
0406200000	024340	농수산식품	치이즈
0406300000	024340	농수산식품	치이즈
0406400000	024340	농수산식품	치이즈
0406901000	024340	농수산식품	치이즈
0406902000	024340	농수산식품	치이즈
0406903000	024340	농수산식품	치이즈
0406904000	024340	농수산식품	치이즈
0406909000	024340	농수산식품	치이즈
0407110000	024400	농수산식품	난류
0407190000	024400	농수산식품	난류
0407210000	024400	농수산식품	난류
0407290000	024400	농수산식품	난류
0407900000	024400	농수산식품	난류
0408110000	024400	농수산식품	난류
0408190000	024400	농수산식품	난류
0408910000	024400	농수산식품	난류
0408991000	024400	농수산식품	난류
0408999000	024400	농수산식품	난류
0409000000	024210	농수산식품	꿀
0410100000	022910	농수산식품	식용곤충
0410901000	023900	농수산식품	기타축산물부산물
0410902000	024220	농수산식품	로얄제리
0410909000	023900	농수산식품	기타축산물부산물
0501000000	980000	기타	가발및가눈썹
0502100000	025000	농수산식품	모류
0502900000	025000	농수산식품	모류
0504001010	022990	농수산식품	기타육류
0504001021	022990	농수산식품	기타육류
0504001029	022990	농수산식품	기타육류
0504001031	022990	농수산식품	기타육류
0504001039	022990	농수산식품	기타육류
0504001090	022990	농수산식품	기타육류
0504002000	022990	농수산식품	기타육류
0504003000	022990	농수산식품	기타육류
0505100000	025000	농수산식품	모류
0505901000	025000	농수산식품	모류
0505909000	025000	농수산식품	모류
0506100000	023290	농수산식품	기타동물뼈
0506901020	023290	농수산식품	기타동물뼈
0506901090	023290	농수산식품	기타동물뼈
0506902000	023290	농수산식품	기타동물뼈
0506909000	023290	농수산식품	기타동물뼈
0507101000	023210	농수산식품	상아
0507109000	023210	농수산식품	상아
0507901110	023310	농수산식품	녹용
0507901190	023310	농수산식품	녹용
0507901200	023310	농수산식품	녹용
0507902010	023900	농수산식품	기타축산물부산물
0507902020	023900	농수산식품	기타축산물부산물
0507902090	023900	농수산식품	기타축산물부산물
0508001000	525900	생활용품	기타공예품
0508002010	525200	생활용품	패각공예품
0508002020	525200	생활용품	패각공예품
0508002030	525200	생활용품	패각공예품
0508002040	525200	생활용품	패각공예품
0508002050	525200	생활용품	패각공예품
0508002060	525200	생활용품	패각공예품
0508002070	525200	생활용품	패각공예품
0508002090	525200	생활용품	패각공예품
0508009000	525900	생활용품	기타공예품
0510003000	023390	농수산식품	기타동물성한약재
0510004000	023390	농수산식품	기타동물성한약재
0510009000	023900	농수산식품	기타축산물부산물
0511100000	023900	농수산식품	기타축산물부산물
0511911010	047000	농수산식품	수산부산물
0511911090	047000	농수산식품	수산부산물
0511912000	047000	농수산식품	수산부산물
0511919000	047000	농수산식품	수산부산물
0511991000	023900	농수산식품	기타축산물부산물
0511992010	023900	농수산식품	기타축산물부산물
0511992090	023900	농수산식품	기타축산물부산물
0511993010	023900	농수산식품	기타축산물부산물
0511993020	023900	농수산식품	기타축산물부산물
0511993090	023900	농수산식품	기타축산물부산물
0511994000	023900	농수산식품	기타축산물부산물
0511995030	025000	농수산식품	모류
0511995090	025000	농수산식품	모류
0511996000	047000	농수산식품	수산부산물
0511999010	019000	농수산식품	기타농산물
0511999020	019000	농수산식품	기타농산물
0511999030	023900	농수산식품	기타축산물부산물
0511999040	023900	농수산식품	기타축산물부산물
0511999090	023900	농수산식품	기타축산물부산물
0601101000	012203	농수산식품	튜립
0601102000	012204	농수산식품	백합
0601104000	012206	농수산식품	히아신스
0601105000	012207	농수산식품	글라디올러스
0601106000	012208	농수산식품	아이리스
0601107000	012209	농수산식품	프리지아
0601108000	012210	농수산식품	수선
0601109000	012290	농수산식품	기타화초
0601201000	012203	농수산식품	튜립
0601202000	012204	농수산식품	백합
0601207000	012208	농수산식품	아이리스
0601208000	012209	농수산식품	프리지아
0601209010	012210	농수산식품	수선
0601209090	012290	농수산식품	기타화초
0602100000	032100	농수산식품	수목류
0602201000	012990	농수산식품	기타산식물
0602202000	012990	농수산식품	기타산식물
0602203000	012990	농수산식품	기타산식물
0602204000	012990	농수산식품	기타산식물
0602206000	012990	농수산식품	기타산식물
0602209000	012990	농수산식품	기타산식물
0602300000	012290	농수산식품	기타화초
0602400000	012201	농수산식품	장미
0602901010	012211	농수산식품	난초
0602901020	012212	농수산식품	카네이션
0602901030	012290	농수산식품	기타화초
0602901040	012290	농수산식품	기타화초
0602901050	012202	농수산식품	국화
0602901060	012290	농수산식품	기타화초
0602901090	012290	농수산식품	기타화초
0602902010	032100	농수산식품	수목류
0602902021	032100	농수산식품	수목류
0602902029	032100	농수산식품	수목류
0602902090	032100	농수산식품	수목류
0602909010	012290	농수산식품	기타화초
0602909030	012990	농수산식품	기타산식물
0602909040	012490	농수산식품	기타버섯류
0602909050	012910	농수산식품	잔디
0602909090	012990	농수산식품	기타산식물
0603110000	012201	농수산식품	장미
0603120000	012212	농수산식품	카네이션
0603131000	012211	농수산식품	난초
0603132000	012211	농수산식품	난초
0603139000	012211	농수산식품	난초
0603140000	012202	농수산식품	국화
0603150000	012204	농수산식품	백합
0603191000	012203	농수산식품	튜립
0603199000	012290	농수산식품	기타화초
0603900000	012290	농수산식품	기타화초
0604201000	033900	농수산식품	기타임산부산물
0604202000	033900	농수산식품	기타임산부산물
0604209000	013900	농수산식품	기타식물성물질
0604901000	013900	농수산식품	기타식물성물질
0604909000	013900	농수산식품	기타식물성물질
0701100000	011210	농수산식품	감자
0701900000	011210	농수산식품	감자
0702001000	012107	농수산식품	토마토
0702009000	012107	농수산식품	토마토
0703101010	012111	농수산식품	양파
0703101090	012111	농수산식품	양파
0703103000	012112	농수산식품	파
0703201000	012113	농수산식품	마늘
0703209000	012113	농수산식품	마늘
0703901000	012114	농수산식품	부추
0703902000	012190	농수산식품	기타채소
0703903000	012190	농수산식품	기타채소
0703909000	012190	농수산식품	기타채소
0704100000	012102	농수산식품	양배추
0704200000	012102	농수산식품	양배추
0704901000	012102	농수산식품	양배추
0704902000	012101	농수산식품	배추
0704909000	012101	농수산식품	배추
0705110000	012103	농수산식품	상추
0705190000	012103	농수산식품	상추
0705210000	012190	농수산식품	기타채소
0705290000	012190	농수산식품	기타채소
0706101000	012106	농수산식품	당근
0706102000	012105	농수산식품	무
0706901000	012105	농수산식품	무
0706902000	012118	농수산식품	겨자무
0706903000	012190	농수산식품	기타채소
0706904000	012190	농수산식품	기타채소
0706909000	012190	농수산식품	기타채소
0707000000	012108	농수산식품	오이
0708100000	011350	농수산식품	완두
0708200000	011390	농수산식품	기타두류
0708900000	011390	농수산식품	기타두류
0709200000	012115	농수산식품	아스파라거스
0709300000	012110	농수산식품	가지
0709400000	012190	농수산식품	기타채소
0709517000	012410	농수산식품	양송이
0709519000	012490	농수산식품	기타버섯류
0709520000	012490	농수산식품	기타버섯류
0709530000	012490	농수산식품	기타버섯류
0709540000	012450	농수산식품	표고버섯
0709550000	012440	농수산식품	송이버섯
0709560000	012490	농수산식품	기타버섯류
0709593000	012420	농수산식품	영지버섯
0709594010	012430	농수산식품	느타리버섯
0709594090	012430	농수산식품	느타리버섯
0709595000	012460	농수산식품	팽이버섯
0709599000	012490	농수산식품	기타버섯류
0709601000	012116	농수산식품	고추
0709609000	012116	농수산식품	고추
0709700000	012104	농수산식품	시금치
0709910000	012190	농수산식품	기타채소
0709920000	012190	농수산식품	기타채소
0709930000	012109	농수산식품	호박
0709991000	012310	농수산식품	고사리
0709992000	012330	농수산식품	고비
0709993000	012119	농수산식품	깻잎
0709999000	012190	농수산식품	기타채소
0710100000	011210	농수산식품	감자
0710210000	011350	농수산식품	완두
0710220000	011390	농수산식품	기타두류
0710290000	011390	농수산식품	기타두류
0710300000	012104	농수산식품	시금치
0710400000	012190	농수산식품	기타채소
0710801000	012111	농수산식품	양파
0710802000	012113	농수산식품	마늘
0710804000	012106	농수산식품	당근
0710805000	012310	농수산식품	고사리
0710806000	012440	농수산식품	송이버섯
0710807000	012116	농수산식품	고추
0710808010	012190	농수산식품	기타채소
0710808020	012190	농수산식품	기타채소
0710809010	012190	농수산식품	기타채소
0710809090	012190	농수산식품	기타채소
0710900000	012190	농수산식품	기타채소
0711200000	012190	농수산식품	기타채소
0711400000	012108	농수산식품	오이
0711510000	012490	농수산식품	기타버섯류
0711591000	012190	농수산식품	기타채소
0711599000	012490	농수산식품	기타버섯류
0711901000	012113	농수산식품	마늘
0711903000	012320	농수산식품	죽순
0711904000	012106	농수산식품	당근
0711905010	012310	농수산식품	고사리
0711905020	012330	농수산식품	고비
0711905091	012190	농수산식품	기타채소
0711905099	012190	농수산식품	기타채소
0711909000	012190	농수산식품	기타채소
0712200000	012111	농수산식품	양파
0712311000	012410	농수산식품	양송이
0712319000	012490	농수산식품	기타버섯류
0712320000	012490	농수산식품	기타버섯류
0712330000	012490	농수산식품	기타버섯류
0712340000	012450	농수산식품	표고버섯
0712391010	012440	농수산식품	송이버섯
0712391030	012420	농수산식품	영지버섯
0712391040	012430	농수산식품	느타리버섯
0712391050	012460	농수산식품	팽이버섯
0712391090	012490	농수산식품	기타버섯류
0712392000	012490	농수산식품	기타버섯류
0712901000	012113	농수산식품	마늘
0712902010	012310	농수산식품	고사리
0712902020	012105	농수산식품	무
0712902030	012112	농수산식품	파
0712902040	012106	농수산식품	당근
0712902050	012109	농수산식품	호박
0712902060	012102	농수산식품	양배추
0712902070	012190	농수산식품	기타채소
0712902080	012190	농수산식품	기타채소
0712902091	012190	농수산식품	기타채소
0712902092	012190	농수산식품	기타채소
0712902093	011210	농수산식품	감자
0712902094	012330	농수산식품	고비
0712902095	012190	농수산식품	기타채소
0712902096	012190	농수산식품	기타채소
0712902097	012190	농수산식품	기타채소
0712902099	012190	농수산식품	기타채소
0712909000	012190	농수산식품	기타채소
0713101000	011350	농수산식품	완두
0713102000	011350	농수산식품	완두
0713109000	011350	농수산식품	완두
0713200000	011390	농수산식품	기타두류
0713311000	011320	농수산식품	녹두
0713319000	011320	농수산식품	녹두
0713321000	011330	농수산식품	팥
0713329000	011330	농수산식품	팥
0713331000	011340	농수산식품	강낭콩
0713339000	011340	농수산식품	강낭콩
0713340000	011390	농수산식품	기타두류
0713350000	011390	농수산식품	기타두류
0713390000	011390	농수산식품	기타두류
0713400000	011390	농수산식품	기타두류
0713500000	011390	농수산식품	기타두류
0713600000	011390	농수산식품	기타두류
0713900000	011390	농수산식품	기타두류
0714101000	011230	농수산식품	타피오카
0714102010	011230	농수산식품	타피오카
0714102020	011230	농수산식품	타피오카
0714102090	011230	농수산식품	타피오카
0714103000	011230	농수산식품	타피오카
0714104000	011230	농수산식품	타피오카
0714201000	011220	농수산식품	고구마
0714202000	011220	농수산식품	고구마
0714203000	011220	농수산식품	고구마
0714204000	011220	농수산식품	고구마
0714301000	011220	농수산식품	고구마
0714309000	011220	농수산식품	고구마
0714401000	011220	농수산식품	고구마
0714409000	011220	농수산식품	고구마
0714501000	011220	농수산식품	고구마
0714509000	011220	농수산식품	고구마
0714901010	033900	농수산식품	기타임산부산물
0714901090	033900	농수산식품	기타임산부산물
0714909010	011290	농수산식품	기타서류
0714909090	011290	농수산식품	기타서류
0801110000	012560	농수산식품	코코넛
0801120000	012560	농수산식품	코코넛
0801190000	012560	농수산식품	코코넛
0801210000	011690	농수산식품	기타과실
0801220000	011690	농수산식품	기타과실
0801310000	011690	농수산식품	기타과실
0801320000	011690	농수산식품	기타과실
0802110000	012550	농수산식품	아몬드
0802120000	012550	농수산식품	아몬드
0802210000	012590	농수산식품	기타견과류
0802220000	012590	농수산식품	기타견과류
0802310000	012520	농수산식품	호두
0802320000	012520	농수산식품	호두
0802410000	012510	농수산식품	밤
0802420000	012510	농수산식품	밤
0802510000	012590	농수산식품	기타견과류
0802520000	012590	농수산식품	기타견과류
0802610000	012590	농수산식품	기타견과류
0802620000	012590	농수산식품	기타견과류
0802700000	012590	농수산식품	기타견과류
0802800000	012590	농수산식품	기타견과류
0802910000	012530	농수산식품	잣
0802920000	012530	농수산식품	잣
0802991010	012540	농수산식품	은행
0802991020	012540	농수산식품	은행
0802999000	012590	농수산식품	기타견과류
0803100000	011617	농수산식품	바나나
0803900000	011617	농수산식품	바나나
0804100000	011613	농수산식품	대추야자
0804200000	011614	농수산식품	무화과
0804300000	011615	농수산식품	파인애플
0804400000	011690	농수산식품	기타과실
0804501000	011690	농수산식품	기타과실
0804502000	011616	농수산식품	맹고
0804503000	011690	농수산식품	기타과실
0805100000	011618	농수산식품	오렌지
0805211000	011620	농수산식품	감귤
0805219000	011690	농수산식품	기타과실
0805220000	011690	농수산식품	기타과실
0805290000	011690	농수산식품	기타과실
0805400000	011690	농수산식품	기타과실
0805501000	011619	농수산식품	레몬
0805502010	011619	농수산식품	레몬
0805502020	011619	농수산식품	레몬
0805900000	011620	농수산식품	감귤
0806100000	011621	농수산식품	포도
0806200000	011621	농수산식품	포도
0807110000	011622	농수산식품	수박
0807191000	011624	농수산식품	참외
0807199000	011623	농수산식품	멜론
0807200000	011690	농수산식품	기타과실
0808100000	011601	농수산식품	사과
0808300000	011602	농수산식품	배
0808400000	011609	농수산식품	모과
0809100000	011605	농수산식품	살구
0809210000	011608	농수산식품	버찌
0809290000	011608	농수산식품	버찌
0809300000	011604	농수산식품	복숭아
0809401000	011606	농수산식품	자두
0809402000	011606	농수산식품	자두
0810100000	011603	농수산식품	딸기
0810200000	011690	농수산식품	기타과실
0810300000	011690	농수산식품	기타과실
0810400000	011690	농수산식품	기타과실
0810500000	011611	농수산식품	키위
0810600000	011690	농수산식품	기타과실
0810701000	011610	농수산식품	감
0810709000	011610	농수산식품	감
0810903000	011607	농수산식품	대추
0810905000	011612	농수산식품	매실
0810909000	011690	농수산식품	기타과실
0811100000	011603	농수산식품	딸기
0811200000	011690	농수산식품	기타과실
0811901000	012510	농수산식품	밤
0811902000	011690	농수산식품	기타과실
0811903000	011690	농수산식품	기타과실
0811909000	011690	농수산식품	기타과실
0812100000	011608	농수산식품	버찌
0812901000	011603	농수산식품	딸기
0812909000	011690	농수산식품	기타과실
0813100000	011605	농수산식품	살구
0813200000	011606	농수산식품	자두
0813300000	011601	농수산식품	사과
0813401000	011610	농수산식품	감
0813402000	011607	농수산식품	대추
0813409000	011690	농수산식품	기타과실
0813500000	016900	농수산식품	기타농산가공품
0814001000	013900	농수산식품	기타식물성물질
0814002000	013900	농수산식품	기타식물성물질
0901110000	015110	농수산식품	커피
0901120000	015110	농수산식품	커피
0901210000	015110	농수산식품	커피
0901220000	015110	농수산식품	커피
0901901000	015110	농수산식품	커피
0901902000	015110	농수산식품	커피
0902100000	015310	농수산식품	녹차
0902200000	015310	농수산식품	녹차
0902300000	015320	농수산식품	홍차
0902400000	015320	농수산식품	홍차
0903000000	011900	농수산식품	기타곡실류
0904110000	012190	농수산식품	기타채소
0904120000	012190	농수산식품	기타채소
0904210000	012116	농수산식품	고추
0904220000	012116	농수산식품	고추
0905100000	011900	농수산식품	기타곡실류
0905200000	011900	농수산식품	기타곡실류
0906110000	015600	농수산식품	식물성한약재
0906190000	015600	농수산식품	식물성한약재
0906200000	015600	농수산식품	식물성한약재
0907100000	015600	농수산식품	식물성한약재
0907200000	015600	농수산식품	식물성한약재
0908110000	015600	농수산식품	식물성한약재
0908120000	015600	농수산식품	식물성한약재
0908210000	015600	농수산식품	식물성한약재
0908220000	015600	농수산식품	식물성한약재
0908310000	015600	농수산식품	식물성한약재
0908320000	015600	농수산식품	식물성한약재
0909210000	015600	농수산식품	식물성한약재
0909220000	015600	농수산식품	식물성한약재
0909310000	015600	농수산식품	식물성한약재
0909320000	015600	농수산식품	식물성한약재
0909611000	015600	농수산식품	식물성한약재
0909612000	015600	농수산식품	식물성한약재
0909613000	015600	농수산식품	식물성한약재
0909621000	015600	농수산식품	식물성한약재
0909622000	015600	농수산식품	식물성한약재
0909623000	015600	농수산식품	식물성한약재
0910111000	012117	농수산식품	생강
0910112000	012117	농수산식품	생강
0910113000	012117	농수산식품	생강
0910119000	012117	농수산식품	생강
0910121000	012117	농수산식품	생강
0910122000	012117	농수산식품	생강
0910123000	012117	농수산식품	생강
0910129000	012117	농수산식품	생강
0910200000	014400	농수산식품	향신료
0910300000	014400	농수산식품	향신료
0910911000	014400	농수산식품	향신료
0910919000	014400	농수산식품	향신료
0910991000	014400	농수산식품	향신료
0910999000	014400	농수산식품	향신료
1001110000	011130	농수산식품	밀
1001190000	011130	농수산식품	밀
1001911000	011130	농수산식품	밀
1001919000	011130	농수산식품	밀
1001991010	013600	농수산식품	사료
1001991090	013600	농수산식품	사료
1001992010	011130	농수산식품	밀
1001992090	011130	농수산식품	밀
1001999010	011130	농수산식품	밀
1001999090	011130	농수산식품	밀
1002100000	011130	농수산식품	밀
1002900000	011130	농수산식품	밀
1003101000	011120	농수산식품	보리
1003102000	011120	농수산식품	보리
1003103000	011120	농수산식품	보리
1003109000	011120	농수산식품	보리
1003901000	011120	농수산식품	보리
1003902000	011120	농수산식품	보리
1003903000	011120	농수산식품	보리
1003909000	011120	농수산식품	보리
1004100000	011190	농수산식품	기타곡류
1004900000	011190	농수산식품	기타곡류
1005100000	011140	농수산식품	옥수수
1005901000	013600	농수산식품	사료
1005902000	011140	농수산식품	옥수수
1005909000	011140	농수산식품	옥수수
1006100000	011110	농수산식품	쌀
1006201000	011110	농수산식품	쌀
1006202000	011110	농수산식품	쌀
1006301000	011110	농수산식품	쌀
1006302000	011110	농수산식품	쌀
1006400000	011110	농수산식품	쌀
1007100000	011160	농수산식품	수수
1007900000	011160	농수산식품	수수
1008100000	011130	농수산식품	밀
1008211000	011150	농수산식품	조
1008219000	011150	농수산식품	조
1008291000	011190	농수산식품	기타곡류
1008299000	011190	농수산식품	기타곡류
1008300000	011190	농수산식품	기타곡류
1008400000	011190	농수산식품	기타곡류
1008500000	011190	농수산식품	기타곡류
1008600000	011190	농수산식품	기타곡류
1008900000	011430	농수산식품	밀가루
1101001000	011430	농수산식품	밀가루
1101002000	011490	농수산식품	기타곡분
1102200000	011440	농수산식품	옥수수가루
1102901000	011420	농수산식품	보리가루
1102902000	011410	농수산식품	쌀가루
1102903000	011490	농수산식품	기타곡분
1102909000	011490	농수산식품	기타곡분
1103110000	011430	농수산식품	밀가루
1103130000	011440	농수산식품	옥수수가루
1103191000	011420	농수산식품	보리가루
1103192000	011490	농수산식품	기타곡분
1103193000	011410	농수산식품	쌀가루
1103199000	011490	농수산식품	기타곡분
1103201000	011430	농수산식품	밀가루
1103202000	011410	농수산식품	쌀가루
1103203000	011420	농수산식품	보리가루
1103209000	011490	농수산식품	기타곡분
1104120000	011490	농수산식품	기타곡분
1104191000	011410	농수산식품	쌀가루
1104192000	011420	농수산식품	보리가루
1104199000	011490	농수산식품	기타곡분
1104220000	011490	농수산식품	기타곡분
1104230000	011490	농수산식품	기타곡분
1104291000	011490	농수산식품	기타곡분
1104292000	011420	농수산식품	보리가루
1104299000	011490	농수산식품	기타곡분
1104301000	011410	농수산식품	쌀가루
1104309000	011490	농수산식품	기타곡분
1105100000	011490	농수산식품	기타곡분
1105200000	011490	농수산식품	기타곡분
1106100000	011390	농수산식품	기타두류
1106201000	033900	농수산식품	기타임산부산물
1106209000	013900	농수산식품	기타식물성물질
1106300000	011690	농수산식품	기타과실
1107100000	011420	농수산식품	보리가루
1107201000	011420	농수산식품	보리가루
1107209000	011420	농수산식품	보리가루
1108110000	011430	농수산식품	밀가루
1108121000	011440	농수산식품	옥수수가루
1108129000	931220	바이오헬스	화학원료
1108130000	011490	농수산식품	기타곡분
1108141000	011490	농수산식품	기타곡분
1108149000	011490	농수산식품	기타곡분
1108191000	011490	농수산식품	기타곡분
1108199000	011490	농수산식품	기타곡분
1108200000	011490	농수산식품	기타곡분
1109000000	014100	농수산식품	빵제조용재료
1201101000	011310	농수산식품	대두
1201109000	011310	농수산식품	대두
1201901000	011310	농수산식품	대두
1201902000	011310	농수산식품	대두
1201903000	011310	농수산식품	대두
1201909000	011310	농수산식품	대두
1202301000	011510	농수산식품	땅콩
1202302000	011510	농수산식품	땅콩
1202410000	011510	농수산식품	땅콩
1202420000	011510	농수산식품	땅콩
1203000000	011590	농수산식품	기타채유종실
1204000000	011560	농수산식품	아마인
1205101000	011590	농수산식품	기타채유종실
1205109000	011590	농수산식품	기타채유종실
1205901000	011590	농수산식품	기타채유종실
1205909000	011590	농수산식품	기타채유종실
1206000000	011540	농수산식품	해바라기씨
1207100000	011590	농수산식품	기타채유종실
1207210000	011590	농수산식품	기타채유종실
1207291000	011590	농수산식품	기타채유종실
1207299000	011590	농수산식품	기타채유종실
1207300000	011550	농수산식품	피마자
1207400000	011520	농수산식품	참깨
1207500000	011590	농수산식품	기타채유종실
1207600000	011590	농수산식품	기타채유종실
1207700000	011590	농수산식품	기타채유종실
1207910000	011590	농수산식품	기타채유종실
1207991000	011530	농수산식품	들깨
1207992000	011590	농수산식품	기타채유종실
1207999000	011590	농수산식품	기타채유종실
1208100000	011310	농수산식품	대두
1208901000	011590	농수산식품	기타채유종실
1208909000	011590	농수산식품	기타채유종실
1209100000	017000	농수산식품	종자류
1209210000	017000	농수산식품	종자류
1209220000	017000	농수산식품	종자류
1209230000	017000	농수산식품	종자류
1209240000	017000	농수산식품	종자류
1209250000	017000	농수산식품	종자류
1209291000	017000	농수산식품	종자류
1209292000	017000	농수산식품	종자류
1209293000	017000	농수산식품	종자류
1209294000	011900	농수산식품	기타곡실류
1209299000	017000	농수산식품	종자류
1209300000	017000	농수산식품	종자류
1209911010	017000	농수산식품	종자류
1209911090	017000	농수산식품	종자류
1209912000	017000	농수산식품	종자류
1209913000	017000	농수산식품	종자류
1209914000	017000	농수산식품	종자류
1209915000	017000	농수산식품	종자류
1209919000	017000	농수산식품	종자류
1209991010	032200	농수산식품	종자류
1209991090	032200	농수산식품	종자류
1209992000	011900	농수산식품	기타곡실류
1209993000	011900	농수산식품	기타곡실류
1209994000	032200	농수산식품	종자류
1209999000	011900	농수산식품	기타곡실류
1210100000	011900	농수산식품	기타곡실류
1210201000	011900	농수산식품	기타곡실류
1210202000	011900	농수산식품	기타곡실류
1211201110	015510	농수산식품	수삼
1211201120	015510	농수산식품	수삼
1211201190	015510	농수산식품	수삼
1211201211	015520	농수산식품	백삼
1211201219	015520	농수산식품	백삼
1211201291	015520	농수산식품	백삼
1211201299	015520	농수산식품	백삼
1211201311	015530	농수산식품	홍삼
1211201319	015530	농수산식품	홍삼
1211201391	015530	농수산식품	홍삼
1211201399	015530	농수산식품	홍삼
1211202110	015520	농수산식품	백삼
1211202120	015520	농수산식품	백삼
1211202190	015520	농수산식품	백삼
1211202210	015530	농수산식품	홍삼
1211202220	015530	농수산식품	홍삼
1211202290	015530	농수산식품	홍삼
1211203100	015590	농수산식품	인삼의 기타 부분
1211203200	017000	농수산식품	종자류
1211209300	015590	농수산식품	인삼의 기타 부분
1211209900	015590	농수산식품	인삼의 기타 부분
1211301000	015600	농수산식품	식물성한약재
1211309000	015600	농수산식품	식물성한약재
1211401000	015600	농수산식품	식물성한약재
1211409000	015600	농수산식품	식물성한약재
1211501000	015600	농수산식품	식물성한약재
1211509000	015600	농수산식품	식물성한약재
1211601000	015600	농수산식품	식물성한약재
1211609000	014900	농수산식품	기타식물성재료
1211901100	015600	농수산식품	식물성한약재
1211901200	015600	농수산식품	식물성한약재
1211901300	015600	농수산식품	식물성한약재
1211901400	015600	농수산식품	식물성한약재
1211901500	015600	농수산식품	식물성한약재
1211901600	015600	농수산식품	식물성한약재
1211901700	015600	농수산식품	식물성한약재
1211901800	015600	농수산식품	식물성한약재
1211901910	015600	농수산식품	식물성한약재
1211901920	015600	농수산식품	식물성한약재
1211901930	015600	농수산식품	식물성한약재
1211901940	015600	농수산식품	식물성한약재
1211901950	033900	농수산식품	기타임산부산물
1211901960	015600	농수산식품	식물성한약재
1211901970	015600	농수산식품	식물성한약재
1211901980	015600	농수산식품	식물성한약재
1211901991	015600	농수산식품	식물성한약재
1211901992	015600	농수산식품	식물성한약재
1211901993	015600	농수산식품	식물성한약재
1211901999	015600	농수산식품	식물성한약재
1211909010	015600	농수산식품	식물성한약재
1211909090	014900	농수산식품	기타식물성재료
1212211010	044100	농수산식품	김
1212211020	044100	농수산식품	김
1212211030	044100	농수산식품	김
1212211090	044100	농수산식품	김
1212212010	044300	농수산식품	미역
1212212020	044300	농수산식품	미역
1212212030	044300	농수산식품	미역
1212212040	044300	농수산식품	미역
1212212090	044300	농수산식품	미역
1212213010	044200	농수산식품	톳
1212213020	044200	농수산식품	톳
1212213030	044200	농수산식품	톳
1212213090	044200	농수산식품	톳
1212214010	044900	농수산식품	기타해조류
1212214020	044900	농수산식품	기타해조류
1212214030	044900	농수산식품	기타해조류
1212214090	044900	농수산식품	기타해조류
1212215010	044900	농수산식품	기타해조류
1212215020	044900	농수산식품	기타해조류
1212215030	044900	농수산식품	기타해조류
1212215090	044900	농수산식품	기타해조류
1212216010	044900	농수산식품	기타해조류
1212216090	044900	농수산식품	기타해조류
1212217011	044900	농수산식품	기타해조류
1212217019	044900	농수산식품	기타해조류
1212217021	044900	농수산식품	기타해조류
1212217029	044900	농수산식품	기타해조류
1212217031	044900	농수산식품	기타해조류
1212217039	044900	농수산식품	기타해조류
1212218011	044900	농수산식품	기타해조류
1212218019	044900	농수산식품	기타해조류
1212218021	044900	농수산식품	기타해조류
1212218029	044900	농수산식품	기타해조류
1212218031	044900	농수산식품	기타해조류
1212218039	044900	농수산식품	기타해조류
1212219011	044900	농수산식품	기타해조류
1212219019	044900	농수산식품	기타해조류
1212219091	044900	농수산식품	기타해조류
1212219099	044900	농수산식품	기타해조류
1212291010	044100	농수산식품	김
1212291090	044100	농수산식품	김
1212292010	044300	농수산식품	미역
1212292090	044300	농수산식품	미역
1212293010	044200	농수산식품	톳
1212293090	044200	농수산식품	톳
1212294010	044900	농수산식품	기타해조류
1212294090	044900	농수산식품	기타해조류
1212295010	044900	농수산식품	기타해조류
1212295090	044900	농수산식품	기타해조류
1212296010	044900	농수산식품	기타해조류
1212296090	044900	농수산식품	기타해조류
1212297011	044900	농수산식품	기타해조류
1212297019	044900	농수산식품	기타해조류
1212297021	044900	농수산식품	기타해조류
1212297029	044900	농수산식품	기타해조류
1212297031	044900	농수산식품	기타해조류
1212297039	044900	농수산식품	기타해조류
1212298011	044900	농수산식품	기타해조류
1212298019	044900	농수산식품	기타해조류
1212298021	044900	농수산식품	기타해조류
1212298029	044900	농수산식품	기타해조류
1212298031	044900	농수산식품	기타해조류
1212298039	044900	농수산식품	기타해조류
1212299011	044900	농수산식품	기타해조류
1212299019	044900	농수산식품	기타해조류
1212299091	044900	농수산식품	기타해조류
1212299099	044900	농수산식품	기타해조류
1212910000	011900	농수산식품	기타곡실류
1212920000	011900	농수산식품	기타곡실류
1212930000	011900	농수산식품	기타곡실류
1212940000	011900	농수산식품	기타곡실류
1212992000	011900	농수산식품	기타곡실류
1212993000	011900	농수산식품	기타곡실류
1212996000	011900	농수산식품	기타곡실류
1212999000	011900	농수산식품	기타곡실류
1213000000	013600	농수산식품	사료
1214101000	013600	농수산식품	사료
1214109000	013600	농수산식품	사료
1214901000	013600	농수산식품	사료
1214909011	013600	농수산식품	사료
1214909019	013600	농수산식품	사료
1214909090	013600	농수산식품	사료
1301200000	931220	바이오헬스	화학원료
1301901000	033900	농수산식품	기타임산부산물
1301902010	931220	바이오헬스	화학원료
1301902090	013400	농수산식품	식물성액즙
1301909000	931220	바이오헬스	화학원료
1302110000	013400	농수산식품	식물성액즙
1302120000	931220	바이오헬스	화학원료
1302130000	931220	바이오헬스	화학원료
1302140000	013400	농수산식품	식물성액즙
1302191110	931220	바이오헬스	화학원료
1302191120	931220	바이오헬스	화학원료
1302191190	931220	바이오헬스	화학원료
1302191210	015530	농수산식품	홍삼
1302191220	931220	바이오헬스	화학원료
1302191290	931220	바이오헬스	화학원료
1302191900	015590	농수산식품	인삼의 기타 부분
1302192000	013400	농수산식품	식물성액즙
1302193000	033900	농수산식품	기타임산부산물
1302199010	931220	바이오헬스	화학원료
1302199020	013400	농수산식품	식물성액즙
1302199031	931220	바이오헬스	화학원료
1302199032	931220	바이오헬스	화학원료
1302199033	931220	바이오헬스	화학원료
1302199034	931220	바이오헬스	화학원료
1302199035	931220	바이오헬스	화학원료
1302199039	931220	바이오헬스	화학원료
1302199091	013400	농수산식품	식물성액즙
1302199099	013400	농수산식품	식물성액즙
1302200000	013400	농수산식품	식물성액즙
1302311000	044400	농수산식품	한천
1302312000	044400	농수산식품	한천
1302319000	044400	농수산식품	한천
1302320000	013400	농수산식품	식물성액즙
1302390000	013400	농수산식품	식물성액즙
1401102000	033900	농수산식품	기타임산부산물
1401109000	033900	농수산식품	기타임산부산물
1401200000	033900	농수산식품	기타임산부산물
1401900000	033900	농수산식품	기타임산부산물
1404200000	014900	농수산식품	기타식물성재료
1404901000	014900	농수산식품	기타식물성재료
1404902010	033900	농수산식품	기타임산부산물
1404902090	033900	농수산식품	기타임산부산물
1404903010	033900	농수산식품	기타임산부산물
1404903020	033900	농수산식품	기타임산부산물
1404903090	033900	농수산식품	기타임산부산물
1404904000	014900	농수산식품	기타식물성재료
1404905000	014900	농수산식품	기타식물성재료
1404906010	033900	농수산식품	기타임산부산물
1404906020	033900	농수산식품	기타임산부산물
1404906090	033900	농수산식품	기타임산부산물
1404909000	014900	농수산식품	기타식물성재료
1501101000	023120	농수산식품	돈지
1501109000	023120	농수산식품	돈지
1501200000	023120	농수산식품	돈지
1501900000	023190	농수산식품	기타동물성유지
1502101010	023110	농수산식품	우지
1502101090	023110	농수산식품	우지
1502109000	023110	농수산식품	우지
1502901000	023110	농수산식품	우지
1502909000	023190	농수산식품	기타동물성유지
1503002000	023190	농수산식품	기타동물성유지
1503009000	023190	농수산식품	기타동물성유지
1504101000	047000	농수산식품	수산부산물
1504109000	047000	농수산식품	수산부산물
1504200000	931220	바이오헬스	화학원료
1504301000	047000	농수산식품	수산부산물
1504309000	047000	농수산식품	수산부산물
1505001000	931220	바이오헬스	화학원료
1505009000	931220	바이오헬스	화학원료
1506001000	023190	농수산식품	기타동물성유지
1506009000	931220	바이오헬스	화학원료
1507101000	013110	농수산식품	대두유
1507102000	013110	농수산식품	대두유
1507109000	013110	농수산식품	대두유
1507901010	013110	농수산식품	대두유
1507901020	013110	농수산식품	대두유
1507901090	931220	바이오헬스	화학원료
1507909000	931220	바이오헬스	화학원료
1508100000	013190	농수산식품	기타식물성유지
1508901000	013190	농수산식품	기타식물성유지
1508909000	013190	농수산식품	기타식물성유지
1509200000	013140	농수산식품	올리브유
1509300000	013140	농수산식품	올리브유
1509400000	013140	농수산식품	올리브유
1509900000	931220	바이오헬스	화학원료
1510100000	013140	농수산식품	올리브유
1510900000	013140	농수산식품	올리브유
1511100000	013190	농수산식품	기타식물성유지
1511901000	013190	농수산식품	기타식물성유지
1511902000	013190	농수산식품	기타식물성유지
1511909000	013190	농수산식품	기타식물성유지
1512111000	013190	농수산식품	기타식물성유지
1512112000	931220	바이오헬스	화학원료
1512191010	013190	농수산식품	기타식물성유지
1512191020	013190	농수산식품	기타식물성유지
1512199010	013190	농수산식품	기타식물성유지
1512199020	013190	농수산식품	기타식물성유지
1512210000	013190	농수산식품	기타식물성유지
1512291000	931220	바이오헬스	화학원료
1512299000	013190	농수산식품	기타식물성유지
1513110000	013190	농수산식품	기타식물성유지
1513191000	013190	농수산식품	기타식물성유지
1513199000	013190	농수산식품	기타식물성유지
1513211000	013190	농수산식품	기타식물성유지
1513212000	013190	농수산식품	기타식물성유지
1513291010	931220	바이오헬스	화학원료
1513291020	013190	농수산식품	기타식물성유지
1513299000	013190	농수산식품	기타식물성유지
1514110000	013190	농수산식품	기타식물성유지
1514191000	013190	농수산식품	기타식물성유지
1514199000	013190	농수산식품	기타식물성유지
1514911000	013190	농수산식품	기타식물성유지
1514912000	013190	농수산식품	기타식물성유지
1514991010	013190	농수산식품	기타식물성유지
1514991020	013190	농수산식품	기타식물성유지
1514999000	013190	농수산식품	기타식물성유지
1515110000	013190	농수산식품	기타식물성유지
1515190000	013190	농수산식품	기타식물성유지
1515210000	013190	농수산식품	기타식물성유지
1515290000	013190	농수산식품	기타식물성유지
1515300000	931220	바이오헬스	화학원료
1515500000	013120	농수산식품	참기름
1515600000	013190	농수산식품	기타식물성유지
1515901000	013130	농수산식품	들기름
1515909010	013190	농수산식품	기타식물성유지
1515909020	013190	농수산식품	기타식물성유지
1515909030	013190	농수산식품	기타식물성유지
1515909040	013190	농수산식품	기타식물성유지
1515909090	013190	농수산식품	기타식물성유지
1516101000	023110	농수산식품	우지
1516102000	047000	농수산식품	수산부산물
1516109000	023190	농수산식품	기타동물성유지
1516201010	013190	농수산식품	기타식물성유지
1516201020	013190	농수산식품	기타식물성유지
1516201030	013190	농수산식품	기타식물성유지
1516201040	013130	농수산식품	들기름
1516201050	013120	농수산식품	참기름
1516202010	013190	농수산식품	기타식물성유지
1516202020	013190	농수산식품	기타식물성유지
1516202030	013190	농수산식품	기타식물성유지
1516202040	013190	농수산식품	기타식물성유지
1516202050	013110	농수산식품	대두유
1516202090	013190	농수산식품	기타식물성유지
1516300000	013190	농수산식품	기타식물성유지
1517100000	013210	농수산식품	마아가린
1517901000	013290	농수산식품	기타유지가공품
1517902000	013290	농수산식품	기타유지가공품
1517909000	013290	농수산식품	기타유지가공품
1518001000	013290	농수산식품	기타유지가공품
1518002000	013290	농수산식품	기타유지가공품
1518009010	013290	농수산식품	기타유지가공품
1518009090	013290	농수산식품	기타유지가공품
1520000000	014500	농수산식품	지방성물질
1521101000	931220	바이오헬스	화학원료
1521102000	013300	농수산식품	농산물왁스
1521109000	013300	농수산식품	농산물왁스
1521901000	047000	농수산식품	수산부산물
1521902000	931220	바이오헬스	화학원료
1521909000	013300	농수산식품	농산물왁스
1522000000	014500	농수산식품	지방성물질
1601001000	024110	농수산식품	소시지
1601009000	024110	농수산식품	소시지
1602100000	024190	농수산식품	기타육류가공품
1602201000	024190	농수산식품	기타육류가공품
1602209000	024190	농수산식품	기타육류가공품
1602311000	022230	농수산식품	칠면조고기
1602319000	022230	농수산식품	칠면조고기
1602321010	022210	농수산식품	닭고기
1602321090	022210	농수산식품	닭고기
1602329000	022210	농수산식품	닭고기
1602391000	022290	농수산식품	기타가금육류
1602399000	022290	농수산식품	기타가금육류
1602411000	022120	농수산식품	돼지고기
1602419000	022120	농수산식품	돼지고기
1602421000	022120	농수산식품	돼지고기
1602429000	022120	농수산식품	돼지고기
1602491000	022120	농수산식품	돼지고기
1602499000	022120	농수산식품	돼지고기
1602501000	022110	농수산식품	쇠고기
1602509000	022110	농수산식품	쇠고기
1602901000	024190	농수산식품	기타육류가공품
1602909000	024190	농수산식품	기타육류가공품
1603001000	024190	농수산식품	기타육류가공품
1603002000	024190	농수산식품	기타육류가공품
1603003000	047000	농수산식품	수산부산물
1603004000	047000	농수산식품	수산부산물
1603009000	047000	농수산식품	수산부산물
1604111000	046110	농수산식품	어류통조림
1604119000	046900	농수산식품	기타수산가공품
1604121000	046110	농수산식품	어류통조림
1604129000	046900	농수산식품	기타수산가공품
1604131000	046110	농수산식품	어류통조림
1604139000	046900	농수산식품	기타수산가공품
1604141011	046110	농수산식품	어류통조림
1604141012	046110	농수산식품	어류통조림
1604141019	046110	농수산식품	어류통조림
1604141021	046110	농수산식품	어류통조림
1604141029	046110	농수산식품	어류통조림
1604141031	046110	농수산식품	어류통조림
1604141039	046110	농수산식품	어류통조림
1604149000	046900	농수산식품	기타수산가공품
1604151000	046110	농수산식품	어류통조림
1604159000	046900	농수산식품	기타수산가공품
1604161000	046110	농수산식품	어류통조림
1604169000	046900	농수산식품	기타수산가공품
1604171000	046110	농수산식품	어류통조림
1604179000	046110	농수산식품	어류통조림
1604180000	046900	농수산식품	기타수산가공품
1604191010	046110	농수산식품	어류통조림
1604191020	046110	농수산식품	어류통조림
1604191090	046110	농수산식품	어류통조림
1604199010	046900	농수산식품	기타수산가공품
1604199090	046900	농수산식품	기타수산가공품
1604201000	046900	농수산식품	기타수산가공품
1604202000	046900	농수산식품	기타수산가공품
1604203000	046900	농수산식품	기타수산가공품
1604204010	046900	농수산식품	기타수산가공품
1604204090	046900	농수산식품	기타수산가공품
1604209000	046900	농수산식품	기타수산가공품
1604310000	046900	농수산식품	기타수산가공품
1604320000	046900	농수산식품	기타수산가공품
1605101010	046190	농수산식품	기타수산물통조림
1605101091	046900	농수산식품	기타수산가공품
1605101099	046900	농수산식품	기타수산가공품
1605109000	046190	농수산식품	기타수산물통조림
1605211000	046900	농수산식품	기타수산가공품
1605219000	046900	농수산식품	기타수산가공품
1605290000	046900	농수산식품	기타수산가공품
1605301000	046190	농수산식품	기타수산물통조림
1605309000	046900	농수산식품	기타수산가공품
1605401000	046190	농수산식품	기타수산물통조림
1605409000	046900	농수산식품	기타수산가공품
1605511000	046190	농수산식품	기타수산물통조림
1605519000	046900	농수산식품	기타수산가공품
1605520000	046900	농수산식품	기타수산가공품
1605531000	046190	농수산식품	기타수산물통조림
1605539000	046900	농수산식품	기타수산가공품
1605541000	046900	농수산식품	기타수산가공품
1605542010	046190	농수산식품	기타수산물통조림
1605542091	046900	농수산식품	기타수산가공품
1605542099	046900	농수산식품	기타수산가공품
1605550000	046900	농수산식품	기타수산가공품
1605561010	046190	농수산식품	기타수산물통조림
1605561090	046900	농수산식품	기타수산가공품
1605562010	046190	농수산식품	기타수산물통조림
1605562090	046900	농수산식품	기타수산가공품
1605569010	046190	농수산식품	기타수산물통조림
1605569090	046900	농수산식품	기타수산가공품
1605571000	046190	농수산식품	기타수산물통조림
1605579000	046900	농수산식품	기타수산가공품
1605581000	046190	농수산식품	기타수산물통조림
1605589000	046900	농수산식품	기타수산가공품
1605591010	046190	농수산식품	기타수산물통조림
1605591090	046900	농수산식품	기타수산가공품
1605592010	046190	농수산식품	기타수산물통조림
1605592090	046900	농수산식품	기타수산가공품
1605599010	046190	농수산식품	기타수산물통조림
1605599090	046900	농수산식품	기타수산가공품
1605611000	046190	농수산식품	기타수산물통조림
1605619000	046900	농수산식품	기타수산가공품
1605621000	046190	농수산식품	기타수산물통조림
1605629000	046900	농수산식품	기타수산가공품
1605631000	046190	농수산식품	기타수산물통조림
1605639000	046900	농수산식품	기타수산가공품
1605690000	046900	농수산식품	기타수산가공품
1701121000	015810	농수산식품	원당
1701122000	015810	농수산식품	원당
1701130000	015810	농수산식품	원당
1701141000	015810	농수산식품	원당
1701142000	015810	농수산식품	원당
1701910000	015820	농수산식품	정당
1701990000	015820	농수산식품	정당
1702111000	931220	바이오헬스	화학원료
1702119000	015890	농수산식품	기타당류
1702191000	931220	바이오헬스	화학원료
1702199000	015890	농수산식품	기타당류
1702201000	015890	농수산식품	기타당류
1702202000	015890	농수산식품	기타당류
1702301000	931220	바이오헬스	화학원료
1702302000	015890	농수산식품	기타당류
1702401000	931220	바이오헬스	화학원료
1702402000	015890	농수산식품	기타당류
1702500000	015890	농수산식품	기타당류
1702601000	931220	바이오헬스	화학원료
1702602000	015890	농수산식품	기타당류
1702901000	024210	농수산식품	꿀
1702902000	015890	농수산식품	기타당류
1702903000	931220	바이오헬스	화학원료
1702909000	015890	농수산식품	기타당류
1703101000	015830	농수산식품	당밀
1703109000	015830	농수산식품	당밀
1703901000	015830	농수산식품	당밀
1703909000	015830	농수산식품	당밀
1704100000	016110	농수산식품	검
1704901000	016120	농수산식품	사탕
1704902010	016120	농수산식품	사탕
1704902020	016120	농수산식품	사탕
1704902090	016120	농수산식품	사탕
1704909000	016120	농수산식품	사탕
1801001000	012560	농수산식품	코코넛
1801002000	012560	농수산식품	코코넛
1802001000	013500	농수산식품	박류
1802009000	013500	농수산식품	박류
1803100000	014900	농수산식품	기타식물성재료
1803200000	014900	농수산식품	기타식물성재료
1804000000	015220	농수산식품	코코아조제품
1805000000	015220	농수산식품	코코아조제품
1806100000	015220	농수산식품	코코아조제품
1806201000	015210	농수산식품	초코렛
1806209010	015220	농수산식품	코코아조제품
1806209090	015220	농수산식품	코코아조제품
1806311000	015210	농수산식품	초코렛
1806319000	015220	농수산식품	코코아조제품
1806321000	015210	농수산식품	초코렛
1806329000	015220	농수산식품	코코아조제품
1806901000	015210	농수산식품	초코렛
1806902111	016200	농수산식품	곡류가공품
1806902119	016200	농수산식품	곡류가공품
1806902191	016200	농수산식품	곡류가공품
1806902199	016200	농수산식품	곡류가공품
1806902210	016200	농수산식품	곡류가공품
1806902290	015220	농수산식품	코코아조제품
1806902910	016200	농수산식품	곡류가공품
1806902920	016200	농수산식품	곡류가공품
1806902991	016200	농수산식품	곡류가공품
1806902992	016200	농수산식품	곡류가공품
1806902999	016900	농수산식품	기타농산가공품
1806903010	016200	농수산식품	곡류가공품
1806903091	016200	농수산식품	곡류가공품
1806903099	016200	농수산식품	곡류가공품
1806909010	015220	농수산식품	코코아조제품
1806909090	015220	농수산식품	코코아조제품
1901101010	024320	농수산식품	분유
1901101090	024390	농수산식품	기타낙농품
1901109010	016200	농수산식품	곡류가공품
1901109090	016200	농수산식품	곡류가공품
1901201000	014100	농수산식품	빵제조용재료
1901202000	014100	농수산식품	빵제조용재료
1901209000	014100	농수산식품	빵제조용재료
1901901000	016900	농수산식품	기타농산가공품
1901902010	016900	농수산식품	기타농산가공품
1901902020	016900	농수산식품	기타농산가공품
1901909010	016900	농수산식품	기타농산가공품
1901909091	016900	농수산식품	기타농산가공품
1901909092	016900	농수산식품	기타농산가공품
1901909099	016900	농수산식품	기타농산가공품
1902111000	016400	농수산식품	면류
1902112000	016400	농수산식품	면류
1902119000	016400	농수산식품	면류
1902191000	016400	농수산식품	면류
1902192000	016400	농수산식품	면류
1902193000	016400	농수산식품	면류
1902199000	016400	농수산식품	면류
1902200000	016400	농수산식품	면류
1902301010	016400	농수산식품	면류
1902301090	016400	농수산식품	면류
1902309000	016400	농수산식품	면류
1902400000	016400	농수산식품	면류
1903001000	011230	농수산식품	타피오카
1903009000	011230	농수산식품	타피오카
1904101000	016200	농수산식품	곡류가공품
1904102000	016200	농수산식품	곡류가공품
1904103000	016200	농수산식품	곡류가공품
1904109000	016200	농수산식품	곡류가공품
1904201000	016200	농수산식품	곡류가공품
1904209000	016200	농수산식품	곡류가공품
1904300000	016200	농수산식품	곡류가공품
1904901010	016200	농수산식품	곡류가공품
1904901090	016200	농수산식품	곡류가공품
1904909000	016200	농수산식품	곡류가공품
1905100000	016300	농수산식품	빵
1905200000	016300	농수산식품	빵
1905310000	016130	농수산식품	비스킷
1905320000	016300	농수산식품	빵
1905400000	016300	농수산식품	빵
1905901010	016300	농수산식품	빵
1905901020	016130	농수산식품	비스킷
1905901030	016300	농수산식품	빵
1905901040	016130	농수산식품	비스킷
1905901050	016130	농수산식품	비스킷
1905901090	016300	농수산식품	빵
1905909010	016900	농수산식품	기타농산가공품
1905909020	016900	농수산식품	기타농산가공품
1905909090	016900	농수산식품	기타농산가공품
2001100000	012108	농수산식품	오이
2001901000	016900	농수산식품	기타농산가공품
2001909010	012112	농수산식품	파
2001909020	012107	농수산식품	토마토
2001909030	012102	농수산식품	양배추
2001909040	012190	농수산식품	기타채소
2001909050	012190	농수산식품	기타채소
2001909060	012113	농수산식품	마늘
2001909070	012111	농수산식품	양파
2001909090	012190	농수산식품	기타채소
2002100000	012107	농수산식품	토마토
2002901000	012107	농수산식품	토마토
2002909000	012107	농수산식품	토마토
2003104000	012410	농수산식품	양송이
2003109000	012490	농수산식품	기타버섯류
2003901000	012450	농수산식품	표고버섯
2003902000	012440	농수산식품	송이버섯
2003903000	012490	농수산식품	기타버섯류
2003909000	012490	농수산식품	기타버섯류
2004100000	011210	농수산식품	감자
2004901000	012190	농수산식품	기타채소
2004909000	012190	농수산식품	기타채소
2005101000	012190	농수산식품	기타채소
2005109000	012190	농수산식품	기타채소
2005201000	011210	농수산식품	감자
2005209000	011210	농수산식품	감자
2005400000	011350	농수산식품	완두
2005511000	011320	농수산식품	녹두
2005512000	011330	농수산식품	팥
2005519000	011390	농수산식품	기타두류
2005591000	011320	농수산식품	녹두
2005592000	011330	농수산식품	팥
2005599000	011390	농수산식품	기타두류
2005600000	012115	농수산식품	아스파라거스
2005700000	012190	농수산식품	기타채소
2005800000	012190	농수산식품	기타채소
2005910000	012320	농수산식품	죽순
2005991000	016900	농수산식품	기타농산가공품
2005992000	012190	농수산식품	기타채소
2005994000	012190	농수산식품	기타채소
2005999000	012190	농수산식품	기타채소
2006001000	012510	농수산식품	밤
2006002000	011615	농수산식품	파인애플
2006003000	012117	농수산식품	생강
2006004000	012190	농수산식품	기타채소
2006005000	011350	농수산식품	완두
2006006010	011390	농수산식품	기타두류
2006006090	011390	농수산식품	기타두류
2006007000	012115	농수산식품	아스파라거스
2006008000	012190	농수산식품	기타채소
2006009010	012190	농수산식품	기타채소
2006009020	012320	농수산식품	죽순
2006009030	012190	농수산식품	기타채소
2006009090	012190	농수산식품	기타채소
2007100000	016900	농수산식품	기타농산가공품
2007911000	016900	농수산식품	기타농산가공품
2007919000	016900	농수산식품	기타농산가공품
2007991000	016900	농수산식품	기타농산가공품
2007999000	016900	농수산식품	기타농산가공품
2008111000	011510	농수산식품	땅콩
2008119000	011510	농수산식품	땅콩
2008191000	012510	농수산식품	밤
2008192000	016900	농수산식품	기타농산가공품
2008193000	016900	농수산식품	기타농산가공품
2008199000	016900	농수산식품	기타농산가공품
2008200000	016900	농수산식품	기타농산가공품
2008301000	016900	농수산식품	기타농산가공품
2008309000	016900	농수산식품	기타농산가공품
2008400000	016900	농수산식품	기타농산가공품
2008500000	016900	농수산식품	기타농산가공품
2008600000	016900	농수산식품	기타농산가공품
2008701000	016900	농수산식품	기타농산가공품
2008709000	016900	농수산식품	기타농산가공품
2008800000	016900	농수산식품	기타농산가공품
2008910000	016900	농수산식품	기타농산가공품
2008930000	016900	농수산식품	기타농산가공품
2008971010	016900	농수산식품	기타농산가공품
2008971090	016900	농수산식품	기타농산가공품
2008972000	016900	농수산식품	기타농산가공품
2008979000	016900	농수산식품	기타농산가공품
2008991000	016900	농수산식품	기타농산가공품
2008992000	016900	농수산식품	기타농산가공품
2008993000	016900	농수산식품	기타농산가공품
2008994000	016900	농수산식품	기타농산가공품
2008995010	046900	농수산식품	기타수산가공품
2008995090	046900	농수산식품	기타수산가공품
2008999000	016900	농수산식품	기타농산가공품
2009110000	015940	농수산식품	과일주스
2009120000	015940	농수산식품	과일주스
2009190000	015940	농수산식품	과일주스
2009210000	015940	농수산식품	과일주스
2009290000	015940	농수산식품	과일주스
2009311000	015940	농수산식품	과일주스
2009312000	015940	농수산식품	과일주스
2009319000	015940	농수산식품	과일주스
2009391000	015940	농수산식품	과일주스
2009392000	015940	농수산식품	과일주스
2009399000	015940	농수산식품	과일주스
2009410000	015940	농수산식품	과일주스
2009490000	015940	농수산식품	과일주스
2009500000	015990	농수산식품	기타음료
2009610000	015940	농수산식품	과일주스
2009690000	015940	농수산식품	과일주스
2009710000	015940	농수산식품	과일주스
2009790000	015940	농수산식품	과일주스
2009810000	015940	농수산식품	과일주스
2009891010	015940	농수산식품	과일주스
2009891020	015940	농수산식품	과일주스
2009891030	015940	농수산식품	과일주스
2009891090	015940	농수산식품	과일주스
2009892000	015990	농수산식품	기타음료
2009901010	015940	농수산식품	과일주스
2009901020	015940	농수산식품	과일주스
2009901030	015940	농수산식품	과일주스
2009901090	015940	농수산식품	과일주스
2009902000	015990	농수산식품	기타음료
2009909000	015990	농수산식품	기타음료
2101111000	015120	농수산식품	커피조제품
2101119000	015120	농수산식품	커피조제품
2101121000	015120	농수산식품	커피조제품
2101129010	015120	농수산식품	커피조제품
2101129090	015120	농수산식품	커피조제품
2101201000	016900	농수산식품	기타농산가공품
2101209011	016900	농수산식품	기타농산가공품
2101209019	016900	농수산식품	기타농산가공품
2101209090	016900	농수산식품	기타농산가공품
2101301000	016900	농수산식품	기타농산가공품
2101309000	016900	농수산식품	기타농산가공품
2102101000	014200	농수산식품	효모류
2102102000	014200	농수산식품	효모류
2102103000	014200	농수산식품	효모류
2102104000	014200	농수산식품	효모류
2102109000	931220	바이오헬스	화학원료
2102201000	931220	바이오헬스	화학원료
2102202000	014200	농수산식품	효모류
2102203010	014200	농수산식품	효모류
2102203090	014200	농수산식품	효모류
2102204010	014200	농수산식품	효모류
2102204090	014200	농수산식품	효모류
2102209000	931220	바이오헬스	화학원료
2102300000	014200	농수산식품	효모류
2103100000	014310	농수산식품	간장
2103201000	014340	농수산식품	토마토케찹
2103202000	014390	농수산식품	기타소스류
2103301000	014350	농수산식품	겨자
2103302000	014350	농수산식품	겨자
2103901010	014320	농수산식품	된장
2103901020	014390	농수산식품	기타소스류
2103901030	014330	농수산식품	고추장
2103901090	014390	농수산식품	기타소스류
2103909010	014360	농수산식품	마요네스
2103909020	014370	농수산식품	카레
2103909030	014390	농수산식품	기타소스류
2103909040	014390	농수산식품	기타소스류
2103909050	014390	농수산식품	기타소스류
2103909090	014390	농수산식품	기타소스류
2104101000	024190	농수산식품	기타육류가공품
2104102000	046900	농수산식품	기타수산가공품
2104103000	012190	농수산식품	기타채소
2104109000	016900	농수산식품	기타농산가공품
2104200000	016900	농수산식품	기타농산가공품
2105001010	016500	농수산식품	빙과류
2105001090	016500	농수산식품	빙과류
2105009010	016500	농수산식품	빙과류
2105009090	016500	농수산식품	빙과류
2106101000	016900	농수산식품	기타농산가공품
2106109020	016900	농수산식품	기타농산가공품
2106109030	016900	농수산식품	기타농산가공품
2106901010	015920	농수산식품	음료베이스
2106901020	015920	농수산식품	음료베이스
2106901090	015920	농수산식품	음료베이스
2106902000	015990	농수산식품	기타음료
2106903011	015520	농수산식품	백삼
2106903019	015520	농수산식품	백삼
2106903021	015530	농수산식품	홍삼
2106903029	015530	농수산식품	홍삼
2106909010	015120	농수산식품	커피조제품
2106909021	024390	농수산식품	기타낙농품
2106909022	024390	농수산식품	기타낙농품
2106909023	024390	농수산식품	기타낙농품
2106909030	024390	농수산식품	기타낙농품
2106909040	014200	농수산식품	효모류
2106909050	016900	농수산식품	기타농산가공품
2106909060	012590	농수산식품	기타견과류
2106909070	016900	농수산식품	기타농산가공품
2106909080	016900	농수산식품	기타농산가공품
2106909091	024220	농수산식품	로얄제리
2106909099	024220	농수산식품	로얄제리
2201100000	015910	농수산식품	물
2201901000	015910	농수산식품	물
2201909000	015910	농수산식품	물
2202101000	015910	농수산식품	물
2202109000	015910	농수산식품	물
2202910000	015990	농수산식품	기타음료
2202991000	015930	농수산식품	인삼음료
2202992000	015940	농수산식품	과일주스
2202993000	015990	농수산식품	기타음료
2202999000	015990	농수산식품	기타음료
2203000000	015720	농수산식품	맥주
2204100000	015740	농수산식품	포도주
2204211000	015740	농수산식품	포도주
2204212000	015740	농수산식품	포도주
2204219000	015740	농수산식품	포도주
2204221000	015740	농수산식품	포도주
2204222000	015740	농수산식품	포도주
2204229000	015740	농수산식품	포도주
2204291000	015740	농수산식품	포도주
2204292000	015740	농수산식품	포도주
2204299000	015740	농수산식품	포도주
2204300000	015740	농수산식품	포도주
2205100000	015790	농수산식품	기타주류
2205900000	015790	농수산식품	기타주류
2206001010	015790	농수산식품	기타주류
2206001020	015790	농수산식품	기타주류
2206001090	015790	농수산식품	기타주류
2206002010	015790	농수산식품	기타주류
2206002020	015790	농수산식품	기타주류
2206002030	015790	농수산식품	기타주류
2206002090	015790	농수산식품	기타주류
2206009010	015790	농수산식품	기타주류
2206009090	015790	농수산식품	기타주류
2207101000	015790	농수산식품	기타주류
2207109010	015790	농수산식품	기타주류
2207109090	015790	농수산식품	기타주류
2207200000	015790	농수산식품	기타주류
2208201000	015790	농수산식품	기타주류
2208209000	015790	농수산식품	기타주류
2208301000	015750	농수산식품	위스키
2208302000	015750	농수산식품	위스키
2208303000	015750	농수산식품	위스키
2208309000	015750	농수산식품	위스키
2208400000	015760	농수산식품	브랜디
2208500000	015760	농수산식품	브랜디
2208600000	015790	농수산식품	기타주류
2208701000	015730	농수산식품	인삼주
2208702000	015790	농수산식품	기타주류
2208709000	015790	농수산식품	기타주류
2208901000	015760	농수산식품	브랜디
2208904000	015710	농수산식품	소주
2208906000	015790	농수산식품	기타주류
2208907000	015790	농수산식품	기타주류
2208909000	015790	농수산식품	기타주류
2209001000	016900	농수산식품	기타농산가공품
2209009000	016900	농수산식품	기타농산가공품
2301101000	023900	농수산식품	기타축산물부산물
2301102000	023900	농수산식품	기타축산물부산물
2301201000	046900	농수산식품	기타수산가공품
2301209000	046900	농수산식품	기타수산가공품
2302100000	013500	농수산식품	박류
2302300000	013500	농수산식품	박류
2302401000	013500	농수산식품	박류
2302409000	013500	농수산식품	박류
2302500000	013500	농수산식품	박류
2303100000	013500	농수산식품	박류
2303200000	013500	농수산식품	박류
2303301000	013500	농수산식품	박류
2303309000	013500	농수산식품	박류
2304000000	013500	농수산식품	박류
2305000000	013500	농수산식품	박류
2306100000	013500	농수산식품	박류
2306200000	013500	농수산식품	박류
2306300000	013500	농수산식품	박류
2306410000	013500	농수산식품	박류
2306490000	013500	농수산식품	박류
2306500000	013500	농수산식품	박류
2306600000	013500	농수산식품	박류
2306901000	013500	농수산식품	박류
2306902000	013500	농수산식품	박류
2306903000	013500	농수산식품	박류
2306909000	013500	농수산식품	박류
2307000000	013500	농수산식품	박류
2308001000	012590	농수산식품	기타견과류
2308002000	011690	농수산식품	기타과실
2308003000	013600	농수산식품	사료
2308009000	013600	농수산식품	사료
2309101000	013600	농수산식품	사료
2309102000	013600	농수산식품	사료
2309901010	013600	농수산식품	사료
2309901020	013600	농수산식품	사료
2309901030	013600	농수산식품	사료
2309901040	013600	농수산식품	사료
2309901091	013600	농수산식품	사료
2309901099	013600	농수산식품	사료
2309902010	013600	농수산식품	사료
2309902020	013600	농수산식품	사료
2309902030	013600	농수산식품	사료
2309902099	013600	농수산식품	사료
2309903010	013600	농수산식품	사료
2309903020	013600	농수산식품	사료
2309903030	013600	농수산식품	사료
2309903090	013600	농수산식품	사료
2309909010	013600	농수산식품	사료
2309909090	013600	농수산식품	사료
2401101000	015410	농수산식품	잎담배
2401102000	015410	농수산식품	잎담배
2401103000	015410	농수산식품	잎담배
2401109000	015410	농수산식품	잎담배
2401201000	015410	농수산식품	잎담배
2401202000	015410	농수산식품	잎담배
2401203000	015410	농수산식품	잎담배
2401209000	015410	농수산식품	잎담배
2401301000	015410	농수산식품	잎담배
2401302000	015410	농수산식품	잎담배
2401309000	015410	농수산식품	잎담배
2402101000	015420	농수산식품	제조담배
2402102000	015420	농수산식품	제조담배
2402103000	015420	농수산식품	제조담배
2402201000	015420	농수산식품	제조담배
2402209000	015420	농수산식품	제조담배
2402900000	015420	농수산식품	제조담배
2403110000	015420	농수산식품	제조담배
2403191000	015420	농수산식품	제조담배
2403199000	015420	농수산식품	제조담배
2403911000	015420	농수산식품	제조담배
2403919000	015420	농수산식품	제조담배
2403991000	015420	농수산식품	제조담배
2403992000	015420	농수산식품	제조담배
2403993000	015420	농수산식품	제조담배
2403994000	015420	농수산식품	제조담배
2403999000	015420	농수산식품	제조담배
2404110000	290010	기타	비연소 담배대용물
2404121000	290010	기타	비연소 담배대용물
2404129000	290010	기타	비연소 담배대용물
2404191000	290010	기타	비연소 담배대용물
2404199010	290010	기타	비연소 담배대용물
2404199090	290010	기타	비연소 담배대용물
2404910000	290010	기타	비연소 담배대용물
2404920000	290010	기타	비연소 담배대용물
2404990000	290010	기타	비연소 담배대용물
2501001010	122000	기타	소금
2501001020	122000	기타	소금
2501009010	122000	기타	소금
2501009020	931220	바이오헬스	화학원료
2501009090	122000	기타	소금
2502000000	112000	기타	철광
2503000000	129000	기타	기타비금속광물
2504101000	121000	기타	흑연
2504102000	121000	기타	흑연
2504109000	121000	기타	흑연
2504900000	121000	기타	흑연
2505100000	129000	기타	기타비금속광물
2505901010	129000	기타	기타비금속광물
2505901020	129000	기타	기타비금속광물
2505901090	129000	기타	기타비금속광물
2505909000	129000	기타	기타비금속광물
2506101000	129000	기타	기타비금속광물
2506102000	129000	기타	기타비금속광물
2506103000	129000	기타	기타비금속광물
2506200000	129000	기타	기타비금속광물
2507001010	931220	바이오헬스	화학원료
2507001090	931220	바이오헬스	화학원료
2507002000	123000	기타	고령토
2507009000	123000	기타	고령토
2508100000	123000	기타	고령토
2508300000	129000	기타	기타비금속광물
2508401000	123000	기타	고령토
2508402000	129000	기타	기타비금속광물
2508409000	123000	기타	고령토
2508501000	129000	기타	기타비금속광물
2508502000	129000	기타	기타비금속광물
2508503000	129000	기타	기타비금속광물
2508600000	129000	기타	기타비금속광물
2508701000	129000	기타	기타비금속광물
2508702000	129000	기타	기타비금속광물
2509000000	129000	기타	기타비금속광물
2510101000	129000	기타	기타비금속광물
2510109000	129000	기타	기타비금속광물
2510201000	129000	기타	기타비금속광물
2510202000	129000	기타	기타비금속광물
2510209000	129000	기타	기타비금속광물
2511100000	129000	기타	기타비금속광물
2511200000	129000	기타	기타비금속광물
2512000000	129000	기타	기타비금속광물
2513101000	129000	기타	기타비금속광물
2513109000	129000	기타	기타비금속광물
2513201010	129000	기타	기타비금속광물
2513201020	129000	기타	기타비금속광물
2513201030	129000	기타	기타비금속광물
2513201090	129000	기타	기타비금속광물
2513202010	129000	기타	기타비금속광물
2513202020	129000	기타	기타비금속광물
2513202030	129000	기타	기타비금속광물
2513202090	129000	기타	기타비금속광물
2514001000	129000	기타	기타비금속광물
2514009000	129000	기타	기타비금속광물
2515111000	129000	기타	기타비금속광물
2515112000	129000	기타	기타비금속광물
2515121000	129000	기타	기타비금속광물
2515122000	129000	기타	기타비금속광물
2515200000	129000	기타	기타비금속광물
2516110000	129000	기타	기타비금속광물
2516120000	129000	기타	기타비금속광물
2516201000	129000	기타	기타비금속광물
2516209000	129000	기타	기타비금속광물
2516901000	129000	기타	기타비금속광물
2516909000	129000	기타	기타비금속광물
2517101000	129000	기타	기타비금속광물
2517102000	129000	기타	기타비금속광물
2517109000	129000	기타	기타비금속광물
2517200000	129000	기타	기타비금속광물
2517300000	129000	기타	기타비금속광물
2517410000	129000	기타	기타비금속광물
2517491000	129000	기타	기타비금속광물
2517492000	129000	기타	기타비금속광물
2517499000	129000	기타	기타비금속광물
2518100000	124000	기타	석회석
2518200000	124000	기타	석회석
2519100000	129000	기타	기타비금속광물
2519901000	249000	기타	기타요업제품
2519902000	129000	기타	기타비금속광물
2519909000	931220	바이오헬스	화학원료
2520101000	129000	기타	기타비금속광물
2520102000	129000	기타	기타비금속광물
2520201000	932090	바이오헬스	기타
2520209000	129000	기타	기타비금속광물
2521001000	124000	기타	석회석
2521009000	124000	기타	석회석
2522100000	129000	기타	기타비금속광물
2522200000	129000	기타	기타비금속광물
2522300000	129000	기타	기타비금속광물
2523100000	241010	기타	시멘트크링커
2523210000	241020	기타	백시멘트
2523290000	241030	기타	포트랜드시멘트
2523300000	241090	기타	기타시멘트
2523901000	241090	기타	기타시멘트
2523909000	241090	기타	기타시멘트
2524100000	129000	기타	기타비금속광물
2524901000	129000	기타	기타비금속광물
2524902000	129000	기타	기타비금속광물
2524909000	129000	기타	기타비금속광물
2525100000	129000	기타	기타비금속광물
2525200000	129000	기타	기타비금속광물
2525300000	129000	기타	기타비금속광물
2526100000	129000	기타	기타비금속광물
2526200000	129000	기타	기타비금속광물
2528001000	129000	기타	기타비금속광물
2528002000	129000	기타	기타비금속광물
2528003000	129000	기타	기타비금속광물
2528004000	129000	기타	기타비금속광물
2528009000	129000	기타	기타비금속광물
2529100000	129000	기타	기타비금속광물
2529211000	129000	기타	기타비금속광물
2529219000	129000	기타	기타비금속광물
2529221000	129000	기타	기타비금속광물
2529229000	129000	기타	기타비금속광물
2529301000	129000	기타	기타비금속광물
2529302000	129000	기타	기타비금속광물
2529303000	129000	기타	기타비금속광물
2530101000	129000	기타	기타비금속광물
2530102000	129000	기타	기타비금속광물
2530200000	129000	기타	기타비금속광물
2530901000	119090	기타	기타금속광물
2530902000	119090	기타	기타금속광물
2530903000	129000	기타	기타비금속광물
2530904000	119090	기타	기타금속광물
2530905000	129000	기타	기타비금속광물
2530906000	129000	기타	기타비금속광물
2530907000	129000	기타	기타비금속광물
2530908000	129000	기타	기타비금속광물
2530909010	129000	기타	기타비금속광물
2530909020	129000	기타	기타비금속광물
2530909030	129000	기타	기타비금속광물
2530909040	129000	기타	기타비금속광물
2530909050	129000	기타	기타비금속광물
2530909091	129000	기타	기타비금속광물
2530909099	129000	기타	기타비금속광물
2601111000	112000	기타	철광
2601112000	112000	기타	철광
2601119000	112000	기타	철광
2601121000	112000	기타	철광
2601122000	112000	기타	철광
2601129000	112000	기타	철광
2601200000	112000	기타	철광
2602000000	119090	기타	기타금속광물
2603000000	113000	기타	동광
2604000000	117000	기타	니켈광
2605000000	119090	기타	기타금속광물
2606000000	114000	기타	알루미늄광
2607000000	119090	기타	기타금속광물
2608000000	116000	기타	아연광
2609000000	115000	기타	주석광
2610000000	119090	기타	기타금속광물
2611001000	119090	기타	기타금속광물
2611002000	119090	기타	기타금속광물
2611009000	119090	기타	기타금속광물
2612100000	136000	기타	우라늄
2612200000	119090	기타	기타금속광물
2613100000	119090	기타	기타금속광물
2613900000	119090	기타	기타금속광물
2614001000	119090	기타	기타금속광물
2614009000	119090	기타	기타금속광물
2615100000	119090	기타	기타금속광물
2615901000	119090	기타	기타금속광물
2615902000	119090	기타	기타금속광물
2615903000	119090	기타	기타금속광물
2616100000	111200	기타	은
2616901000	111100	기타	금
2616902000	111300	기타	백금
2617100000	119090	기타	기타금속광물
2617901000	119090	기타	기타금속광물
2617902000	119090	기타	기타금속광물
2617904000	119090	기타	기타금속광물
2617909000	119090	기타	기타금속광물
2618000000	119090	기타	기타금속광물
2619001010	119090	기타	기타금속광물
2619001090	119090	기타	기타금속광물
2619002000	119090	기타	기타금속광물
2619003000	119090	기타	기타금속광물
2619009000	119090	기타	기타금속광물
2620110000	119090	기타	기타금속광물
2620190000	119090	기타	기타금속광물
2620210000	119090	기타	기타금속광물
2620290000	119090	기타	기타금속광물
2620300000	119090	기타	기타금속광물
2620400000	119090	기타	기타금속광물
2620600000	119090	기타	기타금속광물
2620910000	119090	기타	기타금속광물
2620990000	119090	기타	기타금속광물
2621100000	119010	기타	슬래그, 회(灰)와 잔재물
2621901000	119010	기타	슬래그, 회(灰)와 잔재물
2621902000	119010	기타	슬래그, 회(灰)와 잔재물
2621909000	119010	기타	슬래그, 회(灰)와 잔재물
2701110000	132100	기타	무연탄
2701121000	132200	기타	유연탄
2701122000	132200	기타	유연탄
2701129010	132200	기타	유연탄
2701129090	132200	기타	유연탄
2701190000	132900	기타	기타석탄
2701201000	132900	기타	기타석탄
2701202000	132900	기타	기타석탄
2701209000	132900	기타	기타석탄
2702100000	132300	기타	갈탄
2702200000	132300	기타	갈탄
2703001000	132400	기타	토탄
2703002000	132400	기타	토탄
2704001010	132900	기타	기타석탄
2704001090	132900	기타	기타석탄
2704002000	132900	기타	기타석탄
2704003000	132900	기타	기타석탄
2705000000	190000	기타	기타광산물
2706001000	190000	기타	기타광산물
2706009000	190000	기타	기타광산물
2707100000	211040	석유화학	벤젠
2707200000	211050	석유화학	톨루엔
2707300000	211060	석유화학	혼합크실렌
2707400000	219000	석유화학	기타석유화학제품
2707500000	211060	석유화학	혼합크실렌
2707910000	219000	석유화학	기타석유화학제품
2707991000	219000	석유화학	기타석유화학제품
2707992000	219000	석유화학	기타석유화학제품
2707993000	219000	석유화학	기타석유화학제품
2707999000	219000	석유화학	기타석유화학제품
2708100000	133900	석유제품	기타석유제품
2708200000	133900	석유제품	기타석유제품
2709001010	131000	기타	원유
2709001020	131000	기타	원유
2709001030	131000	기타	원유
2709001040	131000	기타	원유
2709001050	131000	기타	원유
2709001060	131000	기타	원유
2709001070	131000	기타	원유
2709001080	131000	기타	원유
2709001090	131000	기타	원유
2709002000	131000	기타	원유
2710121000	133120	석유제품	자동차휘발유
2710122000	133110	석유제품	항공휘발유
2710123000	133900	석유제품	기타석유제품
2710124000	133400	석유제품	나프타
2710125000	133400	석유제품	나프타
2710129000	133900	석유제품	기타석유제품
2710191010	133310	석유제품	제트유
2710191090	133900	석유제품	기타석유제품
2710192010	133320	석유제품	등유
2710192020	133310	석유제품	제트유
2710192030	219000	석유화학	기타석유화학제품
2710192090	133900	석유제품	기타석유제품
2710193000	133200	석유제품	경유
2710194010	133510	석유제품	벙커-A유
2710194020	133520	석유제품	벙커-B유
2710194030	133530	석유제품	벙커-C유
2710194090	133590	석유제품	기타중유
2710195010	133600	석유제품	윤활유
2710195020	133600	석유제품	윤활유
2710196000	133600	석유제품	윤활유
2710197110	133600	석유제품	윤활유
2710197120	133600	석유제품	윤활유
2710197130	133600	석유제품	윤활유
2710197190	133600	석유제품	윤활유
2710197210	133600	석유제품	윤활유
2710197220	133600	석유제품	윤활유
2710197230	133600	석유제품	윤활유
2710197240	133600	석유제품	윤활유
2710197250	133600	석유제품	윤활유
2710197310	133600	석유제품	윤활유
2710197320	133600	석유제품	윤활유
2710197330	133600	석유제품	윤활유
2710197410	133600	석유제품	윤활유
2710197420	133600	석유제품	윤활유
2710197430	133600	석유제품	윤활유
2710197440	133600	석유제품	윤활유
2710197450	133600	석유제품	윤활유
2710197510	133600	석유제품	윤활유
2710197520	133600	석유제품	윤활유
2710197530	133600	석유제품	윤활유
2710197540	133600	석유제품	윤활유
2710197900	133600	석유제품	윤활유
2710198010	133600	석유제품	윤활유
2710198020	133600	석유제품	윤활유
2710198030	133600	석유제품	윤활유
2710198040	133600	석유제품	윤활유
2710198090	133600	석유제품	윤활유
2710199000	133600	석유제품	윤활유
2710201010	133120	석유제품	자동차휘발유
2710201020	133110	석유제품	항공휘발유
2710201030	133900	석유제품	기타석유제품
2710201040	133400	석유제품	나프타
2710201050	133400	석유제품	나프타
2710201090	133900	석유제품	기타석유제품
2710209110	133310	석유제품	제트유
2710209190	133900	석유제품	기타석유제품
2710209210	133320	석유제품	등유
2710209220	133310	석유제품	제트유
2710209230	219000	석유화학	기타석유화학제품
2710209290	133900	석유제품	기타석유제품
2710209300	133200	석유제품	경유
2710209410	133510	석유제품	벙커-A유
2710209420	133520	석유제품	벙커-B유
2710209430	133530	석유제품	벙커-C유
2710209490	133590	석유제품	기타중유
2710209510	133600	석유제품	윤활유
2710209520	133600	석유제품	윤활유
2710209600	133600	석유제품	윤활유
2710209711	133600	석유제품	윤활유
2710209712	133600	석유제품	윤활유
2710209713	133600	석유제품	윤활유
2710209719	133600	석유제품	윤활유
2710209721	133600	석유제품	윤활유
2710209722	133600	석유제품	윤활유
2710209723	133600	석유제품	윤활유
2710209724	133600	석유제품	윤활유
2710209725	133600	석유제품	윤활유
2710209731	133600	석유제품	윤활유
2710209732	133600	석유제품	윤활유
2710209733	133600	석유제품	윤활유
2710209741	133600	석유제품	윤활유
2710209742	133600	석유제품	윤활유
2710209743	133600	석유제품	윤활유
2710209744	133600	석유제품	윤활유
2710209745	133600	석유제품	윤활유
2710209751	133600	석유제품	윤활유
2710209752	133600	석유제품	윤활유
2710209753	133600	석유제품	윤활유
2710209754	133600	석유제품	윤활유
2710209790	133600	석유제품	윤활유
2710209810	133600	석유제품	윤활유
2710209820	133600	석유제품	윤활유
2710209830	133600	석유제품	윤활유
2710209840	133600	석유제품	윤활유
2710209890	133600	석유제품	윤활유
2710209900	133600	석유제품	윤활유
2710911010	133900	석유제품	기타석유제품
2710911020	133400	석유제품	나프타
2710911090	133900	석유제품	기타석유제품
2710912010	133900	석유제품	기타석유제품
2710912090	133900	석유제품	기타석유제품
2710913000	133200	석유제품	경유
2710914010	133590	석유제품	기타중유
2710914090	133590	석유제품	기타중유
2710915000	133600	석유제품	윤활유
2710919000	133600	석유제품	윤활유
2710991010	133900	석유제품	기타석유제품
2710991020	133400	석유제품	나프타
2710991090	133900	석유제품	기타석유제품
2710992010	133900	석유제품	기타석유제품
2710992090	133900	석유제품	기타석유제품
2710993000	133200	석유제품	경유
2710994010	133590	석유제품	기타중유
2710994090	133590	석유제품	기타중유
2710995000	133600	석유제품	윤활유
2710999000	133600	석유제품	윤활유
2711110000	134010	기타	LNG(액상천연가스)
2711120000	135010	기타	프로판
2711130000	135020	기타	부탄
2711141000	211090	석유화학	기타기초유분
2711142000	211090	석유화학	기타기초유분
2711143000	211090	석유화학	기타기초유분
2711144000	211090	석유화학	기타기초유분
2711190000	133900	석유제품	기타석유제품
2711210000	134020	기타	PNG(배관천연가스)
2711290000	133900	석유제품	기타석유제품
2712101000	133900	석유제품	기타석유제품
2712109000	133900	석유제품	기타석유제품
2712200000	133900	석유제품	기타석유제품
2712901010	133900	석유제품	기타석유제품
2712901020	133900	석유제품	기타석유제품
2712901090	133900	석유제품	기타석유제품
2712909010	133900	석유제품	기타석유제품
2712909020	133900	석유제품	기타석유제품
2712909030	133900	석유제품	기타석유제품
2712909040	133900	석유제품	기타석유제품
2712909090	133900	석유제품	기타석유제품
2713110000	133900	석유제품	기타석유제품
2713120000	133900	석유제품	기타석유제품
2713200000	133900	석유제품	기타석유제품
2713900000	133900	석유제품	기타석유제품
2714100000	133900	석유제품	기타석유제품
2714901000	133900	석유제품	기타석유제품
2714902000	133900	석유제품	기타석유제품
2714903000	133900	석유제품	기타석유제품
2715001000	133900	석유제품	기타석유제품
2715002000	133900	석유제품	기타석유제품
2715003000	133900	석유제품	기타석유제품
2715009000	133900	석유제품	기타석유제품
2716000000	190000	기타	기타광산물
2801100000	228900	기타	기타정밀화학원료
2801200000	228900	기타	기타정밀화학원료
2801301000	228900	기타	기타정밀화학원료
2801302000	228900	기타	기타정밀화학원료
2802001000	228900	기타	기타정밀화학원료
2802002000	228900	기타	기타정밀화학원료
2802003000	228900	기타	기타정밀화학원료
2803001000	228900	기타	기타정밀화학원료
2803009011	228900	기타	기타정밀화학원료
2803009019	228900	기타	기타정밀화학원료
2803009090	228900	기타	기타정밀화학원료
2804100000	228900	기타	기타정밀화학원료
2804210000	228900	기타	기타정밀화학원료
2804291000	228900	기타	기타정밀화학원료
2804292000	228900	기타	기타정밀화학원료
2804293000	228900	기타	기타정밀화학원료
2804294000	228900	기타	기타정밀화학원료
2804299000	228900	기타	기타정밀화학원료
2804300000	228900	기타	기타정밀화학원료
2804400000	228900	기타	기타정밀화학원료
2804501000	228900	기타	기타정밀화학원료
2804502000	228900	기타	기타정밀화학원료
2804611010	228900	기타	기타정밀화학원료
2804611090	228900	기타	기타정밀화학원료
2804619000	228900	기타	기타정밀화학원료
2804690000	228900	기타	기타정밀화학원료
2804701000	228900	기타	기타정밀화학원료
2804709000	228900	기타	기타정밀화학원료
2804800000	228900	기타	기타정밀화학원료
2804900000	228900	기타	기타정밀화학원료
2805110000	228900	기타	기타정밀화학원료
2805120000	228900	기타	기타정밀화학원료
2805190000	228900	기타	기타정밀화학원료
2805301000	228900	기타	기타정밀화학원료
2805302000	228900	기타	기타정밀화학원료
2805303000	228900	기타	기타정밀화학원료
2805304000	228900	기타	기타정밀화학원료
2805305000	228900	기타	기타정밀화학원료
2805309000	228900	기타	기타정밀화학원료
2805400000	228900	기타	기타정밀화학원료
2806100000	228900	기타	기타정밀화학원료
2806200000	228900	기타	기타정밀화학원료
2807001010	228100	기타	황산
2807001090	228100	기타	황산
2807002000	228900	기타	기타정밀화학원료
2808001010	228900	기타	기타정밀화학원료
2808001090	228900	기타	기타정밀화학원료
2808002000	228900	기타	기타정밀화학원료
2809100000	228900	기타	기타정밀화학원료
2809201010	228900	기타	기타정밀화학원료
2809201090	228900	기타	기타정밀화학원료
2809202000	228900	기타	기타정밀화학원료
2810001010	228900	기타	기타정밀화학원료
2810001090	228900	기타	기타정밀화학원료
2810002000	228900	기타	기타정밀화학원료
2810009000	931220	바이오헬스	화학원료
2811111000	228900	기타	기타정밀화학원료
2811119000	228900	기타	기타정밀화학원료
2811120000	228900	기타	기타정밀화학원료
2811192000	228900	기타	기타정밀화학원료
2811193000	228900	기타	기타정밀화학원료
2811196000	228900	기타	기타정밀화학원료
2811199000	228900	기타	기타정밀화학원료
2811210000	931220	바이오헬스	화학원료
2811221000	228900	기타	기타정밀화학원료
2811229010	228900	기타	기타정밀화학원료
2811229090	931220	바이오헬스	화학원료
2811291000	228900	기타	기타정밀화학원료
2811292000	228900	기타	기타정밀화학원료
2811299000	931220	바이오헬스	화학원료
2812110000	228900	기타	기타정밀화학원료
2812120000	228900	기타	기타정밀화학원료
2812130000	228900	기타	기타정밀화학원료
2812140000	228900	기타	기타정밀화학원료
2812150000	228900	기타	기타정밀화학원료
2812160000	228900	기타	기타정밀화학원료
2812170000	228900	기타	기타정밀화학원료
2812190000	228900	기타	기타정밀화학원료
2812901000	228900	기타	기타정밀화학원료
2812902000	228900	기타	기타정밀화학원료
2812903010	228900	기타	기타정밀화학원료
2812903090	228900	기타	기타정밀화학원료
2812909000	228900	기타	기타정밀화학원료
2813100000	228900	기타	기타정밀화학원료
2813900000	228900	기타	기타정밀화학원료
2814100000	228200	기타	암모니아수
2814200000	228200	기타	암모니아수
2815110000	931220	바이오헬스	화학원료
2815120000	228300	기타	수산화나트륨
2815200000	228900	기타	기타정밀화학원료
2815300000	228900	기타	기타정밀화학원료
2816101000	931220	바이오헬스	화학원료
2816102000	228900	기타	기타정밀화학원료
2816400000	228900	기타	기타정밀화학원료
2817001000	228900	기타	기타정밀화학원료
2817002000	228900	기타	기타정밀화학원료
2818101000	228900	기타	기타정밀화학원료
2818109000	228900	기타	기타정밀화학원료
2818201000	228900	기타	기타정밀화학원료
2818209000	228900	기타	기타정밀화학원료
2818301000	931220	바이오헬스	화학원료
2818309000	228900	기타	기타정밀화학원료
2819100000	228900	기타	기타정밀화학원료
2819901010	228900	기타	기타정밀화학원료
2819901090	228900	기타	기타정밀화학원료
2819902000	228900	기타	기타정밀화학원료
2820100000	228900	기타	기타정밀화학원료
2820900000	228900	기타	기타정밀화학원료
2821101000	228900	기타	기타정밀화학원료
2821102000	228900	기타	기타정밀화학원료
2821200000	228900	기타	기타정밀화학원료
2822001010	228900	기타	기타정밀화학원료
2822001091	228900	기타	기타정밀화학원료
2822001099	228900	기타	기타정밀화학원료
2822002010	228900	기타	기타정밀화학원료
2822002090	228900	기타	기타정밀화학원료
2823001000	228900	기타	기타정밀화학원료
2823009000	228900	기타	기타정밀화학원료
2824100000	228900	기타	기타정밀화학원료
2824901000	228900	기타	기타정밀화학원료
2824909000	228900	기타	기타정밀화학원료
2825101000	228900	기타	기타정밀화학원료
2825102000	228900	기타	기타정밀화학원료
2825109000	228900	기타	기타정밀화학원료
2825201000	228900	기타	기타정밀화학원료
2825202000	228900	기타	기타정밀화학원료
2825301000	228900	기타	기타정밀화학원료
2825309000	228900	기타	기타정밀화학원료
2825401000	228900	기타	기타정밀화학원료
2825402000	228900	기타	기타정밀화학원료
2825501000	228900	기타	기타정밀화학원료
2825502010	226120	기타	농약원제
2825502090	228900	기타	기타정밀화학원료
2825601000	228900	기타	기타정밀화학원료
2825602000	228900	기타	기타정밀화학원료
2825701000	228900	기타	기타정밀화학원료
2825702000	228900	기타	기타정밀화학원료
2825800000	228900	기타	기타정밀화학원료
2825901010	228900	기타	기타정밀화학원료
2825901020	228900	기타	기타정밀화학원료
2825901030	228900	기타	기타정밀화학원료
2825901040	228900	기타	기타정밀화학원료
2825901090	228900	기타	기타정밀화학원료
2825902010	931220	바이오헬스	화학원료
2825902050	228900	기타	기타정밀화학원료
2825902090	228900	기타	기타정밀화학원료
2825903000	228900	기타	기타정밀화학원료
2825909000	228900	기타	기타정밀화학원료
2826120000	228900	기타	기타정밀화학원료
2826191000	228900	기타	기타정밀화학원료
2826193010	228900	기타	기타정밀화학원료
2826193090	228900	기타	기타정밀화학원료
2826194000	228900	기타	기타정밀화학원료
2826195000	228900	기타	기타정밀화학원료
2826199000	228900	기타	기타정밀화학원료
2826300000	228900	기타	기타정밀화학원료
2826901000	228900	기타	기타정밀화학원료
2826902000	228900	기타	기타정밀화학원료
2826903000	228900	기타	기타정밀화학원료
2826904000	931220	바이오헬스	화학원료
2826905000	228900	기타	기타정밀화학원료
2826906000	228900	기타	기타정밀화학원료
2826909000	836220	기타	전해액
2827100000	931220	바이오헬스	화학원료
2827200000	931220	바이오헬스	화학원료
2827310000	931220	바이오헬스	화학원료
2827320000	931220	바이오헬스	화학원료
2827350000	228900	기타	기타정밀화학원료
2827391000	228900	기타	기타정밀화학원료
2827399000	931220	바이오헬스	화학원료
2827411000	228900	기타	기타정밀화학원료
2827412010	226120	기타	농약원제
2827412090	228900	기타	기타정밀화학원료
2827491000	228900	기타	기타정밀화학원료
2827492000	228900	기타	기타정밀화학원료
2827511000	228900	기타	기타정밀화학원료
2827512000	228900	기타	기타정밀화학원료
2827590000	228900	기타	기타정밀화학원료
2827601000	228900	기타	기타정밀화학원료
2827609010	931220	바이오헬스	화학원료
2827609090	228900	기타	기타정밀화학원료
2828100000	931220	바이오헬스	화학원료
2828901000	228900	기타	기타정밀화학원료
2828909000	228900	기타	기타정밀화학원료
2829110000	228900	기타	기타정밀화학원료
2829190000	228900	기타	기타정밀화학원료
2829901000	228900	기타	기타정밀화학원료
2829909000	228900	기타	기타정밀화학원료
2830101000	228900	기타	기타정밀화학원료
2830109000	228900	기타	기타정밀화학원료
2830901000	228900	기타	기타정밀화학원료
2830902000	228900	기타	기타정밀화학원료
2831101000	228900	기타	기타정밀화학원료
2831102000	228900	기타	기타정밀화학원료
2831900000	228900	기타	기타정밀화학원료
2832100000	931220	바이오헬스	화학원료
2832200000	228900	기타	기타정밀화학원료
2832302000	228900	기타	기타정밀화학원료
2832309000	228900	기타	기타정밀화학원료
2833110000	931220	바이오헬스	화학원료
2833190000	228900	기타	기타정밀화학원료
2833210000	931220	바이오헬스	화학원료
2833221000	228900	기타	기타정밀화학원료
2833229000	228900	기타	기타정밀화학원료
2833240000	228900	기타	기타정밀화학원료
2833251000	226120	기타	농약원제
2833259000	228900	기타	기타정밀화학원료
2833270000	228900	기타	기타정밀화학원료
2833291000	228900	기타	기타정밀화학원료
2833292010	228900	기타	기타정밀화학원료
2833292090	228900	기타	기타정밀화학원료
2833293010	228900	기타	기타정밀화학원료
2833293090	228900	기타	기타정밀화학원료
2833299000	931220	바이오헬스	화학원료
2833300000	228900	기타	기타정밀화학원료
2833401000	228900	기타	기타정밀화학원료
2833402000	228900	기타	기타정밀화학원료
2833409000	228900	기타	기타정밀화학원료
2834100000	228900	기타	기타정밀화학원료
2834210000	228900	기타	기타정밀화학원료
2834291000	228900	기타	기타정밀화학원료
2834299000	228900	기타	기타정밀화학원료
2835101000	228900	기타	기타정밀화학원료
2835109000	228900	기타	기타정밀화학원료
2835221000	931220	바이오헬스	화학원료
2835222000	931220	바이오헬스	화학원료
2835240000	931220	바이오헬스	화학원료
2835250000	931220	바이오헬스	화학원료
2835260000	931220	바이오헬스	화학원료
2835291000	228900	기타	기타정밀화학원료
2835299000	228900	기타	기타정밀화학원료
2835310000	228900	기타	기타정밀화학원료
2835391000	228900	기타	기타정밀화학원료
2835392000	228900	기타	기타정밀화학원료
2835399000	228900	기타	기타정밀화학원료
2836200000	228900	기타	기타정밀화학원료
2836300000	931220	바이오헬스	화학원료
2836400000	228900	기타	기타정밀화학원료
2836500000	931220	바이오헬스	화학원료
2836600000	228900	기타	기타정밀화학원료
2836910000	228900	기타	기타정밀화학원료
2836920000	228900	기타	기타정밀화학원료
2836991010	931220	바이오헬스	화학원료
2836991020	228900	기타	기타정밀화학원료
2836991031	228900	기타	기타정밀화학원료
2836991039	228900	기타	기타정밀화학원료
2836991090	228900	기타	기타정밀화학원료
2836992000	228900	기타	기타정밀화학원료
2837111000	228900	기타	기타정밀화학원료
2837112000	228900	기타	기타정밀화학원료
2837191010	228900	기타	기타정밀화학원료
2837191020	228900	기타	기타정밀화학원료
2837191030	228900	기타	기타정밀화학원료
2837191090	228900	기타	기타정밀화학원료
2837192000	228900	기타	기타정밀화학원료
2837201000	228900	기타	기타정밀화학원료
2837202000	228900	기타	기타정밀화학원료
2837209000	228900	기타	기타정밀화학원료
2839110000	228900	기타	기타정밀화학원료
2839190000	228900	기타	기타정밀화학원료
2839901000	228900	기타	기타정밀화학원료
2839902000	228900	기타	기타정밀화학원료
2839909000	228900	기타	기타정밀화학원료
2840110000	228900	기타	기타정밀화학원료
2840190000	228900	기타	기타정밀화학원료
2840200000	228900	기타	기타정밀화학원료
2840300000	228900	기타	기타정밀화학원료
2841300000	228900	기타	기타정밀화학원료
2841500000	228900	기타	기타정밀화학원료
2841610000	228900	기타	기타정밀화학원료
2841691000	836210	기타	양극재 
2841692000	228900	기타	기타정밀화학원료
2841693000	228900	기타	기타정밀화학원료
2841700000	228900	기타	기타정밀화학원료
2841800000	228900	기타	기타정밀화학원료
2841901000	228900	기타	기타정밀화학원료
2841902010	228900	기타	기타정밀화학원료
2841902090	228900	기타	기타정밀화학원료
2841903000	228900	기타	기타정밀화학원료
2841904000	228900	기타	기타정밀화학원료
2841905000	228900	기타	기타정밀화학원료
2841909010	836210	기타	양극재 
2841909020	836210	기타	양극재 
2841909030	836210	기타	양극재 
2841909040	836210	기타	양극재 
2841909090	228900	기타	기타정밀화학원료
2842101000	931220	바이오헬스	화학원료
2842109000	228900	기타	기타정밀화학원료
2842903000	228900	기타	기타정밀화학원료
2842909000	228900	기타	기타정밀화학원료
2843100000	228900	기타	기타정밀화학원료
2843210000	228900	기타	기타정밀화학원료
2843290000	228900	기타	기타정밀화학원료
2843301000	228900	기타	기타정밀화학원료
2843309000	228900	기타	기타정밀화학원료
2843901000	228900	기타	기타정밀화학원료
2843909010	228900	기타	기타정밀화학원료
2843909090	228900	기타	기타정밀화학원료
2844101000	136000	기타	우라늄
2844102000	136000	기타	우라늄
2844109000	136000	기타	우라늄
2844201000	136000	기타	우라늄
2844202000	136000	기타	우라늄
2844209000	136000	기타	우라늄
2844301000	629000	비철금속	기타비철금속제품
2844309000	629000	비철금속	기타비철금속제품
2844410000	931120	바이오헬스	화학의약품
2844420000	931120	바이오헬스	화학의약품
2844430000	931120	바이오헬스	화학의약품
2844440000	228900	기타	기타정밀화학원료
2844500000	228900	기타	기타정밀화학원료
2845100000	228900	기타	기타정밀화학원료
2845200000	228900	기타	기타정밀화학원료
2845300000	228900	기타	기타정밀화학원료
2845400000	228900	기타	기타정밀화학원료
2845901000	228900	기타	기타정밀화학원료
2845902000	931120	바이오헬스	화학의약품
2845909000	228900	기타	기타정밀화학원료
2846100000	228900	기타	기타정밀화학원료
2846901000	228900	기타	기타정밀화학원료
2846909000	931120	바이오헬스	화학의약품
2847002000	228400	기타	과산화수소
2847009000	228400	기타	과산화수소
2849100000	228900	기타	기타정밀화학원료
2849200000	228900	기타	기타정밀화학원료
2849901000	228900	기타	기타정밀화학원료
2849909010	228900	기타	기타정밀화학원료
2849909090	228900	기타	기타정밀화학원료
2850001000	228900	기타	기타정밀화학원료
2850002000	228900	기타	기타정밀화학원료
2850003000	228900	기타	기타정밀화학원료
2850004000	228900	기타	기타정밀화학원료
2850005000	228900	기타	기타정밀화학원료
2852100000	228900	기타	기타정밀화학원료
2852903000	228900	기타	기타정밀화학원료
2852909000	228900	기타	기타정밀화학원료
2853100000	228900	기타	기타정밀화학원료
2853901000	228900	기타	기타정밀화학원료
2853902000	228900	기타	기타정밀화학원료
2853909000	228900	기타	기타정밀화학원료
2901101000	211090	석유화학	기타기초유분
2901102000	211090	석유화학	기타기초유분
2901103000	211090	석유화학	기타기초유분
2901109000	211090	석유화학	기타기초유분
2901210000	211010	석유화학	에틸렌
2901220000	211020	석유화학	프로필렌
2901230000	211090	석유화학	기타기초유분
2901241000	211030	석유화학	부타디엔
2901242000	211090	석유화학	기타기초유분
2901291000	211090	석유화학	기타기초유분
2901292000	211090	석유화학	기타기초유분
2901299000	211090	석유화학	기타기초유분
2902110000	212090	석유화학	기타석유화학중간원료
2902191000	219000	석유화학	기타석유화학제품
2902199000	219000	석유화학	기타석유화학제품
2902200000	211040	석유화학	벤젠
2902300000	211050	석유화학	톨루엔
2902410000	212010	석유화학	오토크실렌
2902420000	212090	석유화학	기타석유화학중간원료
2902430000	212020	석유화학	파라크실렌
2902440000	211060	석유화학	혼합크실렌
2902500000	212030	석유화학	스틸렌
2902600000	212090	석유화학	기타석유화학중간원료
2902700000	219000	석유화학	기타석유화학제품
2902901000	228900	기타	기타정밀화학원료
2902902000	228900	기타	기타정밀화학원료
2902903000	228900	기타	기타정밀화학원료
2902909000	228900	기타	기타정밀화학원료
2903111000	228900	기타	기타정밀화학원료
2903112000	228900	기타	기타정밀화학원료
2903120000	931220	바이오헬스	화학원료
2903130000	219000	석유화학	기타석유화학제품
2903140000	290090	기타	기타화학공업제품
2903150000	212040	석유화학	이염화에탄
2903190000	290090	기타	기타화학공업제품
2903210000	212050	석유화학	염화비닐모노마
2903220000	228900	기타	기타정밀화학원료
2903230000	228900	기타	기타정밀화학원료
2903290000	228900	기타	기타정밀화학원료
2903410000	290090	기타	기타화학공업제품
2903420000	290090	기타	기타화학공업제품
2903430000	290090	기타	기타화학공업제품
2903440000	290090	기타	기타화학공업제품
2903450000	290090	기타	기타화학공업제품
2903460000	290090	기타	기타화학공업제품
2903470000	290090	기타	기타화학공업제품
2903480000	290090	기타	기타화학공업제품
2903491000	290090	기타	기타화학공업제품
2903499000	290090	기타	기타화학공업제품
2903510000	290090	기타	기타화학공업제품
2903590000	290090	기타	기타화학공업제품
2903610000	290090	기타	기타화학공업제품
2903620000	290090	기타	기타화학공업제품
2903690000	290090	기타	기타화학공업제품
2903710000	290090	기타	기타화학공업제품
2903720000	290090	기타	기타화학공업제품
2903730000	290090	기타	기타화학공업제품
2903740000	290090	기타	기타화학공업제품
2903750000	290090	기타	기타화학공업제품
2903760000	290090	기타	기타화학공업제품
2903770000	290090	기타	기타화학공업제품
2903780000	290090	기타	기타화학공업제품
2903790000	228900	기타	기타정밀화학원료
2903810000	228900	기타	기타정밀화학원료
2903820000	228900	기타	기타정밀화학원료
2903830000	228900	기타	기타정밀화학원료
2903891000	228900	기타	기타정밀화학원료
2903899000	931220	바이오헬스	화학원료
2903910000	228900	기타	기타정밀화학원료
2903920000	228900	기타	기타정밀화학원료
2903930000	228900	기타	기타정밀화학원료
2903940000	228900	기타	기타정밀화학원료
2903992000	228900	기타	기타정밀화학원료
2903999000	228900	기타	기타정밀화학원료
2904100000	931220	바이오헬스	화학원료
2904201000	228900	기타	기타정밀화학원료
2904209010	228900	기타	기타정밀화학원료
2904209090	228900	기타	기타정밀화학원료
2904310000	228900	기타	기타정밀화학원료
2904320000	228900	기타	기타정밀화학원료
2904330000	228900	기타	기타정밀화학원료
2904340000	228900	기타	기타정밀화학원료
2904350000	228900	기타	기타정밀화학원료
2904360000	228900	기타	기타정밀화학원료
2904910000	228900	기타	기타정밀화학원료
2904990000	931220	바이오헬스	화학원료
2905110000	219000	석유화학	기타석유화학제품
2905121000	219000	석유화학	기타석유화학제품
2905122010	219000	석유화학	기타석유화학제품
2905122090	219000	석유화학	기타석유화학제품
2905130000	219000	석유화학	기타석유화학제품
2905140000	219000	석유화학	기타석유화학제품
2905161000	219000	석유화학	기타석유화학제품
2905169000	219000	석유화학	기타석유화학제품
2905171000	228900	기타	기타정밀화학원료
2905172000	931220	바이오헬스	화학원료
2905173000	931220	바이오헬스	화학원료
2905191000	228900	기타	기타정밀화학원료
2905192000	228900	기타	기타정밀화학원료
2905193000	219000	석유화학	기타석유화학제품
2905194000	228900	기타	기타정밀화학원료
2905199010	228900	기타	기타정밀화학원료
2905199020	228900	기타	기타정밀화학원료
2905199030	228900	기타	기타정밀화학원료
2905199090	931220	바이오헬스	화학원료
2905221000	228900	기타	기타정밀화학원료
2905229000	228900	기타	기타정밀화학원료
2905290000	228900	기타	기타정밀화학원료
2905310000	213010	석유화학	에틸렌글리콜
2905320000	219000	석유화학	기타석유화학제품
2905391000	228900	기타	기타정밀화학원료
2905392000	228900	기타	기타정밀화학원료
2905399000	228900	기타	기타정밀화학원료
2905410000	228900	기타	기타정밀화학원료
2905420000	228900	기타	기타정밀화학원료
2905430000	931220	바이오헬스	화학원료
2905440000	931220	바이오헬스	화학원료
2905450000	931220	바이오헬스	화학원료
2905490000	931220	바이오헬스	화학원료
2905510000	228900	기타	기타정밀화학원료
2905590000	931220	바이오헬스	화학원료
2906110000	931220	바이오헬스	화학원료
2906120000	228900	기타	기타정밀화학원료
2906131000	931220	바이오헬스	화학원료
2906132000	931220	바이오헬스	화학원료
2906191000	931220	바이오헬스	화학원료
2906192000	228900	기타	기타정밀화학원료
2906199000	228900	기타	기타정밀화학원료
2906210000	931220	바이오헬스	화학원료
2906290000	931220	바이오헬스	화학원료
2907111000	219000	석유화학	기타석유화학제품
2907112000	228900	기타	기타정밀화학원료
2907121000	228900	기타	기타정밀화학원료
2907122000	228900	기타	기타정밀화학원료
2907131000	228900	기타	기타정밀화학원료
2907132000	228900	기타	기타정밀화학원료
2907139000	228900	기타	기타정밀화학원료
2907151000	219000	석유화학	기타석유화학제품
2907152000	219000	석유화학	기타석유화학제품
2907191000	931220	바이오헬스	화학원료
2907192000	219000	석유화학	기타석유화학제품
2907199000	228900	기타	기타정밀화학원료
2907211000	228900	기타	기타정밀화학원료
2907212000	228900	기타	기타정밀화학원료
2907221000	931220	바이오헬스	화학원료
2907222000	931220	바이오헬스	화학원료
2907231000	219000	석유화학	기타석유화학제품
2907232000	219000	석유화학	기타석유화학제품
2907291000	228900	기타	기타정밀화학원료
2907299000	228900	기타	기타정밀화학원료
2908110000	219000	석유화학	기타석유화학제품
2908191000	219000	석유화학	기타석유화학제품
2908192000	219000	석유화학	기타석유화학제품
2908193000	219000	석유화학	기타석유화학제품
2908199000	219000	석유화학	기타석유화학제품
2908910000	219000	석유화학	기타석유화학제품
2908920000	219000	석유화학	기타석유화학제품
2908990000	219000	석유화학	기타석유화학제품
2909110000	219000	석유화학	기타석유화학제품
2909191000	219000	석유화학	기타석유화학제품
2909192000	219000	석유화학	기타석유화학제품
2909199000	219000	석유화학	기타석유화학제품
2909200000	219000	석유화학	기타석유화학제품
2909301000	219000	석유화학	기타석유화학제품
2909302000	219000	석유화학	기타석유화학제품
2909303000	219000	석유화학	기타석유화학제품
2909304000	219000	석유화학	기타석유화학제품
2909305000	219000	석유화학	기타석유화학제품
2909309010	226120	기타	농약원제
2909309090	219000	석유화학	기타석유화학제품
2909410000	213010	석유화학	에틸렌글리콜
2909430000	219000	석유화학	기타석유화학제품
2909441000	219000	석유화학	기타석유화학제품
2909449000	219000	석유화학	기타석유화학제품
2909491000	213010	석유화학	에틸렌글리콜
2909499000	219000	석유화학	기타석유화학제품
2909500000	219000	석유화학	기타석유화학제품
2909601000	219000	석유화학	기타석유화학제품
2909602000	219000	석유화학	기타석유화학제품
2909603000	219000	석유화학	기타석유화학제품
2909604000	219000	석유화학	기타석유화학제품
2909609000	219000	석유화학	기타석유화학제품
2910100000	212090	석유화학	기타석유화학중간원료
2910200000	212060	석유화학	프로필렌옥사이드
2910300000	219000	석유화학	기타석유화학제품
2910400000	219000	석유화학	기타석유화학제품
2910500000	219000	석유화학	기타석유화학제품
2910900000	219000	석유화학	기타석유화학제품
2911000000	219000	석유화학	기타석유화학제품
2912110000	219000	석유화학	기타석유화학제품
2912120000	219000	석유화학	기타석유화학제품
2912193000	219000	석유화학	기타석유화학제품
2912199000	219000	석유화학	기타석유화학제품
2912210000	219000	석유화학	기타석유화학제품
2912290000	219000	석유화학	기타석유화학제품
2912410000	219000	석유화학	기타석유화학제품
2912420000	219000	석유화학	기타석유화학제품
2912490000	219000	석유화학	기타석유화학제품
2912500000	219000	석유화학	기타석유화학제품
2912600000	219000	석유화학	기타석유화학제품
2913000000	228900	기타	기타정밀화학원료
2914110000	219000	석유화학	기타석유화학제품
2914120000	219000	석유화학	기타석유화학제품
2914130000	228900	기타	기타정밀화학원료
2914190000	931220	바이오헬스	화학원료
2914221000	219000	석유화학	기타석유화학제품
2914222000	228900	기타	기타정밀화학원료
2914231000	228900	기타	기타정밀화학원료
2914232000	228900	기타	기타정밀화학원료
2914291000	228900	기타	기타정밀화학원료
2914299000	931220	바이오헬스	화학원료
2914310000	228900	기타	기타정밀화학원료
2914390000	931220	바이오헬스	화학원료
2914401000	228900	기타	기타정밀화학원료
2914409000	228900	기타	기타정밀화학원료
2914501000	228900	기타	기타정밀화학원료
2914509000	931220	바이오헬스	화학원료
2914610000	228900	기타	기타정밀화학원료
2914620000	228900	기타	기타정밀화학원료
2914691000	228900	기타	기타정밀화학원료
2914699000	931220	바이오헬스	화학원료
2914710000	228900	기타	기타정밀화학원료
2914791000	226120	기타	농약원제
2914799000	931220	바이오헬스	화학원료
2915110000	931220	바이오헬스	화학원료
2915121000	228900	기타	기타정밀화학원료
2915129000	228900	기타	기타정밀화학원료
2915130000	228900	기타	기타정밀화학원료
2915210000	219000	석유화학	기타석유화학제품
2915240000	931220	바이오헬스	화학원료
2915291000	931220	바이오헬스	화학원료
2915292000	931220	바이오헬스	화학원료
2915293000	228900	기타	기타정밀화학원료
2915299000	931220	바이오헬스	화학원료
2915310000	219000	석유화학	기타석유화학제품
2915320000	212070	석유화학	초산비닐
2915331000	228900	기타	기타정밀화학원료
2915339000	228900	기타	기타정밀화학원료
2915360000	228900	기타	기타정밀화학원료
2915391000	228900	기타	기타정밀화학원료
2915392000	228900	기타	기타정밀화학원료
2915393000	228900	기타	기타정밀화학원료
2915394000	219000	석유화학	기타석유화학제품
2915395000	228900	기타	기타정밀화학원료
2915399000	228900	기타	기타정밀화학원료
2915401000	228900	기타	기타정밀화학원료
2915409000	228900	기타	기타정밀화학원료
2915500000	228900	기타	기타정밀화학원료
2915600000	228900	기타	기타정밀화학원료
2915701000	228900	기타	기타정밀화학원료
2915702010	228900	기타	기타정밀화학원료
2915702020	228900	기타	기타정밀화학원료
2915702030	228900	기타	기타정밀화학원료
2915702040	228900	기타	기타정밀화학원료
2915702050	228900	기타	기타정밀화학원료
2915702060	228900	기타	기타정밀화학원료
2915702070	228900	기타	기타정밀화학원료
2915702080	228900	기타	기타정밀화학원료
2915702090	228900	기타	기타정밀화학원료
2915901000	228900	기타	기타정밀화학원료
2915909010	228900	기타	기타정밀화학원료
2915909020	228900	기타	기타정밀화학원료
2915909030	228900	기타	기타정밀화학원료
2915909090	228900	기타	기타정밀화학원료
2916111000	219000	석유화학	기타석유화학제품
2916119000	219000	석유화학	기타석유화학제품
2916121000	219000	석유화학	기타석유화학제품
2916122000	219000	석유화학	기타석유화학제품
2916123000	219000	석유화학	기타석유화학제품
2916124000	219000	석유화학	기타석유화학제품
2916129000	219000	석유화학	기타석유화학제품
2916131000	219000	석유화학	기타석유화학제품
2916139000	219000	석유화학	기타석유화학제품
2916141000	212080	석유화학	메타아크릴산메틸
2916149000	219000	석유화학	기타석유화학제품
2916151000	931220	바이오헬스	화학원료
2916152000	228900	기타	기타정밀화학원료
2916153000	228900	기타	기타정밀화학원료
2916160000	228900	기타	기타정밀화학원료
2916190000	228900	기타	기타정밀화학원료
2916203000	226120	기타	농약원제
2916209000	931220	바이오헬스	화학원료
2916311000	931220	바이오헬스	화학원료
2916312000	931220	바이오헬스	화학원료
2916313000	228900	기타	기타정밀화학원료
2916319010	226120	기타	농약원제
2916319090	931220	바이오헬스	화학원료
2916321000	931220	바이오헬스	화학원료
2916322000	931220	바이오헬스	화학원료
2916340000	931220	바이오헬스	화학원료
2916391000	931220	바이오헬스	화학원료
2916399010	226120	기타	농약원제
2916399090	931220	바이오헬스	화학원료
2917111000	931220	바이오헬스	화학원료
2917112000	228900	기타	기타정밀화학원료
2917113000	228900	기타	기타정밀화학원료
2917121000	219000	석유화학	기타석유화학제품
2917122000	219000	석유화학	기타석유화학제품
2917123010	219000	석유화학	기타석유화학제품
2917123090	219000	석유화학	기타석유화학제품
2917131000	931220	바이오헬스	화학원료
2917132000	228900	기타	기타정밀화학원료
2917140000	219000	석유화학	기타석유화학제품
2917192000	228900	기타	기타정밀화학원료
2917193000	228900	기타	기타정밀화학원료
2917199000	931220	바이오헬스	화학원료
2917200000	228900	기타	기타정밀화학원료
2917321000	228900	기타	기타정밀화학원료
2917329000	228900	기타	기타정밀화학원료
2917331000	228900	기타	기타정밀화학원료
2917332000	228900	기타	기타정밀화학원료
2917341000	228900	기타	기타정밀화학원료
2917342000	228900	기타	기타정밀화학원료
2917343000	228900	기타	기타정밀화학원료
2917349000	228900	기타	기타정밀화학원료
2917350000	219000	석유화학	기타석유화학제품
2917361000	213020	석유화학	텔레프탈산
2917369000	931220	바이오헬스	화학원료
2917370000	213030	석유화학	텔레프탈산디메틸
2917391000	219000	석유화학	기타석유화학제품
2917392000	228900	기타	기타정밀화학원료
2917393000	228900	기타	기타정밀화학원료
2917399000	228900	기타	기타정밀화학원료
2918111000	931220	바이오헬스	화학원료
2918112000	931220	바이오헬스	화학원료
2918113000	228900	기타	기타정밀화학원료
2918120000	931220	바이오헬스	화학원료
2918131000	931220	바이오헬스	화학원료
2918132000	931220	바이오헬스	화학원료
2918140000	931220	바이오헬스	화학원료
2918151000	931220	바이오헬스	화학원료
2918152000	931220	바이오헬스	화학원료
2918161000	931220	바이오헬스	화학원료
2918162000	931220	바이오헬스	화학원료
2918163000	931220	바이오헬스	화학원료
2918170000	228900	기타	기타정밀화학원료
2918180000	228900	기타	기타정밀화학원료
2918191010	931220	바이오헬스	화학원료
2918191090	931220	바이오헬스	화학원료
2918192000	931220	바이오헬스	화학원료
2918193000	931220	바이오헬스	화학원료
2918199000	931220	바이오헬스	화학원료
2918210000	931220	바이오헬스	화학원료
2918220000	931220	바이오헬스	화학원료
2918231000	931220	바이오헬스	화학원료
2918232000	931220	바이오헬스	화학원료
2918291000	228900	기타	기타정밀화학원료
2918299010	931220	바이오헬스	화학원료
2918299030	228900	기타	기타정밀화학원료
2918299090	228900	기타	기타정밀화학원료
2918301000	226120	기타	농약원제
2918309000	931220	바이오헬스	화학원료
2918910000	228900	기타	기타정밀화학원료
2918991000	226120	기타	농약원제
2918999000	931220	바이오헬스	화학원료
2919100000	228900	기타	기타정밀화학원료
2919901010	226120	기타	농약원제
2919901090	931220	바이오헬스	화학원료
2919902000	931220	바이오헬스	화학원료
2919909000	931220	바이오헬스	화학원료
2920111000	226120	기타	농약원제
2920119000	219000	석유화학	기타석유화학제품
2920191000	226120	기타	농약원제
2920199000	219000	석유화학	기타석유화학제품
2920210000	219000	석유화학	기타석유화학제품
2920220000	219000	석유화학	기타석유화학제품
2920230000	219000	석유화학	기타석유화학제품
2920240000	219000	석유화학	기타석유화학제품
2920290000	219000	석유화학	기타석유화학제품
2920301000	226120	기타	농약원제
2920309000	219000	석유화학	기타석유화학제품
2920904000	219000	석유화학	기타석유화학제품
2920909110	219000	석유화학	기타석유화학제품
2920909190	219000	석유화학	기타석유화학제품
2920909200	219000	석유화학	기타석유화학제품
2920909900	219000	석유화학	기타석유화학제품
2921111010	219000	석유화학	기타석유화학제품
2921111020	219000	석유화학	기타석유화학제품
2921112010	219000	석유화학	기타석유화학제품
2921112020	219000	석유화학	기타석유화학제품
2921113010	219000	석유화학	기타석유화학제품
2921113020	219000	석유화학	기타석유화학제품
2921120000	219000	석유화학	기타석유화학제품
2921130000	219000	석유화학	기타석유화학제품
2921140000	219000	석유화학	기타석유화학제품
2921192000	219000	석유화학	기타석유화학제품
2921199010	219000	석유화학	기타석유화학제품
2921199090	219000	석유화학	기타석유화학제품
2921211000	219000	석유화학	기타석유화학제품
2921212000	219000	석유화학	기타석유화학제품
2921221000	219000	석유화학	기타석유화학제품
2921222000	219000	석유화학	기타석유화학제품
2921229000	219000	석유화학	기타석유화학제품
2921291000	219000	석유화학	기타석유화학제품
2921292000	219000	석유화학	기타석유화학제품
2921299000	219000	석유화학	기타석유화학제품
2921301000	219000	석유화학	기타석유화학제품
2921309000	219000	석유화학	기타석유화학제품
2921411000	219000	석유화학	기타석유화학제품
2921412000	219000	석유화학	기타석유화학제품
2921423000	226120	기타	농약원제
2921429020	219000	석유화학	기타석유화학제품
2921429090	219000	석유화학	기타석유화학제품
2921434000	226120	기타	농약원제
2921435000	219000	석유화학	기타석유화학제품
2921436000	219000	석유화학	기타석유화학제품
2921437000	219000	석유화학	기타석유화학제품
2921439010	219000	석유화학	기타석유화학제품
2921439090	219000	석유화학	기타석유화학제품
2921441000	219000	석유화학	기타석유화학제품
2921449000	219000	석유화학	기타석유화학제품
2921451000	219000	석유화학	기타석유화학제품
2921459010	219000	석유화학	기타석유화학제품
2921459020	219000	석유화학	기타석유화학제품
2921459030	219000	석유화학	기타석유화학제품
2921459090	219000	석유화학	기타석유화학제품
2921460000	219000	석유화학	기타석유화학제품
2921491000	226120	기타	농약원제
2921499000	219000	석유화학	기타석유화학제품
2921511000	219000	석유화학	기타석유화학제품
2921512000	219000	석유화학	기타석유화학제품
2921519010	219000	석유화학	기타석유화학제품
2921519020	219000	석유화학	기타석유화학제품
2921519030	219000	석유화학	기타석유화학제품
2921519040	219000	석유화학	기타석유화학제품
2921519090	219000	석유화학	기타석유화학제품
2921592000	219000	석유화학	기타석유화학제품
2921599000	219000	석유화학	기타석유화학제품
2922111000	228900	기타	기타정밀화학원료
2922112000	228900	기타	기타정밀화학원료
2922121000	228900	기타	기타정밀화학원료
2922122000	228900	기타	기타정밀화학원료
2922140000	228900	기타	기타정밀화학원료
2922150000	228900	기타	기타정밀화학원료
2922160000	228900	기타	기타정밀화학원료
2922171000	228900	기타	기타정밀화학원료
2922172000	228900	기타	기타정밀화학원료
2922180000	228900	기타	기타정밀화학원료
2922193000	228900	기타	기타정밀화학원료
2922199000	931220	바이오헬스	화학원료
2922211000	228900	기타	기타정밀화학원료
2922212000	228900	기타	기타정밀화학원료
2922213000	228900	기타	기타정밀화학원료
2922219000	228900	기타	기타정밀화학원료
2922292000	228900	기타	기타정밀화학원료
2922293000	228900	기타	기타정밀화학원료
2922299000	931220	바이오헬스	화학원료
2922310000	228900	기타	기타정밀화학원료
2922393000	228900	기타	기타정밀화학원료
2922399000	228900	기타	기타정밀화학원료
2922411000	931220	바이오헬스	화학원료
2922412000	931220	바이오헬스	화학원료
2922413000	228900	기타	기타정밀화학원료
2922421000	931220	바이오헬스	화학원료
2922422000	219000	석유화학	기타석유화학제품
2922423000	931220	바이오헬스	화학원료
2922430000	228900	기타	기타정밀화학원료
2922440000	228900	기타	기타정밀화학원료
2922491000	931220	바이오헬스	화학원료
2922492000	931220	바이오헬스	화학원료
2922493000	931220	바이오헬스	화학원료
2922494000	931220	바이오헬스	화학원료
2922497000	228900	기타	기타정밀화학원료
2922499000	931220	바이오헬스	화학원료
2922505000	226120	기타	농약원제
2922506000	931220	바이오헬스	화학원료
2922509000	931220	바이오헬스	화학원료
2923101000	931220	바이오헬스	화학원료
2923102000	931220	바이오헬스	화학원료
2923201000	931220	바이오헬스	화학원료
2923202000	228900	기타	기타정밀화학원료
2923300000	228900	기타	기타정밀화학원료
2923400000	228900	기타	기타정밀화학원료
2923900000	228900	기타	기타정밀화학원료
2924110000	228900	기타	기타정밀화학원료
2924120000	228900	기타	기타정밀화학원료
2924191000	228900	기타	기타정밀화학원료
2924192000	228900	기타	기타정밀화학원료
2924199010	226120	기타	농약원제
2924199090	228900	기타	기타정밀화학원료
2924211000	226120	기타	농약원제
2924219000	228900	기타	기타정밀화학원료
2924230000	228900	기타	기타정밀화학원료
2924240000	228900	기타	기타정밀화학원료
2924251000	226120	기타	농약원제
2924259000	228900	기타	기타정밀화학원료
2924291010	931220	바이오헬스	화학원료
2924291020	931220	바이오헬스	화학원료
2924291090	931220	바이오헬스	화학원료
2924292000	931220	바이오헬스	화학원료
2924299010	931220	바이오헬스	화학원료
2924299020	931220	바이오헬스	화학원료
2924299092	226120	기타	농약원제
2924299099	931220	바이오헬스	화학원료
2925111000	931220	바이오헬스	화학원료
2925112000	228900	기타	기타정밀화학원료
2925120000	228900	기타	기타정밀화학원료
2925191000	228900	기타	기타정밀화학원료
2925199010	226120	기타	농약원제
2925199090	931220	바이오헬스	화학원료
2925210000	228900	기타	기타정밀화학원료
2925291000	228900	기타	기타정밀화학원료
2925299010	226120	기타	농약원제
2925299090	931220	바이오헬스	화학원료
2926100000	213040	석유화학	아크릴로니트닐
2926200000	228900	기타	기타정밀화학원료
2926300000	228900	기타	기타정밀화학원료
2926400000	228900	기타	기타정밀화학원료
2926903000	226120	기타	농약원제
2926904000	228900	기타	기타정밀화학원료
2926909000	228900	기타	기타정밀화학원료
2927001100	228900	기타	기타정밀화학원료
2927001900	228900	기타	기타정밀화학원료
2927002100	228900	기타	기타정밀화학원료
2927002910	228900	기타	기타정밀화학원료
2927002990	228900	기타	기타정밀화학원료
2927003000	228900	기타	기타정밀화학원료
2928002000	226120	기타	농약원제
2928003000	228900	기타	기타정밀화학원료
2928009000	228900	기타	기타정밀화학원료
2929101000	219000	석유화학	기타석유화학제품
2929102000	219000	석유화학	기타석유화학제품
2929109000	219000	석유화학	기타석유화학제품
2929900000	228900	기타	기타정밀화학원료
2930100000	931220	바이오헬스	화학원료
2930201010	226120	기타	농약원제
2930201090	228900	기타	기타정밀화학원료
2930202010	226120	기타	농약원제
2930202090	228900	기타	기타정밀화학원료
2930301000	228900	기타	기타정밀화학원료
2930302000	228900	기타	기타정밀화학원료
2930303000	228900	기타	기타정밀화학원료
2930400000	931220	바이오헬스	화학원료
2930600000	228900	기타	기타정밀화학원료
2930700000	228900	기타	기타정밀화학원료
2930800000	228900	기타	기타정밀화학원료
2930902010	228900	기타	기타정밀화학원료
2930902090	226120	기타	농약원제
2930905030	228900	기타	기타정밀화학원료
2930905080	228900	기타	기타정밀화학원료
2930906010	228900	기타	기타정밀화학원료
2930906090	228900	기타	기타정밀화학원료
2930907020	228900	기타	기타정밀화학원료
2930907090	228900	기타	기타정밀화학원료
2930909010	228900	기타	기타정밀화학원료
2930909030	931220	바이오헬스	화학원료
2930909050	931220	바이오헬스	화학원료
2930909090	931220	바이오헬스	화학원료
2931100000	228900	기타	기타정밀화학원료
2931200000	228900	기타	기타정밀화학원료
2931410000	228900	기타	기타정밀화학원료
2931420000	228900	기타	기타정밀화학원료
2931430000	228900	기타	기타정밀화학원료
2931440000	228900	기타	기타정밀화학원료
2931450000	228900	기타	기타정밀화학원료
2931460000	228900	기타	기타정밀화학원료
2931470000	228900	기타	기타정밀화학원료
2931480000	228900	기타	기타정밀화학원료
2931490000	228900	기타	기타정밀화학원료
2931510000	228900	기타	기타정밀화학원료
2931520000	228900	기타	기타정밀화학원료
2931530000	228900	기타	기타정밀화학원료
2931540000	228900	기타	기타정밀화학원료
2931590000	228900	기타	기타정밀화학원료
2931901000	228900	기타	기타정밀화학원료
2931902000	228900	기타	기타정밀화학원료
2931903000	228900	기타	기타정밀화학원료
2931904000	228900	기타	기타정밀화학원료
2931905000	228900	기타	기타정밀화학원료
2931909010	228900	기타	기타정밀화학원료
2931909020	228900	기타	기타정밀화학원료
2931909090	228900	기타	기타정밀화학원료
2932110000	290090	기타	기타화학공업제품
2932120000	290090	기타	기타화학공업제품
2932131000	290090	기타	기타화학공업제품
2932132000	290090	기타	기타화학공업제품
2932140000	290090	기타	기타화학공업제품
2932191000	226120	기타	농약원제
2932199000	931220	바이오헬스	화학원료
2932201010	290090	기타	기타화학공업제품
2932201020	290090	기타	기타화학공업제품
2932201030	290090	기타	기타화학공업제품
2932209010	290090	기타	기타화학공업제품
2932209020	290090	기타	기타화학공업제품
2932209030	290090	기타	기타화학공업제품
2932209040	290090	기타	기타화학공업제품
2932209050	290090	기타	기타화학공업제품
2932209060	290090	기타	기타화학공업제품
2932209070	290090	기타	기타화학공업제품
2932209080	290090	기타	기타화학공업제품
2932209091	226120	기타	농약원제
2932209099	931220	바이오헬스	화학원료
2932910000	228900	기타	기타정밀화학원료
2932920000	228900	기타	기타정밀화학원료
2932930000	228900	기타	기타정밀화학원료
2932940000	228900	기타	기타정밀화학원료
2932950000	228900	기타	기타정밀화학원료
2932960000	931220	바이오헬스	화학원료
2932991000	228900	기타	기타정밀화학원료
2932992000	290090	기타	기타화학공업제품
2932999010	226120	기타	농약원제
2932999090	931220	바이오헬스	화학원료
2933112000	226120	기타	농약원제
2933119000	931220	바이오헬스	화학원료
2933192000	226120	기타	농약원제
2933193000	290090	기타	기타화학공업제품
2933199000	931220	바이오헬스	화학원료
2933211000	228900	기타	기타정밀화학원료
2933212000	228900	기타	기타정밀화학원료
2933291000	290090	기타	기타화학공업제품
2933299010	226120	기타	농약원제
2933299090	931220	바이오헬스	화학원료
2933311000	931220	바이오헬스	화학원료
2933312000	931220	바이오헬스	화학원료
2933321000	931220	바이오헬스	화학원료
2933329000	931220	바이오헬스	화학원료
2933330000	931220	바이오헬스	화학원료
2933340000	931220	바이오헬스	화학원료
2933350000	931220	바이오헬스	화학원료
2933360000	931220	바이오헬스	화학원료
2933370000	931220	바이오헬스	화학원료
2933392000	226120	기타	농약원제
2933393000	931220	바이오헬스	화학원료
2933399000	931220	바이오헬스	화학원료
2933410000	290090	기타	기타화학공업제품
2933491000	290090	기타	기타화학공업제품
2933499010	226120	기타	농약원제
2933499090	931220	바이오헬스	화학원료
2933520000	228900	기타	기타정밀화학원료
2933530000	228900	기타	기타정밀화학원료
2933540000	228900	기타	기타정밀화학원료
2933550000	228900	기타	기타정밀화학원료
2933591000	226120	기타	농약원제
2933592000	931220	바이오헬스	화학원료
2933593000	931220	바이오헬스	화학원료
2933610000	290090	기타	기타화학공업제품
2933691000	290090	기타	기타화학공업제품
2933692000	290090	기타	기타화학공업제품
2933699010	228900	기타	기타정밀화학원료
2933699091	226120	기타	농약원제
2933699099	228900	기타	기타정밀화학원료
2933710000	213050	석유화학	카프로락탐
2933720000	290090	기타	기타화학공업제품
2933793000	290090	기타	기타화학공업제품
2933799000	931220	바이오헬스	화학원료
2933910000	931220	바이오헬스	화학원료
2933921000	226120	기타	농약원제
2933929000	290090	기타	기타화학공업제품
2933991000	931220	바이오헬스	화학원료
2933999010	226120	기타	농약원제
2933999090	931220	바이오헬스	화학원료
2934101000	931220	바이오헬스	화학원료
2934109010	226120	기타	농약원제
2934109090	931220	바이오헬스	화학원료
2934204000	226120	기타	농약원제
2934205000	228900	기타	기타정밀화학원료
2934206000	228900	기타	기타정밀화학원료
2934209000	931220	바이오헬스	화학원료
2934301000	228900	기타	기타정밀화학원료
2934309000	931220	바이오헬스	화학원료
2934910000	228900	기타	기타정밀화학원료
2934920000	931220	바이오헬스	화학원료
2934994000	226120	기타	농약원제
2934995000	931220	바이오헬스	화학원료
2934996000	228900	기타	기타정밀화학원료
2934997000	931220	바이오헬스	화학원료
2934999000	931220	바이오헬스	화학원료
2935100000	228900	기타	기타정밀화학원료
2935200000	228900	기타	기타정밀화학원료
2935300000	228900	기타	기타정밀화학원료
2935400000	228900	기타	기타정밀화학원료
2935500000	228900	기타	기타정밀화학원료
2935904000	226120	기타	농약원제
2935905000	931220	바이오헬스	화학원료
2935909000	931220	바이오헬스	화학원료
2936210000	931220	바이오헬스	화학원료
2936220000	931220	바이오헬스	화학원료
2936230000	931220	바이오헬스	화학원료
2936240000	931220	바이오헬스	화학원료
2936250000	931220	바이오헬스	화학원료
2936260000	931220	바이오헬스	화학원료
2936271000	931220	바이오헬스	화학원료
2936272000	931220	바이오헬스	화학원료
2936273000	931220	바이오헬스	화학원료
2936279000	931220	바이오헬스	화학원료
2936281000	931220	바이오헬스	화학원료
2936289000	931220	바이오헬스	화학원료
2936291010	931220	바이오헬스	화학원료
2936291090	931220	바이오헬스	화학원료
2936292000	931220	바이오헬스	화학원료
2936293000	931220	바이오헬스	화학원료
2936294000	931220	바이오헬스	화학원료
2936295000	931220	바이오헬스	화학원료
2936299000	931220	바이오헬스	화학원료
2936901000	931220	바이오헬스	화학원료
2936909000	931220	바이오헬스	화학원료
2937111000	931220	바이오헬스	화학원료
2937119000	931220	바이오헬스	화학원료
2937120000	931220	바이오헬스	화학원료
2937191000	931220	바이오헬스	화학원료
2937199000	931220	바이오헬스	화학원료
2937211000	931220	바이오헬스	화학원료
2937212000	931220	바이오헬스	화학원료
2937213000	931220	바이오헬스	화학원료
2937214000	931220	바이오헬스	화학원료
2937220000	931220	바이오헬스	화학원료
2937230000	931220	바이오헬스	화학원료
2937292000	931220	바이오헬스	화학원료
2937299000	931220	바이오헬스	화학원료
2937501000	931220	바이오헬스	화학원료
2937502000	931220	바이오헬스	화학원료
2937509000	931220	바이오헬스	화학원료
2937901000	931220	바이오헬스	화학원료
2937902100	931220	바이오헬스	화학원료
2937902910	931220	바이오헬스	화학원료
2937902990	931220	바이오헬스	화학원료
2937903000	931220	바이오헬스	화학원료
2937909000	931220	바이오헬스	화학원료
2938101000	290090	기타	기타화학공업제품
2938102000	290090	기타	기타화학공업제품
2938901000	290090	기타	기타화학공업제품
2938902000	931220	바이오헬스	화학원료
2938903000	290090	기타	기타화학공업제품
2938904000	290090	기타	기타화학공업제품
2938909000	931220	바이오헬스	화학원료
2939111000	290090	기타	기타화학공업제품
2939112000	290090	기타	기타화학공업제품
2939113000	290090	기타	기타화학공업제품
2939114000	290090	기타	기타화학공업제품
2939119000	931220	바이오헬스	화학원료
2939190000	931220	바이오헬스	화학원료
2939200000	290090	기타	기타화학공업제품
2939300000	931220	바이오헬스	화학원료
2939411000	290090	기타	기타화학공업제품
2939419000	290090	기타	기타화학공업제품
2939421000	931220	바이오헬스	화학원료
2939429000	290090	기타	기타화학공업제품
2939430000	290090	기타	기타화학공업제품
2939440000	290090	기타	기타화학공업제품
2939450000	290090	기타	기타화학공업제품
2939490000	931220	바이오헬스	화학원료
2939510000	931220	바이오헬스	화학원료
2939590000	931220	바이오헬스	화학원료
2939611000	290090	기타	기타화학공업제품
2939619000	290090	기타	기타화학공업제품
2939621000	290090	기타	기타화학공업제품
2939629000	290090	기타	기타화학공업제품
2939631000	290090	기타	기타화학공업제품
2939639000	290090	기타	기타화학공업제품
2939690000	290090	기타	기타화학공업제품
2939720000	290090	기타	기타화학공업제품
2939791000	931220	바이오헬스	화학원료
2939799000	931220	바이오헬스	화학원료
2939801010	226120	기타	농약원제
2939801090	290090	기타	기타화학공업제품
2939802000	290090	기타	기타화학공업제품
2939809000	290090	기타	기타화학공업제품
2940001010	228900	기타	기타정밀화학원료
2940001020	228900	기타	기타정밀화학원료
2940001030	228900	기타	기타정밀화학원료
2940001090	228900	기타	기타정밀화학원료
2940002010	228900	기타	기타정밀화학원료
2940002090	228900	기타	기타정밀화학원료
2941101000	931220	바이오헬스	화학원료
2941109010	931220	바이오헬스	화학원료
2941109020	931220	바이오헬스	화학원료
2941109090	931220	바이오헬스	화학원료
2941201000	226120	기타	농약원제
2941209000	931220	바이오헬스	화학원료
2941301000	931220	바이오헬스	화학원료
2941302000	931220	바이오헬스	화학원료
2941303000	931220	바이오헬스	화학원료
2941309000	931220	바이오헬스	화학원료
2941400000	931220	바이오헬스	화학원료
2941501000	931220	바이오헬스	화학원료
2941509000	931220	바이오헬스	화학원료
2941901000	226120	기타	농약원제
2941909000	931220	바이오헬스	화학원료
2942000000	228900	기타	기타정밀화학원료
3001202000	931210	바이오헬스	바이오원료
3001209000	931210	바이오헬스	바이오원료
3001901010	931220	바이오헬스	화학원료
3001901090	931210	바이오헬스	바이오원료
3001902010	023320	농수산식품	웅담
3001902090	931210	바이오헬스	바이오원료
3001909010	931210	바이오헬스	바이오원료
3001909020	931220	바이오헬스	화학원료
3001909090	931210	바이오헬스	바이오원료
3002122000	931210	바이오헬스	바이오원료
3002123000	931210	바이오헬스	바이오원료
3002130000	931210	바이오헬스	바이오원료
3002140000	931110	바이오헬스	바이오의약품
3002150000	931110	바이오헬스	바이오의약품
3002410000	931110	바이오헬스	바이오의약품
3002421000	931110	바이오헬스	바이오의약품
3002429000	931210	바이오헬스	바이오원료
3002491000	931110	바이오헬스	바이오의약품
3002492000	931210	바이오헬스	바이오원료
3002493000	931210	바이오헬스	바이오원료
3002494000	931210	바이오헬스	바이오원료
3002510000	931210	바이오헬스	바이오원료
3002590000	931210	바이오헬스	바이오원료
3002901000	931210	바이오헬스	바이오원료
3002902000	931210	바이오헬스	바이오원료
3002909000	931210	바이오헬스	바이오원료
3003101000	931120	바이오헬스	화학의약품
3003102000	931120	바이오헬스	화학의약품
3003200000	931120	바이오헬스	화학의약품
3003310000	931120	바이오헬스	화학의약품
3003395000	931120	바이오헬스	화학의약품
3003399000	931120	바이오헬스	화학의약품
3003410000	931120	바이오헬스	화학의약품
3003420000	931120	바이오헬스	화학의약품
3003430000	931120	바이오헬스	화학의약품
3003490000	931120	바이오헬스	화학의약품
3003600000	931120	바이오헬스	화학의약품
3003902000	931120	바이오헬스	화학의약품
3003903000	931120	바이오헬스	화학의약품
3003909000	931120	바이오헬스	화학의약품
3004101000	931120	바이오헬스	화학의약품
3004102000	931120	바이오헬스	화학의약품
3004201000	931120	바이오헬스	화학의약품
3004209100	931120	바이오헬스	화학의약품
3004209300	931120	바이오헬스	화학의약품
3004209900	931120	바이오헬스	화학의약품
3004310000	931120	바이오헬스	화학의약품
3004320000	931120	바이오헬스	화학의약품
3004391010	931120	바이오헬스	화학의약품
3004391020	931120	바이오헬스	화학의약품
3004393000	931120	바이오헬스	화학의약품
3004395000	931120	바이오헬스	화학의약품
3004396000	931120	바이오헬스	화학의약품
3004397000	931120	바이오헬스	화학의약품
3004399000	931120	바이오헬스	화학의약품
3004410000	931120	바이오헬스	화학의약품
3004420000	931120	바이오헬스	화학의약품
3004430000	931120	바이오헬스	화학의약품
3004491000	931120	바이오헬스	화학의약품
3004492010	931120	바이오헬스	화학의약품
3004492020	931120	바이오헬스	화학의약품
3004492030	931120	바이오헬스	화학의약품
3004493000	931120	바이오헬스	화학의약품
3004499000	931120	바이오헬스	화학의약품
3004501000	931120	바이오헬스	화학의약품
3004502010	931120	바이오헬스	화학의약품
3004502090	931120	바이오헬스	화학의약품
3004503000	931120	바이오헬스	화학의약품
3004504000	931120	바이오헬스	화학의약품
3004509000	931120	바이오헬스	화학의약품
3004600000	931220	바이오헬스	화학원료
3004901000	931120	바이오헬스	화학의약품
3004909100	931120	바이오헬스	화학의약품
3004909200	931120	바이오헬스	화학의약품
3004909900	931120	바이오헬스	화학의약품
3005101000	950100	기타	반창고
3005109000	950100	기타	반창고
3005901000	950990	기타	기타의료위생용품
3005902000	950990	기타	기타의료위생용품
3005903000	950200	기타	붕대
3005904000	950990	기타	기타의료위생용품
3005909000	950990	기타	기타의료위생용품
3006101010	932090	바이오헬스	기타
3006101020	932090	바이오헬스	기타
3006102000	932090	바이오헬스	기타
3006103000	932090	바이오헬스	기타
3006104000	932090	바이오헬스	기타
3006105010	932090	바이오헬스	기타
3006105020	950990	기타	기타의료위생용품
3006105090	932090	바이오헬스	기타
3006301000	931120	바이오헬스	화학의약품
3006302000	931120	바이오헬스	화학의약품
3006401000	932090	바이오헬스	기타
3006402000	932090	바이오헬스	기타
3006403000	932090	바이오헬스	기타
3006500000	932090	바이오헬스	기타
3006600000	931120	바이오헬스	화학의약품
3006700000	950990	기타	기타의료위생용품
3006910000	932090	바이오헬스	기타
3006921010	950990	기타	기타의료위생용품
3006921090	950990	기타	기타의료위생용품
3006922010	950990	기타	기타의료위생용품
3006922020	950990	기타	기타의료위생용품
3006922031	950990	기타	기타의료위생용품
3006922032	950990	기타	기타의료위생용품
3006922090	950990	기타	기타의료위생용품
3006923000	950990	기타	기타의료위생용품
3006924000	950990	기타	기타의료위생용품
3006925000	950990	기타	기타의료위생용품
3006930000	931120	바이오헬스	화학의약품
3101001000	239000	기타	기타비료
3101002000	239000	기타	기타비료
3101003000	239000	기타	기타비료
3102101000	231000	기타	질소비료
3102109000	931220	바이오헬스	화학원료
3102210000	231000	기타	질소비료
3102291000	239000	기타	기타비료
3102292000	239000	기타	기타비료
3102300000	239000	기타	기타비료
3102400000	239000	기타	기타비료
3102501000	239000	기타	기타비료
3102509000	239000	기타	기타비료
3102600000	239000	기타	기타비료
3102800000	239000	기타	기타비료
3102901000	239000	기타	기타비료
3102909000	239000	기타	기타비료
3103110000	232000	기타	인산비료
3103190000	232000	기타	인산비료
3103900000	232000	기타	인산비료
3104200000	931220	바이오헬스	화학원료
3104301000	233000	기타	칼륨비료
3104309000	931220	바이오헬스	화학원료
3104901010	233000	기타	칼륨비료
3104901090	233000	기타	칼륨비료
3104909000	233000	기타	칼륨비료
3105100000	234000	기타	복합비료
3105200000	234000	기타	복합비료
3105300000	234000	기타	복합비료
3105400000	234000	기타	복합비료
3105510000	234000	기타	복합비료
3105590000	234000	기타	복합비료
3105600000	234000	기타	복합비료
3105901000	234000	기타	복합비료
3105909000	234000	기타	복합비료
3201100000	229090	기타	기타정밀화학제품
3201200000	229090	기타	기타정밀화학제품
3201900000	229090	기타	기타정밀화학제품
3202101000	229090	기타	기타정밀화학제품
3202103000	229090	기타	기타정밀화학제품
3202109000	229090	기타	기타정밀화학제품
3202901000	229090	기타	기타정밀화학제품
3202909000	229090	기타	기타정밀화학제품
3203001000	931220	바이오헬스	화학원료
3203002010	221100	기타	염료
3203002030	221100	기타	염료
3203002090	221100	기타	염료
3203003000	221100	기타	염료
3204111000	221100	기타	염료
3204119000	221100	기타	염료
3204121000	221100	기타	염료
3204122000	221100	기타	염료
3204130000	221100	기타	염료
3204140000	221100	기타	염료
3204150000	221100	기타	염료
3204160000	221100	기타	염료
3204170000	221200	기타	안료
3204180000	221100	기타	염료
3204191000	221100	기타	염료
3204193000	221100	기타	염료
3204199000	221100	기타	염료
3204200000	221100	기타	염료
3204901010	221100	기타	염료
3204901090	221100	기타	염료
3204909000	221100	기타	염료
3205001000	221200	기타	안료
3205009000	931220	바이오헬스	화학원료
3206110000	221200	기타	안료
3206190000	221200	기타	안료
3206200000	221200	기타	안료
3206411000	221200	기타	안료
3206419000	221200	기타	안료
3206421000	221200	기타	안료
3206429000	221200	기타	안료
3206491000	221200	기타	안료
3206495000	221200	기타	안료
3206496000	221200	기타	안료
3206499000	221200	기타	안료
3206500000	221200	기타	안료
3207100000	221200	기타	안료
3207201000	221200	기타	안료
3207202000	221200	기타	안료
3207209000	221200	기타	안료
3207301000	221200	기타	안료
3207302000	221200	기타	안료
3207303000	221200	기타	안료
3207304000	221200	기타	안료
3207309000	221200	기타	안료
3207400000	221200	기타	안료
3208101010	222100	기타	도료
3208101090	222100	기타	도료
3208102000	222100	기타	도료
3208103000	222100	기타	도료
3208201011	222100	기타	도료
3208201019	222100	기타	도료
3208201020	222100	기타	도료
3208201030	222100	기타	도료
3208202011	222100	기타	도료
3208202019	222100	기타	도료
3208202020	222100	기타	도료
3208202030	222100	기타	도료
3208901011	222100	기타	도료
3208901019	222100	기타	도료
3208901020	222100	기타	도료
3208901030	222100	기타	도료
3208909011	222100	기타	도료
3208909019	222100	기타	도료
3208909020	222100	기타	도료
3208909030	222100	기타	도료
3209101011	222100	기타	도료
3209101019	222100	기타	도료
3209101020	222100	기타	도료
3209102010	222100	기타	도료
3209102020	222100	기타	도료
3209901011	222100	기타	도료
3209901019	222100	기타	도료
3209901020	222100	기타	도료
3209909011	222100	기타	도료
3209909019	222100	기타	도료
3209909020	222100	기타	도료
3210001011	222100	기타	도료
3210001019	222100	기타	도료
3210001091	222100	기타	도료
3210001099	222100	기타	도료
3210002010	222100	기타	도료
3210002020	222100	기타	도료
3210002030	222100	기타	도료
3210002040	222100	기타	도료
3210003010	222100	기타	도료
3210003090	222100	기타	도료
3211000000	229090	기타	기타정밀화학제품
3212100000	221200	기타	안료
3212901000	221200	기타	안료
3212909000	221200	기타	안료
3213101000	515120	생활용품	미술용구
3213102000	515120	생활용품	미술용구
3213109000	515120	생활용품	미술용구
3213901000	515120	생활용품	미술용구
3213902000	515120	생활용품	미술용구
3213909000	515120	생활용품	미술용구
3214101060	229090	기타	기타정밀화학제품
3214101080	229090	기타	기타정밀화학제품
3214101090	229090	기타	기타정밀화학제품
3214102000	229090	기타	기타정밀화학제품
3214109000	229090	기타	기타정밀화학제품
3214900000	229090	기타	기타정밀화학제품
3215110000	515110	생활용품	필기구
3215190000	515110	생활용품	필기구
3215901000	515110	생활용품	필기구
3215902000	515110	생활용품	필기구
3215903000	515110	생활용품	필기구
3215904010	515110	생활용품	필기구
3215904020	515110	생활용품	필기구
3215904030	515110	생활용품	필기구
3215905000	515110	생활용품	필기구
3215906010	515110	생활용품	필기구
3215906020	515110	생활용품	필기구
3215906030	515110	생활용품	필기구
3215909000	515110	생활용품	필기구
3301120000	013190	농수산식품	기타식물성유지
3301130000	013190	농수산식품	기타식물성유지
3301190000	013190	농수산식품	기타식물성유지
3301240000	931220	바이오헬스	화학원료
3301250000	013190	농수산식품	기타식물성유지
3301290000	013190	농수산식품	기타식물성유지
3301300000	013190	농수산식품	기타식물성유지
3301901000	013190	농수산식품	기타식물성유지
3301902000	013190	농수산식품	기타식물성유지
3301903000	013190	농수산식품	기타식물성유지
3301904100	013400	농수산식품	식물성액즙
3301904200	013400	농수산식품	식물성액즙
3301904300	013400	농수산식품	식물성액즙
3301904400	013400	농수산식품	식물성액즙
3301904510	015930	농수산식품	인삼음료
3301904520	015930	농수산식품	인삼음료
3301904530	015930	농수산식품	인삼음료
3301904600	013400	농수산식품	식물성액즙
3301904700	013400	농수산식품	식물성액즙
3301904800	013400	농수산식품	식물성액즙
3302101000	229090	기타	기타정밀화학제품
3302102011	229090	기타	기타정밀화학제품
3302102019	229090	기타	기타정밀화학제품
3302102090	229090	기타	기타정밀화학제품
3302900000	229090	기타	기타정밀화학제품
3303001000	227310	화장품	향수, 화장수
3303002000	227310	화장품	향수, 화장수
3304101000	227320	화장품	메이크업, 기초화장품
3304109000	227320	화장품	메이크업, 기초화장품
3304201000	227320	화장품	메이크업, 기초화장품
3304209000	227320	화장품	메이크업, 기초화장품
3304301000	227320	화장품	메이크업, 기초화장품
3304309000	227320	화장품	메이크업, 기초화장품
3304911000	227320	화장품	메이크업, 기초화장품
3304912000	227320	화장품	메이크업, 기초화장품
3304919000	227320	화장품	메이크업, 기초화장품
3304991000	227320	화장품	메이크업, 기초화장품
3304992000	227320	화장품	메이크업, 기초화장품
3304993000	227320	화장품	메이크업, 기초화장품
3304999000	227320	화장품	메이크업, 기초화장품
3305100000	227330	화장품	두발용 제품
3305200000	227330	화장품	두발용 제품
3305300000	227330	화장품	두발용 제품
3305901000	227330	화장품	두발용 제품
3305902000	227330	화장품	두발용 제품
3305909000	227330	화장품	두발용 제품
3306100000	511040	생활용품	구강및치과위생용품
3306201011	511040	생활용품	구강및치과위생용품
3306201019	511040	생활용품	구강및치과위생용품
3306201020	511040	생활용품	구강및치과위생용품
3306209000	511040	생활용품	구강및치과위생용품
3306901000	932090	바이오헬스	기타
3306902000	932090	바이오헬스	기타
3307101000	227340	화장품	면도용 제품
3307109000	227340	화장품	면도용 제품
3307200000	227350	화장품	인체용 탈취제
3307301000	227360	화장품	목욕용 제품
3307302000	227360	화장품	목욕용 제품
3307410000	227900	기타	기타 화장품
3307490000	227900	기타	기타 화장품
3307901000	227330	화장품	두발용 제품
3307903000	227900	기타	기타 화장품
3307904000	227390	화장품	기타화장품
3307909000	227390	화장품	기타화장품
3401111000	227370	화장품	세안용품
3401119000	227370	화장품	세안용품
3401191010	227100	기타	비누
3401191090	227390	화장품	기타화장품
3401192000	227100	기타	비누
3401200000	227390	화장품	기타화장품
3401300000	227370	화장품	세안용품
3402310000	511010	생활용품	표면활성제
3402390000	511010	생활용품	표면활성제
3402410000	511010	생활용품	표면활성제
3402421000	511010	생활용품	표면활성제
3402429000	511010	생활용품	표면활성제
3402490000	511010	생활용품	표면활성제
3402501000	511010	생활용품	표면활성제
3402502000	511010	생활용품	표면활성제
3402509000	511010	생활용품	표면활성제
3402901000	511010	생활용품	표면활성제
3402902000	511010	생활용품	표면활성제
3402903000	511010	생활용품	표면활성제
3403111000	224010	기타	윤활제
3403112000	224010	기타	윤활제
3403119000	224010	기타	윤활제
3403191000	224010	기타	윤활제
3403193000	224010	기타	윤활제
3403194000	224010	기타	윤활제
3403195000	224010	기타	윤활제
3403199000	224010	기타	윤활제
3403911000	224010	기타	윤활제
3403912000	224010	기타	윤활제
3403919000	224010	기타	윤활제
3403991000	224010	기타	윤활제
3403992000	224010	기타	윤활제
3403999000	224010	기타	윤활제
3404200000	511020	생활용품	왁스
3404901010	511020	생활용품	왁스
3404901030	511020	생활용품	왁스
3404901040	511020	생활용품	왁스
3404901090	511020	생활용품	왁스
3404902000	511020	생활용품	왁스
3405100000	511030	생활용품	광택제 등 
3405200000	511030	생활용품	광택제 등 
3405300000	511030	생활용품	광택제 등 
3405400000	511030	생활용품	광택제 등 
3405901030	511030	생활용품	광택제 등 
3405901090	511030	생활용품	광택제 등 
3405909000	511030	생활용품	광택제 등 
3406000000	290090	기타	기타화학공업제품
3407001000	932090	바이오헬스	기타
3407002000	932090	바이오헬스	기타
3407003000	932090	바이오헬스	기타
3501101000	024500	농수산식품	단백질류
3501109000	024500	농수산식품	단백질류
3501901110	024500	농수산식품	단백질류
3501901190	024500	농수산식품	단백질류
3501901200	024500	농수산식품	단백질류
3501902000	024500	농수산식품	단백질류
3502110000	024500	농수산식품	단백질류
3502190000	024500	농수산식품	단백질류
3502200000	024500	농수산식품	단백질류
3502901000	024500	농수산식품	단백질류
3502909000	024500	농수산식품	단백질류
3503001010	931220	바이오헬스	화학원료
3503001020	024500	농수산식품	단백질류
3503002000	024500	농수산식품	단백질류
3503003000	024500	농수산식품	단백질류
3504001010	024500	농수산식품	단백질류
3504001020	024500	농수산식품	단백질류
3504002010	931220	바이오헬스	화학원료
3504002020	024500	농수산식품	단백질류
3504002030	024500	농수산식품	단백질류
3504002090	024500	농수산식품	단백질류
3504003000	024500	농수산식품	단백질류
3505101000	931220	바이오헬스	화학원료
3505102000	013900	농수산식품	기타식물성물질
3505103000	013900	농수산식품	기타식물성물질
3505104010	013900	농수산식품	기타식물성물질
3505104090	931220	바이오헬스	화학원료
3505105010	013900	농수산식품	기타식물성물질
3505105090	931220	바이오헬스	화학원료
3505109010	013900	농수산식품	기타식물성물질
3505109090	013900	농수산식품	기타식물성물질
3505201000	223000	기타	접착제
3505202000	223000	기타	접착제
3505209000	223000	기타	접착제
3506101000	515130	생활용품	사무용품
3506102000	515130	생활용품	사무용품
3506109000	515130	생활용품	사무용품
3506911000	223000	기타	접착제
3506919000	223000	기타	접착제
3506991000	223000	기타	접착제
3506999000	223000	기타	접착제
3507100000	228900	기타	기타정밀화학원료
3507901000	931220	바이오헬스	화학원료
3507904000	931220	바이오헬스	화학원료
3507906010	931220	바이오헬스	화학원료
3507906020	931220	바이오헬스	화학원료
3507907000	229090	기타	기타정밀화학제품
3507909000	931220	바이오헬스	화학원료
3601001000	290090	기타	기타화학공업제품
3601002000	290090	기타	기타화학공업제품
3602000000	290090	기타	기타화학공업제품
3603100000	290090	기타	기타화학공업제품
3603200000	290090	기타	기타화학공업제품
3603300000	290090	기타	기타화학공업제품
3603400000	290090	기타	기타화학공업제품
3603500000	290090	기타	기타화학공업제품
3603600000	290090	기타	기타화학공업제품
3604100000	290090	기타	기타화학공업제품
3604901000	290090	기타	기타화학공업제품
3604909000	290090	기타	기타화학공업제품
3605000000	521290	생활용품	기타휴대용품
3606100000	290090	기타	기타화학공업제품
3606900000	290090	기타	기타화학공업제품
3701100000	932090	바이오헬스	기타
3701200000	225010	기타	현상하지않은필름
3701302000	225010	기타	현상하지않은필름
3701303000	225010	기타	현상하지않은필름
3701304000	225010	기타	현상하지않은필름
3701309000	225010	기타	현상하지않은필름
3701911000	225010	기타	현상하지않은필름
3701919100	225010	기타	현상하지않은필름
3701919200	225010	기타	현상하지않은필름
3701919900	225010	기타	현상하지않은필름
3701991000	225010	기타	현상하지않은필름
3701999100	225010	기타	현상하지않은필름
3701999200	225010	기타	현상하지않은필름
3701999900	225010	기타	현상하지않은필름
3702100000	932090	바이오헬스	기타
3702311000	225010	기타	현상하지않은필름
3702319000	225010	기타	현상하지않은필름
3702321000	225010	기타	현상하지않은필름
3702329000	225010	기타	현상하지않은필름
3702391000	225010	기타	현상하지않은필름
3702399000	225010	기타	현상하지않은필름
3702411000	225010	기타	현상하지않은필름
3702419000	225010	기타	현상하지않은필름
3702421000	225010	기타	현상하지않은필름
3702422000	225010	기타	현상하지않은필름
3702423000	225010	기타	현상하지않은필름
3702429000	225010	기타	현상하지않은필름
3702431000	225010	기타	현상하지않은필름
3702432000	225010	기타	현상하지않은필름
3702433000	225010	기타	현상하지않은필름
3702439000	225010	기타	현상하지않은필름
3702441000	225010	기타	현상하지않은필름
3702442000	225010	기타	현상하지않은필름
3702443000	225010	기타	현상하지않은필름
3702449000	225010	기타	현상하지않은필름
3702521000	225010	기타	현상하지않은필름
3702529000	225010	기타	현상하지않은필름
3702530000	225010	기타	현상하지않은필름
3702541000	225010	기타	현상하지않은필름
3702549000	225010	기타	현상하지않은필름
3702551000	225010	기타	현상하지않은필름
3702559000	225010	기타	현상하지않은필름
3702561000	225010	기타	현상하지않은필름
3702569000	225010	기타	현상하지않은필름
3702961000	225010	기타	현상하지않은필름
3702969000	225010	기타	현상하지않은필름
3702971000	225010	기타	현상하지않은필름
3702979000	225010	기타	현상하지않은필름
3702981000	225010	기타	현상하지않은필름
3702982000	225010	기타	현상하지않은필름
3702983000	225010	기타	현상하지않은필름
3702989000	225010	기타	현상하지않은필름
3703100000	225010	기타	현상하지않은필름
3703203000	225010	기타	현상하지않은필름
3703209000	225010	기타	현상하지않은필름
3703900000	225010	기타	현상하지않은필름
3704001100	225010	기타	현상하지않은필름
3704001200	225010	기타	현상하지않은필름
3704001300	225010	기타	현상하지않은필름
3704001900	225010	기타	현상하지않은필름
3704002000	225010	기타	현상하지않은필름
3705001010	225030	기타	현상한영화필름
3705001090	225030	기타	현상한영화필름
3705009010	732200	기타	반도체제조용장비부품
3705009090	225030	기타	현상한영화필름
3706100000	225030	기타	현상한영화필름
3706900000	225030	기타	현상한영화필름
3707100000	225090	기타	기타사진영화용재료
3707901010	225090	기타	기타사진영화용재료
3707901020	225090	기타	기타사진영화용재료
3707901090	225090	기타	기타사진영화용재료
3707902010	225090	기타	기타사진영화용재료
3707902090	225090	기타	기타사진영화용재료
3707903000	225090	기타	기타사진영화용재료
3707909200	225090	기타	기타사진영화용재료
3707909300	225090	기타	기타사진영화용재료
3707909900	225090	기타	기타사진영화용재료
3801101000	290090	기타	기타화학공업제품
3801109000	290090	기타	기타화학공업제품
3801200000	290090	기타	기타화학공업제품
3801300000	290090	기타	기타화학공업제품
3801900000	290090	기타	기타화학공업제품
3802100000	129000	기타	기타비금속광물
3802901000	129000	기타	기타비금속광물
3802903000	129000	기타	기타비금속광물
3802909000	129000	기타	기타비금속광물
3803000000	290090	기타	기타화학공업제품
3804001000	290090	기타	기타화학공업제품
3804009000	290090	기타	기타화학공업제품
3805101000	290090	기타	기타화학공업제품
3805102000	290090	기타	기타화학공업제품
3805103000	290090	기타	기타화학공업제품
3805900000	290090	기타	기타화학공업제품
3806101000	228900	기타	기타정밀화학원료
3806102000	228900	기타	기타정밀화학원료
3806200000	290090	기타	기타화학공업제품
3806300000	290090	기타	기타화학공업제품
3806900000	290090	기타	기타화학공업제품
3807003000	290090	기타	기타화학공업제품
3807009010	290090	기타	기타화학공업제품
3807009090	290090	기타	기타화학공업제품
3808520000	226110	기타	농약
3808591000	226120	기타	농약원제
3808599000	226110	기타	농약
3808611000	226120	기타	농약원제
3808619000	226110	기타	농약
3808621000	226120	기타	농약원제
3808629000	226110	기타	농약
3808691000	226120	기타	농약원제
3808699000	226110	기타	농약
3808911000	226120	기타	농약원제
3808919000	226110	기타	농약
3808921000	226120	기타	농약원제
3808929000	226110	기타	농약
3808931000	226110	기타	농약
3808932000	226110	기타	농약
3808933000	226110	기타	농약
3808940000	931120	바이오헬스	화학의약품
3808991000	229090	기타	기타정밀화학제품
3808999000	229090	기타	기타정밀화학제품
3809100000	013900	농수산식품	기타식물성물질
3809910000	229090	기타	기타정밀화학제품
3809920000	229090	기타	기타정밀화학제품
3809930000	229090	기타	기타정밀화학제품
3810101000	290090	기타	기타화학공업제품
3810109000	290090	기타	기타화학공업제품
3810901000	290090	기타	기타화학공업제품
3810909000	290090	기타	기타화학공업제품
3811110000	229090	기타	기타정밀화학제품
3811190000	229090	기타	기타정밀화학제품
3811210000	229090	기타	기타정밀화학제품
3811290000	229090	기타	기타정밀화학제품
3811900000	229090	기타	기타정밀화학제품
3812101000	229090	기타	기타정밀화학제품
3812102000	229090	기타	기타정밀화학제품
3812109000	229090	기타	기타정밀화학제품
3812200000	229090	기타	기타정밀화학제품
3812310000	229090	기타	기타정밀화학제품
3812391000	229090	기타	기타정밀화학제품
3812392000	229090	기타	기타정밀화학제품
3813001000	290090	기타	기타화학공업제품
3813002000	290090	기타	기타화학공업제품
3813003000	290090	기타	기타화학공업제품
3814001020	229090	기타	기타정밀화학제품
3814001030	229090	기타	기타정밀화학제품
3814001090	229090	기타	기타정밀화학제품
3814002110	229090	기타	기타정밀화학제품
3814002190	229090	기타	기타정밀화학제품
3814002910	229090	기타	기타정밀화학제품
3814002990	229090	기타	기타정밀화학제품
3815110000	229090	기타	기타정밀화학제품
3815121000	229090	기타	기타정밀화학제품
3815122000	229090	기타	기타정밀화학제품
3815129000	229090	기타	기타정밀화학제품
3815191000	229090	기타	기타정밀화학제품
3815192000	229090	기타	기타정밀화학제품
3815199000	229090	기타	기타정밀화학제품
3815901000	229090	기타	기타정밀화학제품
3815909000	229090	기타	기타정밀화학제품
3816001000	249000	기타	기타요업제품
3816002000	249000	기타	기타요업제품
3816003000	249000	기타	기타요업제품
3816009010	124000	기타	석회석
3816009090	249000	기타	기타요업제품
3817000000	219000	석유화학	기타석유화학제품
3818001000	831400	반도체	실리콘웨이퍼
3818002010	831400	반도체	실리콘웨이퍼
3818002090	831400	반도체	실리콘웨이퍼
3819001000	290090	기타	기타화학공업제품
3819002000	290090	기타	기타화학공업제품
3820001000	290090	기타	기타화학공업제품
3820002000	290090	기타	기타화학공업제품
3821000000	290090	기타	기타화학공업제품
3822111000	932010	바이오헬스	체외진단용시약
3822112000	932010	바이오헬스	체외진단용시약
3822119000	932010	바이오헬스	체외진단용시약
3822121000	932010	바이오헬스	체외진단용시약
3822129000	932010	바이오헬스	체외진단용시약
3822130000	932010	바이오헬스	체외진단용시약
3822191000	932010	바이오헬스	체외진단용시약
3822192011	932010	바이오헬스	체외진단용시약
3822192012	932010	바이오헬스	체외진단용시약
3822192013	932010	바이오헬스	체외진단용시약
3822192014	932010	바이오헬스	체외진단용시약
3822192019	932010	바이오헬스	체외진단용시약
3822192020	932010	바이오헬스	체외진단용시약
3822192091	932010	바이오헬스	체외진단용시약
3822192092	932010	바이오헬스	체외진단용시약
3822192093	932010	바이오헬스	체외진단용시약
3822192099	932010	바이오헬스	체외진단용시약
3822193011	932010	바이오헬스	체외진단용시약
3822193012	932010	바이오헬스	체외진단용시약
3822193013	932010	바이오헬스	체외진단용시약
3822193014	932010	바이오헬스	체외진단용시약
3822193019	932010	바이오헬스	체외진단용시약
3822193020	932010	바이오헬스	체외진단용시약
3822193091	932010	바이오헬스	체외진단용시약
3822193092	932010	바이오헬스	체외진단용시약
3822193093	932010	바이오헬스	체외진단용시약
3822193099	932010	바이오헬스	체외진단용시약
3822900011	932010	바이오헬스	체외진단용시약
3822900012	932010	바이오헬스	체외진단용시약
3822900013	932010	바이오헬스	체외진단용시약
3822900014	932010	바이오헬스	체외진단용시약
3822900015	932010	바이오헬스	체외진단용시약
3822900016	932010	바이오헬스	체외진단용시약
3822900017	932010	바이오헬스	체외진단용시약
3822900018	932010	바이오헬스	체외진단용시약
3822900019	932010	바이오헬스	체외진단용시약
3822900020	932010	바이오헬스	체외진단용시약
3823110000	931220	바이오헬스	화학원료
3823120000	229090	기타	기타정밀화학제품
3823130000	229090	기타	기타정밀화학제품
3823191000	229090	기타	기타정밀화학제품
3823192000	229090	기타	기타정밀화학제품
3823199000	229090	기타	기타정밀화학제품
3823701000	229090	기타	기타정밀화학제품
3823702000	931220	바이오헬스	화학원료
3823703000	229090	기타	기타정밀화학제품
3823704000	229090	기타	기타정밀화학제품
3823709010	226120	기타	농약원제
3823709090	229090	기타	기타정밀화학제품
3824100000	290090	기타	기타화학공업제품
3824300000	290090	기타	기타화학공업제품
3824400000	290090	기타	기타화학공업제품
3824500000	290090	기타	기타화학공업제품
3824600000	931220	바이오헬스	화학원료
3824810000	290090	기타	기타화학공업제품
3824820000	290090	기타	기타화학공업제품
3824830000	290090	기타	기타화학공업제품
3824840000	290090	기타	기타화학공업제품
3824850000	931220	바이오헬스	화학원료
3824860000	290090	기타	기타화학공업제품
3824870000	290090	기타	기타화학공업제품
3824880000	290090	기타	기타화학공업제품
3824890000	290090	기타	기타화학공업제품
3824910000	290090	기타	기타화학공업제품
3824920000	290090	기타	기타화학공업제품
3824991000	290090	기타	기타화학공업제품
3824992100	290090	기타	기타화학공업제품
3824992210	226120	기타	농약원제
3824992290	290090	기타	기타화학공업제품
3824992900	290090	기타	기타화학공업제품
3824993100	290090	기타	기타화학공업제품
3824993910	290090	기타	기타화학공업제품
3824993990	290090	기타	기타화학공업제품
3824994100	290090	기타	기타화학공업제품
3824994200	290090	기타	기타화학공업제품
3824994300	290090	기타	기타화학공업제품
3824994400	290090	기타	기타화학공업제품
3824995100	290090	기타	기타화학공업제품
3824995200	290090	기타	기타화학공업제품
3824995300	290090	기타	기타화학공업제품
3824996100	290090	기타	기타화학공업제품
3824996200	932090	바이오헬스	기타
3824996300	290090	기타	기타화학공업제품
3824996400	290090	기타	기타화학공업제품
3824996500	290090	기타	기타화학공업제품
3824996600	290090	기타	기타화학공업제품
3824997100	290090	기타	기타화학공업제품
3824997200	290090	기타	기타화학공업제품
3824997300	290090	기타	기타화학공업제품
3824997400	290090	기타	기타화학공업제품
3824997500	290090	기타	기타화학공업제품
3824997600	290090	기타	기타화학공업제품
3824997700	290090	기타	기타화학공업제품
3824998000	290090	기타	기타화학공업제품
3824999010	290090	기타	기타화학공업제품
3824999020	290090	기타	기타화학공업제품
3824999030	290090	기타	기타화학공업제품
3824999040	290090	기타	기타화학공업제품
3824999052	836220	기타	전해액
3824999053	836220	기타	전해액
3824999059	290090	기타	기타화학공업제품
3824999090	290090	기타	기타화학공업제품
3825100000	290020	기타	잔재물과 폐기물
3825200000	290020	기타	잔재물과 폐기물
3825301000	290020	기타	잔재물과 폐기물
3825302000	290020	기타	잔재물과 폐기물
3825303000	290020	기타	잔재물과 폐기물
3825304000	290020	기타	잔재물과 폐기물
3825410000	290020	기타	잔재물과 폐기물
3825490000	290020	기타	잔재물과 폐기물
3825500000	290020	기타	잔재물과 폐기물
3825610000	290020	기타	잔재물과 폐기물
3825690000	290020	기타	잔재물과 폐기물
3825901000	290020	기타	잔재물과 폐기물
3825902000	290020	기타	잔재물과 폐기물
3825903000	290020	기타	잔재물과 폐기물
3825904000	290020	기타	잔재물과 폐기물
3825909000	290020	기타	잔재물과 폐기물
3826000000	290090	기타	기타화학공업제품
3827111000	290090	기타	기타화학공업제품
3827119000	290090	기타	기타화학공업제품
3827120000	290090	기타	기타화학공업제품
3827130000	290090	기타	기타화학공업제품
3827140000	290090	기타	기타화학공업제품
3827200000	290090	기타	기타화학공업제품
3827310000	290090	기타	기타화학공업제품
3827320000	290090	기타	기타화학공업제품
3827390000	290090	기타	기타화학공업제품
3827400000	290090	기타	기타화학공업제품
3827510000	290090	기타	기타화학공업제품
3827590000	290090	기타	기타화학공업제품
3827610000	290090	기타	기타화학공업제품
3827620000	290090	기타	기타화학공업제품
3827630000	290090	기타	기타화학공업제품
3827640000	290090	기타	기타화학공업제품
3827650000	290090	기타	기타화학공업제품
3827680000	290090	기타	기타화학공업제품
3827690000	290090	기타	기타화학공업제품
3827900000	290090	기타	기타화학공업제품
3901101000	214001	석유화학	저밀도에틸렌
3901109000	214001	석유화학	저밀도에틸렌
3901200000	214002	석유화학	고밀도에틸렌
3901300000	214001	석유화학	저밀도에틸렌
3901400000	214090	석유화학	기타합성수지
3901900000	214090	석유화학	기타합성수지
3902100000	214004	석유화학	폴리프로필렌
3902200000	214090	석유화학	기타합성수지
3902300000	214004	석유화학	폴리프로필렌
3902900000	214090	석유화학	기타합성수지
3903110000	214003	석유화학	발포성 폴리스티렌
3903190000	214005	석유화학	폴리스티렌
3903200000	214090	석유화학	기타합성수지
3903300000	214006	석유화학	ABS수지
3903901000	214005	석유화학	폴리스티렌
3903909000	214090	석유화학	기타합성수지
3904100000	214007	석유화학	염화비닐수지
3904210000	214007	석유화학	염화비닐수지
3904220000	214007	석유화학	염화비닐수지
3904300000	214090	석유화학	기타합성수지
3904400000	214090	석유화학	기타합성수지
3904500000	214090	석유화학	기타합성수지
3904610000	214090	석유화학	기타합성수지
3904691000	214090	석유화학	기타합성수지
3904699000	214090	석유화학	기타합성수지
3904900000	214090	석유화학	기타합성수지
3905120000	214090	석유화학	기타합성수지
3905190000	214090	석유화학	기타합성수지
3905210000	214090	석유화학	기타합성수지
3905290000	214090	석유화학	기타합성수지
3905300000	214090	석유화학	기타합성수지
3905910000	214090	석유화학	기타합성수지
3905990000	214090	석유화학	기타합성수지
3906100000	214008	석유화학	폴리메타아크릴산메틸
3906901000	214090	석유화학	기타합성수지
3906909000	214008	석유화학	폴리메타아크릴산메틸
3907100000	214011	석유화학	아세탈수지
3907210000	214090	석유화학	기타합성수지
3907291010	214090	석유화학	기타합성수지
3907291090	214090	석유화학	기타합성수지
3907292010	219000	석유화학	기타석유화학제품
3907292090	219000	석유화학	기타석유화학제품
3907293000	214009	석유화학	폴리페닐렌옥사이드
3907299000	214090	석유화학	기타합성수지
3907301000	214012	석유화학	에폭시수지
3907309000	214012	석유화학	에폭시수지
3907400000	214013	석유화학	폴리카보네이트
3907500000	214090	석유화학	기타합성수지
3907610000	214014	석유화학	폴리에스테르수지
3907690000	214014	석유화학	폴리에스테르수지
3907700000	214090	석유화학	기타합성수지
3907910000	214090	석유화학	기타합성수지
3907991000	214014	석유화학	폴리에스테르수지
3907992000	214090	석유화학	기타합성수지
3907999000	214090	석유화학	기타합성수지
3908101000	214015	석유화학	폴리아미드수지
3908102000	214015	석유화학	폴리아미드수지
3908103000	214015	석유화학	폴리아미드수지
3908900000	214015	석유화학	폴리아미드수지
3909100000	214090	석유화학	기타합성수지
3909200000	214090	석유화학	기타합성수지
3909310000	214090	석유화학	기타합성수지
3909390000	214090	석유화학	기타합성수지
3909400000	214090	석유화학	기타합성수지
3909500000	214090	석유화학	기타합성수지
3910001000	214090	석유화학	기타합성수지
3910009010	214010	석유화학	실리콘수지
3910009020	214010	석유화학	실리콘수지
3910009090	214010	석유화학	실리콘수지
3911101000	214090	석유화학	기타합성수지
3911102000	214090	석유화학	기타합성수지
3911103000	214090	석유화학	기타합성수지
3911200000	214090	석유화학	기타합성수지
3911901000	214090	석유화학	기타합성수지
3911902000	214090	석유화학	기타합성수지
3911903000	214090	석유화학	기타합성수지
3911909000	214090	석유화학	기타합성수지
3912110000	310900	기타	기타플라스틱제품
3912120000	310900	기타	기타플라스틱제품
3912200000	310900	기타	기타플라스틱제품
3912311000	931220	바이오헬스	화학원료
3912319000	931220	바이오헬스	화학원료
3912391000	310900	기타	기타플라스틱제품
3912399000	310900	기타	기타플라스틱제품
3912900000	310900	기타	기타플라스틱제품
3913101000	931220	바이오헬스	화학원료
3913102000	931220	바이오헬스	화학원료
3913109000	931220	바이오헬스	화학원료
3913902010	310900	기타	기타플라스틱제품
3913902090	310900	기타	기타플라스틱제품
3913909000	931220	바이오헬스	화학원료
3914001000	214090	석유화학	기타합성수지
3914009000	214090	석유화학	기타합성수지
3915101000	310900	기타	기타플라스틱제품
3915102000	310900	기타	기타플라스틱제품
3915103000	310900	기타	기타플라스틱제품
3915104000	310900	기타	기타플라스틱제품
3915109000	310900	기타	기타플라스틱제품
3915201000	310900	기타	기타플라스틱제품
3915209000	310900	기타	기타플라스틱제품
3915301000	310900	기타	기타플라스틱제품
3915309000	310900	기타	기타플라스틱제품
3915901000	310900	기타	기타플라스틱제품
3915902000	310900	기타	기타플라스틱제품
3915903000	310900	기타	기타플라스틱제품
3915904000	310900	기타	기타플라스틱제품
3915905000	310900	기타	기타플라스틱제품
3915909010	310900	기타	기타플라스틱제품
3915909020	310900	기타	기타플라스틱제품
3915909030	310900	기타	기타플라스틱제품
3915909090	310900	기타	기타플라스틱제품
3916100000	310900	기타	기타플라스틱제품
3916200000	310900	기타	기타플라스틱제품
3916901000	310900	기타	기타플라스틱제품
3916902000	310900	기타	기타플라스틱제품
3916903000	310900	기타	기타플라스틱제품
3916904000	310900	기타	기타플라스틱제품
3916909000	310900	기타	기타플라스틱제품
3917101000	310200	기타	플라스틱관
3917102000	310200	기타	플라스틱관
3917210000	310200	기타	플라스틱관
3917220000	310200	기타	플라스틱관
3917230000	310200	기타	플라스틱관
3917292000	310200	기타	플라스틱관
3917299000	310200	기타	플라스틱관
3917311000	310200	기타	플라스틱관
3917312000	310200	기타	플라스틱관
3917319000	310200	기타	플라스틱관
3917321000	310200	기타	플라스틱관
3917322000	310200	기타	플라스틱관
3917329000	310200	기타	플라스틱관
3917331000	310200	기타	플라스틱관
3917332000	310200	기타	플라스틱관
3917339000	310200	기타	플라스틱관
3917391000	310200	기타	플라스틱관
3917392000	310200	기타	플라스틱관
3917399000	310200	기타	플라스틱관
3917400000	310200	기타	플라스틱관
3918101000	310100	기타	플라스틱깔개및벽피복
3918102000	310100	기타	플라스틱깔개및벽피복
3918109000	310100	기타	플라스틱깔개및벽피복
3918900000	310100	기타	플라스틱깔개및벽피복
3919100000	310900	기타	기타플라스틱제품
3919900000	310900	기타	기타플라스틱제품
3920100000	310320	기타	에틸렌중합체필름
3920200000	310330	기타	프로필렌중합체필름
3920300000	310900	기타	기타플라스틱제품
3920430000	310900	기타	기타플라스틱제품
3920490000	310900	기타	기타플라스틱제품
3920510000	310900	기타	기타플라스틱제품
3920590000	310900	기타	기타플라스틱제품
3920610000	310900	기타	기타플라스틱제품
3920620000	310310	기타	폴리에틸렌테레프탈레이트필름
3920630000	310900	기타	기타플라스틱제품
3920690000	310900	기타	기타플라스틱제품
3920710000	310900	기타	기타플라스틱제품
3920730000	310900	기타	기타플라스틱제품
3920791000	310900	기타	기타플라스틱제품
3920799000	310900	기타	기타플라스틱제품
3920910000	310900	기타	기타플라스틱제품
3920920000	310340	기타	폴리아미드필름
3920930000	310900	기타	기타플라스틱제품
3920940000	310900	기타	기타플라스틱제품
3920991000	310900	기타	기타플라스틱제품
3920999010	310900	기타	기타플라스틱제품
3920999020	310900	기타	기타플라스틱제품
3920999090	310900	기타	기타플라스틱제품
3921110000	310900	기타	기타플라스틱제품
3921120000	310900	기타	기타플라스틱제품
3921130000	310900	기타	기타플라스틱제품
3921140000	310900	기타	기타플라스틱제품
3921191010	836230	기타	분리막
3921191090	310320	기타	에틸렌중합체필름
3921192010	836230	기타	분리막
3921192090	310330	기타	프로필렌중합체필름
3921193010	310900	기타	기타플라스틱제품
3921193090	310900	기타	기타플라스틱제품
3921194010	310900	기타	기타플라스틱제품
3921194020	310310	기타	폴리에틸렌테레프탈레이트필름
3921194030	310900	기타	기타플라스틱제품
3921194090	310900	기타	기타플라스틱제품
3921195000	310900	기타	기타플라스틱제품
3921199020	310340	기타	폴리아미드필름
3921199040	310900	기타	기타플라스틱제품
3921199090	310900	기타	기타플라스틱제품
3921901000	310320	기타	에틸렌중합체필름
3921902000	310330	기타	프로필렌중합체필름
3921903000	310900	기타	기타플라스틱제품
3921904010	310900	기타	기타플라스틱제품
3921904020	310900	기타	기타플라스틱제품
3921905000	310900	기타	기타플라스틱제품
3921906010	310900	기타	기타플라스틱제품
3921906020	310310	기타	폴리에틸렌테레프탈레이트필름
3921906030	310900	기타	기타플라스틱제품
3921906090	310900	기타	기타플라스틱제품
3921907000	310900	기타	기타플라스틱제품
3921909010	310900	기타	기타플라스틱제품
3921909020	310340	기타	폴리아미드필름
3921909030	310900	기타	기타플라스틱제품
3921909040	310900	기타	기타플라스틱제품
3921909050	310900	기타	기타플라스틱제품
3921909090	310900	기타	기타플라스틱제품
3922101000	310900	기타	기타플라스틱제품
3922102000	310900	기타	기타플라스틱제품
3922103000	310900	기타	기타플라스틱제품
3922200000	310900	기타	기타플라스틱제품
3922901000	310900	기타	기타플라스틱제품
3922909000	310900	기타	기타플라스틱제품
3923100000	310900	기타	기타플라스틱제품
3923210000	310900	기타	기타플라스틱제품
3923290000	310900	기타	기타플라스틱제품
3923300000	310900	기타	기타플라스틱제품
3923400000	310900	기타	기타플라스틱제품
3923500000	310900	기타	기타플라스틱제품
3923900000	310900	기타	기타플라스틱제품
3924100000	516110	생활용품	자기제 식탁용품 및 주방용품
3924901000	310900	기타	기타플라스틱제품
3924902000	310900	기타	기타플라스틱제품
3924909000	310900	기타	기타플라스틱제품
3925100000	310900	기타	기타플라스틱제품
3925200000	310900	기타	기타플라스틱제품
3925300000	310900	기타	기타플라스틱제품
3925900000	310900	기타	기타플라스틱제품
3926101000	515190	생활용품	기타문구
3926102000	515190	생활용품	기타문구
3926109000	515190	생활용품	기타문구
3926200000	310900	기타	기타플라스틱제품
3926300000	310900	기타	기타플라스틱제품
3926400000	525900	생활용품	기타공예품
3926901000	515190	생활용품	기타문구
3926902000	515190	생활용품	기타문구
3926903000	515190	생활용품	기타문구
3926904000	515190	생활용품	기타문구
3926905000	515190	생활용품	기타문구
3926906000	515190	생활용품	기타문구
3926909000	515190	생활용품	기타문구
4001100000	033200	농수산식품	천연고무
4001210000	033200	농수산식품	천연고무
4001220000	033200	농수산식품	천연고무
4001290000	033200	농수산식품	천연고무
4001300000	033200	농수산식품	천연고무
4002110000	215010	석유화학	SNR-L(스티렌 변성 천연 고무-L)
4002190000	215020	석유화학	SBR(스티렌부타디엔 고무)
4002201000	215090	석유화학	기타합성고무
4002209000	215030	석유화학	폴리부타디엔고무
4002311000	215090	석유화학	기타합성고무
4002319000	215040	석유화학	부틸고무
4002391000	215090	석유화학	기타합성고무
4002399010	215090	석유화학	기타합성고무
4002399020	215090	석유화학	기타합성고무
4002410000	215090	석유화학	기타합성고무
4002490000	215050	석유화학	클로로프렌고무
4002510000	215090	석유화학	기타합성고무
4002590000	215060	석유화학	아크릴로니트닐부타디엔
4002600000	215090	석유화학	기타합성고무
4002700000	215070	석유화학	에틸렌프로필렌고무
4002800000	215090	석유화학	기타합성고무
4002910000	215090	석유화학	기타합성고무
4002991000	215090	석유화학	기타합성고무
4002999000	215090	석유화학	기타합성고무
4003000000	320900	기타	기타고무제품
4004001010	320900	기타	기타고무제품
4004001090	320900	기타	기타고무제품
4004002000	320900	기타	기타고무제품
4004009000	320900	기타	기타고무제품
4005101000	320900	기타	기타고무제품
4005109000	320900	기타	기타고무제품
4005200000	320900	기타	기타고무제품
4005910000	320900	기타	기타고무제품
4005990000	320900	기타	기타고무제품
4006100000	320900	기타	기타고무제품
4006904000	320900	기타	기타고무제품
4006909000	320900	기타	기타고무제품
4007001000	320900	기타	기타고무제품
4007002000	320900	기타	기타고무제품
4008111000	320900	기타	기타고무제품
4008119000	320900	기타	기타고무제품
4008191000	320900	기타	기타고무제품
4008199000	320900	기타	기타고무제품
4008211000	320900	기타	기타고무제품
4008219000	320900	기타	기타고무제품
4008291000	320900	기타	기타고무제품
4008299000	320900	기타	기타고무제품
4009110000	320200	기타	고무관
4009120000	320200	기타	고무관
4009210000	320200	기타	고무관
4009220000	320200	기타	고무관
4009310000	320200	기타	고무관
4009320000	320200	기타	고무관
4009410000	320200	기타	고무관
4009420000	320200	기타	고무관
4010110000	320100	기타	고무벨트
4010120000	320100	기타	고무벨트
4010191000	320100	기타	고무벨트
4010199000	320100	기타	고무벨트
4010310000	320100	기타	고무벨트
4010320000	320100	기타	고무벨트
4010330000	320100	기타	고무벨트
4010340000	320100	기타	고무벨트
4010350000	320100	기타	고무벨트
4010360000	320100	기타	고무벨트
4010390000	320100	기타	고무벨트
4011101000	320310	기타	승용차용타이어
4011102000	320310	기타	승용차용타이어
4011109000	320310	기타	승용차용타이어
4011201010	320320	기타	버스및화물차용타이어
4011201090	320320	기타	버스및화물차용타이어
4011202010	320320	기타	버스및화물차용타이어
4011202090	320320	기타	버스및화물차용타이어
4011209000	320320	기타	버스및화물차용타이어
4011300000	320390	기타	기타타이어
4011400000	320390	기타	기타타이어
4011500000	320390	기타	기타타이어
4011701000	320390	기타	기타타이어
4011709000	320390	기타	기타타이어
4011801010	320390	기타	기타타이어
4011801090	320390	기타	기타타이어
4011809010	320390	기타	기타타이어
4011809090	320390	기타	기타타이어
4011900000	320390	기타	기타타이어
4012110000	320310	기타	승용차용타이어
4012120000	320320	기타	버스및화물차용타이어
4012130000	320390	기타	기타타이어
4012190000	320390	기타	기타타이어
4012201000	320390	기타	기타타이어
4012209010	320310	기타	승용차용타이어
4012209020	320320	기타	버스및화물차용타이어
4012209090	320390	기타	기타타이어
4012901000	320390	기타	기타타이어
4012909010	320390	기타	기타타이어
4012909020	320390	기타	기타타이어
4012909030	320390	기타	기타타이어
4012909040	320390	기타	기타타이어
4012909090	320390	기타	기타타이어
4013101000	320400	기타	타이어튜브
4013102000	320400	기타	타이어튜브
4013200000	320400	기타	타이어튜브
4013901000	320400	기타	타이어튜브
4013909010	320400	기타	타이어튜브
4013909020	320400	기타	타이어튜브
4013909090	320400	기타	타이어튜브
4014100000	932090	바이오헬스	기타
4014901000	320900	기타	기타고무제품
4014909000	932090	바이오헬스	기타
4015120000	932090	바이오헬스	기타
4015190000	441301	섬유류	고무제의류
4015901000	441301	섬유류	고무제의류
4015902000	932090	바이오헬스	기타
4015909000	950990	기타	기타의료위생용품
4016100000	320900	기타	기타고무제품
4016910000	320900	기타	기타고무제품
4016920000	515190	생활용품	기타문구
4016930000	320900	기타	기타고무제품
4016940000	320900	기타	기타고무제품
4016951000	320900	기타	기타고무제품
4016952000	320900	기타	기타고무제품
4016953000	320900	기타	기타고무제품
4016959000	320900	기타	기타고무제품
4016991010	320900	기타	기타고무제품
4016991090	320900	기타	기타고무제품
4016992000	320900	기타	기타고무제품
4016993000	320900	기타	기타고무제품
4016999000	320900	기타	기타고무제품
4017001000	320900	기타	기타고무제품
4017002000	320900	기타	기타고무제품
4017003000	320900	기타	기타고무제품
4101201000	331100	기타	소가죽
4101202000	331100	기타	소가죽
4101501011	331100	기타	소가죽
4101501012	331100	기타	소가죽
4101501013	331100	기타	소가죽
4101501014	331100	기타	소가죽
4101501019	331100	기타	소가죽
4101501021	331100	기타	소가죽
4101501022	331100	기타	소가죽
4101501023	331100	기타	소가죽
4101501024	331100	기타	소가죽
4101501029	331100	기타	소가죽
4101501090	331100	기타	소가죽
4101502000	331100	기타	소가죽
4101901010	331100	기타	소가죽
4101901091	331100	기타	소가죽
4101901099	331100	기타	소가죽
4101902000	331100	기타	소가죽
4102100000	331200	기타	양가죽
4102211000	331200	기타	양가죽
4102212000	331200	기타	양가죽
4102291000	331200	기타	양가죽
4102292000	331200	기타	양가죽
4103201010	331900	기타	기타가죽
4103201030	331900	기타	기타가죽
4103201090	331900	기타	기타가죽
4103202000	331900	기타	기타가죽
4103301000	331900	기타	기타가죽
4103302000	331900	기타	기타가죽
4103901010	331900	기타	기타가죽
4103901020	331900	기타	기타가죽
4103901030	331900	기타	기타가죽
4103901090	331200	기타	양가죽
4103902000	331200	기타	양가죽
4104110000	331100	기타	소가죽
4104190000	331100	기타	소가죽
4104410000	331100	기타	소가죽
4104490000	331100	기타	소가죽
4105100000	331200	기타	양가죽
4105300000	331200	기타	양가죽
4106210000	331200	기타	양가죽
4106220000	331200	기타	양가죽
4106310000	331200	기타	양가죽
4106320000	331200	기타	양가죽
4106400000	331200	기타	양가죽
4106910000	331200	기타	양가죽
4106920000	331200	기타	양가죽
4107110000	331900	기타	기타가죽
4107120000	331900	기타	기타가죽
4107190000	331900	기타	기타가죽
4107910000	331900	기타	기타가죽
4107920000	331900	기타	기타가죽
4107990000	331900	기타	기타가죽
4112000000	331900	기타	기타가죽
4113100000	331900	기타	기타가죽
4113200000	331900	기타	기타가죽
4113300000	331900	기타	기타가죽
4113900000	331900	기타	기타가죽
4114100000	331900	기타	기타가죽
4114201000	331900	기타	기타가죽
4114202000	331900	기타	기타가죽
4114203000	331900	기타	기타가죽
4115100000	331900	기타	기타가죽
4115200000	331900	기타	기타가죽
4201002000	524200	생활용품	마구용품
4201009000	524200	생활용품	마구용품
4202111000	442120	섬유류	가죽제가방
4202112000	442120	섬유류	가죽제가방
4202113000	442120	섬유류	가죽제가방
4202121010	442130	섬유류	합성수지제가방
4202121020	442130	섬유류	합성수지제가방
4202121090	442130	섬유류	합성수지제가방
4202122000	442110	섬유류	직물제가방
4202190000	442190	섬유류	기타가방
4202211010	442120	섬유류	가죽제가방
4202211020	442120	섬유류	가죽제가방
4202211030	442120	섬유류	가죽제가방
4202211090	442120	섬유류	가죽제가방
4202212000	442120	섬유류	가죽제가방
4202213000	442120	섬유류	가죽제가방
4202221010	442130	섬유류	합성수지제가방
4202221020	442130	섬유류	합성수지제가방
4202221090	442130	섬유류	합성수지제가방
4202222000	442110	섬유류	직물제가방
4202290000	442190	섬유류	기타가방
4202311030	442120	섬유류	가죽제가방
4202311090	442120	섬유류	가죽제가방
4202312000	442120	섬유류	가죽제가방
4202313000	442120	섬유류	가죽제가방
4202321010	442130	섬유류	합성수지제가방
4202321020	442130	섬유류	합성수지제가방
4202321090	442130	섬유류	합성수지제가방
4202322000	442110	섬유류	직물제가방
4202390000	442190	섬유류	기타가방
4202911000	442120	섬유류	가죽제가방
4202912000	442120	섬유류	가죽제가방
4202913000	442120	섬유류	가죽제가방
4202921010	442130	섬유류	합성수지제가방
4202921020	442130	섬유류	합성수지제가방
4202921090	442130	섬유류	합성수지제가방
4202922000	442110	섬유류	직물제가방
4202991000	442190	섬유류	기타가방
4202999000	442190	섬유류	기타가방
4203101010	441302	섬유류	혁제의류
4203101020	441302	섬유류	혁제의류
4203101060	441302	섬유류	혁제의류
4203101090	441302	섬유류	혁제의류
4203102000	441302	섬유류	혁제의류
4203103010	441302	섬유류	혁제의류
4203103020	441302	섬유류	혁제의류
4203103050	441302	섬유류	혁제의류
4203103060	441302	섬유류	혁제의류
4203103070	441302	섬유류	혁제의류
4203103090	441302	섬유류	혁제의류
4203109010	441302	섬유류	혁제의류
4203109020	441302	섬유류	혁제의류
4203109090	441302	섬유류	혁제의류
4203211000	524100	생활용품	운동용 장갑
4203212000	524100	생활용품	운동용 장갑
4203213000	524100	생활용품	운동용 장갑
4203214000	524100	생활용품	운동용 장갑
4203215000	524100	생활용품	운동용 장갑
4203219000	524100	생활용품	운동용 장갑
4203291000	449010	섬유류	기타 장갑
4203292000	449010	섬유류	기타 장갑
4203299000	449010	섬유류	기타 장갑
4203301030	441407	섬유류	벨트
4203301090	441407	섬유류	벨트
4203309000	441407	섬유류	벨트
4203400000	441302	섬유류	혁제의류
4205001100	332000	기타	가죽제품
4205001900	332000	기타	가죽제품
4205002100	332000	기타	가죽제품
4205002900	332000	기타	가죽제품
4206000000	332000	기타	가죽제품
4301100000	333100	기타	밍크모피
4301300000	333900	기타	기타모피
4301600000	333200	기타	여우모피
4301802000	333900	기타	기타모피
4301803000	333900	기타	기타모피
4301804000	333900	기타	기타모피
4301805000	333900	기타	기타모피
4301806000	333900	기타	기타모피
4301809000	333900	기타	기타모피
4301900000	333900	기타	기타모피
4302110000	333100	기타	밍크모피
4302191000	333900	기타	기타모피
4302192000	333900	기타	기타모피
4302193000	333200	기타	여우모피
4302195000	333900	기타	기타모피
4302196000	333900	기타	기타모피
4302197000	333900	기타	기타모피
4302198000	333900	기타	기타모피
4302199010	333900	기타	기타모피
4302199020	333900	기타	기타모피
4302199090	333900	기타	기타모피
4302201000	333100	기타	밍크모피
4302202000	333900	기타	기타모피
4302203000	333900	기타	기타모피
4302204000	333900	기타	기타모피
4302205000	333200	기타	여우모피
4302207000	333900	기타	기타모피
4302209020	333900	기타	기타모피
4302209030	333900	기타	기타모피
4302209090	333900	기타	기타모피
4302300000	333900	기타	기타모피
4303101100	441303	섬유류	모피의류
4303101200	441303	섬유류	모피의류
4303101300	441303	섬유류	모피의류
4303101600	441303	섬유류	모피의류
4303101900	441303	섬유류	모피의류
4303102100	441303	섬유류	모피의류
4303102200	441303	섬유류	모피의류
4303102600	441303	섬유류	모피의류
4303102920	441303	섬유류	모피의류
4303102990	441303	섬유류	모피의류
4303900000	441303	섬유류	모피의류
4304001000	333300	기타	인조모피
4304002000	441303	섬유류	모피의류
4401110000	031900	농수산식품	기타목재류
4401120000	031900	농수산식품	기타목재류
4401210000	031900	농수산식품	기타목재류
4401221000	031900	농수산식품	기타목재류
4401229000	031900	농수산식품	기타목재류
4401310000	031900	농수산식품	기타목재류
4401320000	031900	농수산식품	기타목재류
4401390000	031900	농수산식품	기타목재류
4401410000	031900	농수산식품	기타목재류
4401490000	031900	농수산식품	기타목재류
4402101010	031900	농수산식품	기타목재류
4402101090	031900	농수산식품	기타목재류
4402109000	031900	농수산식품	기타목재류
4402201010	031900	농수산식품	기타목재류
4402201090	031900	농수산식품	기타목재류
4402209000	031900	농수산식품	기타목재류
4402901011	031900	농수산식품	기타목재류
4402901019	031900	농수산식품	기타목재류
4402901090	031900	농수산식품	기타목재류
4402909010	031900	농수산식품	기타목재류
4402909020	031900	농수산식품	기타목재류
4402909090	031900	농수산식품	기타목재류
4403110000	031100	농수산식품	원목
4403121000	031100	농수산식품	원목
4403129000	031100	농수산식품	원목
4403211000	031100	농수산식품	원목
4403212000	031100	농수산식품	원목
4403219000	031100	농수산식품	원목
4403221000	031100	농수산식품	원목
4403222000	031100	농수산식품	원목
4403229000	031100	농수산식품	원목
4403231000	031100	농수산식품	원목
4403232000	031100	농수산식품	원목
4403241000	031100	농수산식품	원목
4403242000	031100	농수산식품	원목
4403251000	031100	농수산식품	원목
4403252010	031100	농수산식품	원목
4403252020	031100	농수산식품	원목
4403252090	031100	농수산식품	원목
4403254000	031100	농수산식품	원목
4403255000	031100	농수산식품	원목
4403259000	031100	농수산식품	원목
4403261000	031100	농수산식품	원목
4403262010	031100	농수산식품	원목
4403262020	031100	농수산식품	원목
4403262090	031100	농수산식품	원목
4403264000	031100	농수산식품	원목
4403265000	031100	농수산식품	원목
4403269000	031100	농수산식품	원목
4403410000	031100	농수산식품	원목
4403420000	031100	농수산식품	원목
4403491000	031100	농수산식품	원목
4403492000	031100	농수산식품	원목
4403493000	031100	농수산식품	원목
4403494000	031100	농수산식품	원목
4403495000	031100	농수산식품	원목
4403499000	031100	농수산식품	원목
4403910000	031100	농수산식품	원목
4403930000	031100	농수산식품	원목
4403940000	031100	농수산식품	원목
4403950000	031100	농수산식품	원목
4403960000	031100	농수산식품	원목
4403971000	031100	농수산식품	원목
4403972000	031100	농수산식품	원목
4403980000	031100	농수산식품	원목
4403991010	031100	농수산식품	원목
4403991020	031100	농수산식품	원목
4403991040	031100	농수산식품	원목
4403991050	031100	농수산식품	원목
4403991090	031100	농수산식품	원목
4403992000	031100	농수산식품	원목
4403993030	031100	농수산식품	원목
4403993040	031100	농수산식품	원목
4403993060	031100	농수산식품	원목
4403994000	031100	농수산식품	원목
4403999000	031100	농수산식품	원목
4404100000	031900	농수산식품	기타목재류
4404200000	031900	농수산식품	기타목재류
4405000000	031900	농수산식품	기타목재류
4406110000	031900	농수산식품	기타목재류
4406120000	031900	농수산식품	기타목재류
4406910000	031900	농수산식품	기타목재류
4406920000	031900	농수산식품	기타목재류
4407111010	031200	농수산식품	제재목
4407111020	031200	농수산식품	제재목
4407111090	031200	농수산식품	제재목
4407112000	031200	농수산식품	제재목
4407119000	031200	농수산식품	제재목
4407121000	031200	농수산식품	제재목
4407122010	031200	농수산식품	제재목
4407122020	031200	농수산식품	제재목
4407122090	031200	농수산식품	제재목
4407131000	031200	농수산식품	제재목
4407132000	031200	농수산식품	제재목
4407139000	031200	농수산식품	제재목
4407140000	031200	농수산식품	제재목
4407191000	031200	농수산식품	제재목
4407192010	031200	농수산식품	제재목
4407192020	031200	농수산식품	제재목
4407192090	031200	농수산식품	제재목
4407193000	031200	농수산식품	제재목
4407194000	031200	농수산식품	제재목
4407195000	031200	농수산식품	제재목
4407199000	031200	농수산식품	제재목
4407210000	031200	농수산식품	제재목
4407220000	031200	농수산식품	제재목
4407230000	031200	농수산식품	제재목
4407250000	031200	농수산식품	제재목
4407260000	031200	농수산식품	제재목
4407270000	031200	농수산식품	제재목
4407280000	031200	농수산식품	제재목
4407291000	031200	농수산식품	제재목
4407293000	031200	농수산식품	제재목
4407299000	031200	농수산식품	제재목
4407910000	031200	농수산식품	제재목
4407920000	031200	농수산식품	제재목
4407930000	031200	농수산식품	제재목
4407940000	031200	농수산식품	제재목
4407950000	031200	농수산식품	제재목
4407960000	031200	농수산식품	제재목
4407971000	031200	농수산식품	제재목
4407972000	031200	농수산식품	제재목
4407991010	031200	농수산식품	제재목
4407991020	031200	농수산식품	제재목
4407991040	031200	농수산식품	제재목
4407991090	031200	농수산식품	제재목
4407992000	031200	농수산식품	제재목
4407993040	031200	농수산식품	제재목
4407993060	031200	농수산식품	제재목
4407994000	031200	농수산식품	제재목
4407999000	031200	농수산식품	제재목
4408106000	031400	농수산식품	단판
4408109100	031400	농수산식품	단판
4408109200	031400	농수산식품	단판
4408109910	031400	농수산식품	단판
4408109920	031400	농수산식품	단판
4408109950	031400	농수산식품	단판
4408109960	031400	농수산식품	단판
4408109990	031400	농수산식품	단판
4408313000	031400	농수산식품	단판
4408319011	031400	농수산식품	단판
4408319012	031400	농수산식품	단판
4408319019	031400	농수산식품	단판
4408319021	031400	농수산식품	단판
4408319022	031400	농수산식품	단판
4408319029	031400	농수산식품	단판
4408396000	031400	농수산식품	단판
4408399011	031400	농수산식품	단판
4408399012	031400	농수산식품	단판
4408399019	031400	농수산식품	단판
4408399021	031400	농수산식품	단판
4408399022	031400	농수산식품	단판
4408399029	031400	농수산식품	단판
4408399031	031400	농수산식품	단판
4408399032	031400	농수산식품	단판
4408399039	031400	농수산식품	단판
4408399041	031400	농수산식품	단판
4408399042	031400	농수산식품	단판
4408399049	031400	농수산식품	단판
4408399051	031400	농수산식품	단판
4408399052	031400	농수산식품	단판
4408399059	031400	농수산식품	단판
4408399091	031400	농수산식품	단판
4408399092	031400	농수산식품	단판
4408399099	031400	농수산식품	단판
4408901000	031400	농수산식품	단판
4408909150	031400	농수산식품	단판
4408909160	031400	농수산식품	단판
4408909191	031400	농수산식품	단판
4408909192	031400	농수산식품	단판
4408909193	031400	농수산식품	단판
4408909194	031400	농수산식품	단판
4408909195	031400	농수산식품	단판
4408909199	031400	농수산식품	단판
4408909210	031400	농수산식품	단판
4408909220	031400	농수산식품	단판
4408909290	031400	농수산식품	단판
4408909370	031400	농수산식품	단판
4408909380	031400	농수산식품	단판
4408909391	031400	농수산식품	단판
4408909392	031400	농수산식품	단판
4408909393	031400	농수산식품	단판
4408909394	031400	농수산식품	단판
4408909395	031400	농수산식품	단판
4408909396	031400	농수산식품	단판
4408909410	031400	농수산식품	단판
4408909420	031400	농수산식품	단판
4408909490	031400	농수산식품	단판
4408909910	031400	농수산식품	단판
4408909920	031400	농수산식품	단판
4408909990	031400	농수산식품	단판
4409101000	031900	농수산식품	기타목재류
4409102000	031900	농수산식품	기타목재류
4409109000	031900	농수산식품	기타목재류
4409210000	031900	농수산식품	기타목재류
4409221000	031900	농수산식품	기타목재류
4409222000	031900	농수산식품	기타목재류
4409229000	031900	농수산식품	기타목재류
4409291000	031900	농수산식품	기타목재류
4409292000	031900	농수산식품	기타목재류
4409299000	031900	농수산식품	기타목재류
4410111000	031600	농수산식품	파티클보드
4410112000	031600	농수산식품	파티클보드
4410119000	031600	농수산식품	파티클보드
4410121000	031600	농수산식품	파티클보드
4410129000	031600	농수산식품	파티클보드
4410191000	031600	농수산식품	파티클보드
4410199000	031600	농수산식품	파티클보드
4410900000	031600	농수산식품	파티클보드
4411121000	031500	농수산식품	섬유판
4411129000	031500	농수산식품	섬유판
4411131000	031500	농수산식품	섬유판
4411139000	031500	농수산식품	섬유판
4411141000	031500	농수산식품	섬유판
4411149010	031500	농수산식품	섬유판
4411149090	031500	농수산식품	섬유판
4411921000	031500	농수산식품	섬유판
4411929010	031500	농수산식품	섬유판
4411929090	031500	농수산식품	섬유판
4411931000	031500	농수산식품	섬유판
4411939010	031500	농수산식품	섬유판
4411939090	031500	농수산식품	섬유판
4411941000	031500	농수산식품	섬유판
4411949000	031500	농수산식품	섬유판
4412101010	031310	농수산식품	합판
4412101020	031310	농수산식품	합판
4412102000	031310	농수산식품	합판
4412109010	031310	농수산식품	합판
4412109090	031310	농수산식품	합판
4412311000	031310	농수산식품	합판
4412312010	031310	농수산식품	합판
4412312090	031310	농수산식품	합판
4412313000	031310	농수산식품	합판
4412314011	031310	농수산식품	합판
4412314019	031310	농수산식품	합판
4412314021	031310	농수산식품	합판
4412314029	031310	농수산식품	합판
4412315010	031310	농수산식품	합판
4412315090	031310	농수산식품	합판
4412316010	031310	농수산식품	합판
4412316090	031310	농수산식품	합판
4412317010	031310	농수산식품	합판
4412317090	031310	농수산식품	합판
4412331000	031310	농수산식품	합판
4412332000	031310	농수산식품	합판
4412333000	031310	농수산식품	합판
4412334010	031310	농수산식품	합판
4412334020	031310	농수산식품	합판
4412335000	031310	농수산식품	합판
4412336000	031310	농수산식품	합판
4412337000	031310	농수산식품	합판
4412341000	031310	농수산식품	합판
4412342000	031310	농수산식품	합판
4412343000	031310	농수산식품	합판
4412344010	031310	농수산식품	합판
4412344020	031310	농수산식품	합판
4412345000	031310	농수산식품	합판
4412346000	031310	농수산식품	합판
4412347000	031310	농수산식품	합판
4412391000	031310	농수산식품	합판
4412399000	031310	농수산식품	합판
4412411000	031320	농수산식품	단판적층재(LVL)
4412419000	031320	농수산식품	단판적층재(LVL)
4412421000	031320	농수산식품	단판적층재(LVL)
4412429000	031320	농수산식품	단판적층재(LVL)
4412491000	031320	농수산식품	단판적층재(LVL)
4412499000	031320	농수산식품	단판적층재(LVL)
4412510000	031320	농수산식품	단판적층재(LVL)
4412520000	031320	농수산식품	단판적층재(LVL)
4412590000	031320	농수산식품	단판적층재(LVL)
4412911000	031310	농수산식품	합판
4412919110	031310	농수산식품	합판
4412919190	031310	농수산식품	합판
4412919910	031310	농수산식품	합판
4412919990	031310	농수산식품	합판
4412921000	031310	농수산식품	합판
4412929110	031310	농수산식품	합판
4412929190	031310	농수산식품	합판
4412929910	031310	농수산식품	합판
4412929990	031310	농수산식품	합판
4412991000	031310	농수산식품	합판
4412999110	031310	농수산식품	합판
4412999190	031310	농수산식품	합판
4412999910	031310	농수산식품	합판
4412999990	031310	농수산식품	합판
4413000000	031900	농수산식품	기타목재류
4414100000	031810	농수산식품	목재틀
4414900000	031810	농수산식품	목재틀
4415100000	031900	농수산식품	기타목재류
4415200000	031900	농수산식품	기타목재류
4416000000	031900	농수산식품	기타목재류
4417000000	031900	농수산식품	기타목재류
4418110000	031790	농수산식품	기타건축용목제품
4418190000	031790	농수산식품	기타건축용목제품
4418210000	031790	농수산식품	기타건축용목제품
4418290000	031790	농수산식품	기타건축용목제품
4418300000	031790	농수산식품	기타건축용목제품
4418400000	031790	농수산식품	기타건축용목제품
4418500000	031790	농수산식품	기타건축용목제품
4418731000	031790	농수산식품	기타건축용목제품
4418739000	031790	농수산식품	기타건축용목제품
4418741000	031790	농수산식품	기타건축용목제품
4418749000	031790	농수산식품	기타건축용목제품
4418751000	031790	농수산식품	기타건축용목제품
4418759000	031790	농수산식품	기타건축용목제품
4418791000	031790	농수산식품	기타건축용목제품
4418799000	031790	농수산식품	기타건축용목제품
4418810000	031710	농수산식품	구조용공학목재
4418820000	031710	농수산식품	구조용공학목재
4418830000	031710	농수산식품	구조용공학목재
4418890000	031710	농수산식품	구조용공학목재
4418910000	031790	농수산식품	기타건축용목제품
4418920000	031790	농수산식품	기타건축용목제품
4418999000	031790	농수산식품	기타건축용목제품
4419110000	031830	농수산식품	목제식탁용품
4419120000	031820	농수산식품	젓가락
4419190000	031830	농수산식품	목제식탁용품
4419201000	031830	농수산식품	목제식탁용품
4419202000	031830	농수산식품	목제식탁용품
4419203000	031820	농수산식품	젓가락
4419209000	031830	농수산식품	목제식탁용품
4419901000	031830	농수산식품	목제식탁용품
4419902000	031830	농수산식품	목제식탁용품
4419903000	031820	농수산식품	젓가락
4419909000	031830	농수산식품	목제식탁용품
4420110000	031840	농수산식품	목제장식품상자
4420190000	031840	농수산식품	목제장식품상자
4420902000	031840	농수산식품	목제장식품상자
4420909010	031840	농수산식품	목제장식품상자
4420909020	031840	농수산식품	목제장식품상자
4420909090	031840	농수산식품	목제장식품상자
4421100000	031890	농수산식품	기타목재생활용품
4421200000	031900	농수산식품	기타목재류
4421913000	031890	농수산식품	기타목재생활용품
4421915000	031890	농수산식품	기타목재생활용품
4421919000	031900	농수산식품	기타목재류
4421991000	031900	농수산식품	기타목재류
4421993000	031890	농수산식품	기타목재생활용품
4421994000	031900	농수산식품	기타목재류
4421995000	031890	농수산식품	기타목재생활용품
4421999010	031900	농수산식품	기타목재류
4421999090	031900	농수산식품	기타목재류
4501100000	033100	농수산식품	코르크
4501900000	033100	농수산식품	코르크
4502000000	033100	농수산식품	코르크
4503100000	031890	농수산식품	기타목재생활용품
4503900000	033100	농수산식품	코르크
4504100000	033100	농수산식품	코르크
4504900000	033100	농수산식품	코르크
4601211000	525900	생활용품	기타공예품
4601212000	525900	생활용품	기타공예품
4601220000	525900	생활용품	기타공예품
4601290000	525900	생활용품	기타공예품
4601920000	525900	생활용품	기타공예품
4601930000	525900	생활용품	기타공예품
4601940000	525900	생활용품	기타공예품
4601990000	525900	생활용품	기타공예품
4602111000	031890	농수산식품	기타목재생활용품
4602119000	031890	농수산식품	기타목재생활용품
4602120000	031890	농수산식품	기타목재생활용품
4602191000	525900	생활용품	기타공예품
4602199000	031830	농수산식품	목제식탁용품
4602900000	525900	생활용품	기타공예품
4701001000	251100	기타	펄프
4701002000	251100	기타	펄프
4702000000	251100	기타	펄프
4703110000	251100	기타	펄프
4703190000	251100	기타	펄프
4703211000	251100	기타	펄프
4703212000	251100	기타	펄프
4703291000	251100	기타	펄프
4703292000	251100	기타	펄프
4704110000	251100	기타	펄프
4704190000	251100	기타	펄프
4704210000	251100	기타	펄프
4704290000	251100	기타	펄프
4705000000	251100	기타	펄프
4706100000	251100	기타	펄프
4706200000	251100	기타	펄프
4706300000	251100	기타	펄프
4706911000	251100	기타	펄프
4706912000	251100	기타	펄프
4706921000	251100	기타	펄프
4706922000	251100	기타	펄프
4706931000	251100	기타	펄프
4706932000	251100	기타	펄프
4707100000	251200	기타	고지
4707200000	251200	기타	고지
4707300000	251200	기타	고지
4707900000	251200	기타	고지
4801000000	252100	기타	신문용지
4802100000	252900	기타	기타종이제품
4802200000	252900	기타	기타종이제품
4802400000	252400	기타	벽지
4802541010	252200	기타	인쇄용지
4802541090	252200	기타	인쇄용지
4802549010	252200	기타	인쇄용지
4802549090	252200	기타	인쇄용지
4802551010	252200	기타	인쇄용지
4802551020	252200	기타	인쇄용지
4802551030	252200	기타	인쇄용지
4802551090	252200	기타	인쇄용지
4802559010	252900	기타	기타종이제품
4802559090	252900	기타	기타종이제품
4802561010	252200	기타	인쇄용지
4802561020	252200	기타	인쇄용지
4802561090	252200	기타	인쇄용지
4802569010	252900	기타	기타종이제품
4802569090	252900	기타	기타종이제품
4802571010	252200	기타	인쇄용지
4802571020	252200	기타	인쇄용지
4802571090	252200	기타	인쇄용지
4802579010	252900	기타	기타종이제품
4802579090	252900	기타	기타종이제품
4802581010	252200	기타	인쇄용지
4802581090	252200	기타	인쇄용지
4802582010	252900	기타	기타종이제품
4802582090	252900	기타	기타종이제품
4802589010	252600	기타	백판지
4802589090	252600	기타	백판지
4802611010	252200	기타	인쇄용지
4802611090	252200	기타	인쇄용지
4802619010	252600	기타	백판지
4802619090	252600	기타	백판지
4802621010	252200	기타	인쇄용지
4802621020	252200	기타	인쇄용지
4802621090	252200	기타	인쇄용지
4802629010	252600	기타	백판지
4802629090	252600	기타	백판지
4802691010	252200	기타	인쇄용지
4802691020	252200	기타	인쇄용지
4802691090	252200	기타	인쇄용지
4802699010	252600	기타	백판지
4802699090	252600	기타	백판지
4803001000	252300	기타	화장지
4803002000	252300	기타	화장지
4803009000	252300	기타	화장지
4804110000	252700	기타	골판지원지
4804190000	252700	기타	골판지원지
4804210000	252500	기타	크라프트지
4804290000	252500	기타	크라프트지
4804311000	252900	기타	기타종이제품
4804312000	252900	기타	기타종이제품
4804313000	252900	기타	기타종이제품
4804319000	252700	기타	골판지원지
4804391000	252900	기타	기타종이제품
4804392000	252900	기타	기타종이제품
4804393000	252900	기타	기타종이제품
4804399000	252900	기타	기타종이제품
4804412000	252700	기타	골판지원지
4804419000	252700	기타	골판지원지
4804421000	252900	기타	기타종이제품
4804429000	252900	기타	기타종이제품
4804491000	252900	기타	기타종이제품
4804499000	252900	기타	기타종이제품
4804510000	252700	기타	골판지원지
4804523000	252900	기타	기타종이제품
4804529000	252900	기타	기타종이제품
4804590000	252900	기타	기타종이제품
4805110000	252700	기타	골판지원지
4805120000	252700	기타	골판지원지
4805190000	252700	기타	골판지원지
4805241000	252700	기타	골판지원지
4805249000	252700	기타	골판지원지
4805251000	252700	기타	골판지원지
4805259000	252700	기타	골판지원지
4805300000	252900	기타	기타종이제품
4805400000	252900	기타	기타종이제품
4805500000	252900	기타	기타종이제품
4805911000	252900	기타	기타종이제품
4805919010	252900	기타	기타종이제품
4805919090	252900	기타	기타종이제품
4805921000	252900	기타	기타종이제품
4805929000	252900	기타	기타종이제품
4805931000	252900	기타	기타종이제품
4805939000	252900	기타	기타종이제품
4806100000	252900	기타	기타종이제품
4806200000	252900	기타	기타종이제품
4806300000	252900	기타	기타종이제품
4806401000	252900	기타	기타종이제품
4806409000	252900	기타	기타종이제품
4807000000	252900	기타	기타종이제품
4808100000	252900	기타	기타종이제품
4808401000	252900	기타	기타종이제품
4808409000	252900	기타	기타종이제품
4808900000	252900	기타	기타종이제품
4809201000	252900	기타	기타종이제품
4809202000	252900	기타	기타종이제품
4809901000	252200	기타	인쇄용지
4809902010	252200	기타	인쇄용지
4809902090	252200	기타	인쇄용지
4809904000	252200	기타	인쇄용지
4809909000	252200	기타	인쇄용지
4810131000	252200	기타	인쇄용지
4810139000	252600	기타	백판지
4810140000	252200	기타	인쇄용지
4810191000	252200	기타	인쇄용지
4810199000	252600	기타	백판지
4810220000	252200	기타	인쇄용지
4810290000	252600	기타	백판지
4810319000	252900	기타	기타종이제품
4810321000	252900	기타	기타종이제품
4810322000	252900	기타	기타종이제품
4810329000	252900	기타	기타종이제품
4810390000	252600	기타	백판지
4810921010	252600	기타	백판지
4810921090	252600	기타	백판지
4810929000	252900	기타	기타종이제품
4810992000	252900	기타	기타종이제품
4810999000	252900	기타	기타종이제품
4811100000	252900	기타	기타종이제품
4811410000	252900	기타	기타종이제품
4811490000	252900	기타	기타종이제품
4811511000	252900	기타	기타종이제품
4811519011	252900	기타	기타종이제품
4811519019	252900	기타	기타종이제품
4811519090	252900	기타	기타종이제품
4811590000	252900	기타	기타종이제품
4811600000	252900	기타	기타종이제품
4811901000	515130	생활용품	사무용품
4811902010	515130	생활용품	사무용품
4811902090	515130	생활용품	사무용품
4812000000	252900	기타	기타종이제품
4813100000	252900	기타	기타종이제품
4813200000	252900	기타	기타종이제품
4813900000	252900	기타	기타종이제품
4814201000	252400	기타	벽지
4814209000	252400	기타	벽지
4814901010	033900	농수산식품	기타임산부산물
4814901090	033900	농수산식품	기타임산부산물
4814909000	252400	기타	벽지
4816200000	515130	생활용품	사무용품
4816901000	515130	생활용품	사무용품
4816902010	515130	생활용품	사무용품
4816902090	515130	생활용품	사무용품
4816903000	515130	생활용품	사무용품
4816904000	515130	생활용품	사무용품
4816905000	515130	생활용품	사무용품
4816909000	515130	생활용품	사무용품
4817100000	515190	생활용품	기타문구
4817200000	515190	생활용품	기타문구
4817300000	515190	생활용품	기타문구
4818100000	511060	생활용품	면도용품
4818200000	511050	생활용품	화장지 등 
4818300000	252900	기타	기타종이제품
4818500000	252900	기타	기타종이제품
4818900000	511050	생활용품	화장지 등 
4819100000	252900	기타	기타종이제품
4819200000	252900	기타	기타종이제품
4819300000	252900	기타	기타종이제품
4819400000	252900	기타	기타종이제품
4819501000	252900	기타	기타종이제품
4819509000	252900	기타	기타종이제품
4819600000	515190	생활용품	기타문구
4820100000	515130	생활용품	사무용품
4820200000	515130	생활용품	사무용품
4820300000	515190	생활용품	기타문구
4820400000	515190	생활용품	기타문구
4820500000	515190	생활용품	기타문구
4820900000	515190	생활용품	기타문구
4821100000	252900	기타	기타종이제품
4821900000	252900	기타	기타종이제품
4822100000	252900	기타	기타종이제품
4822900000	252900	기타	기타종이제품
4823200000	252900	기타	기타종이제품
4823400000	515190	생활용품	기타문구
4823610000	252900	기타	기타종이제품
4823690000	252900	기타	기타종이제품
4823700000	252900	기타	기타종이제품
4823901010	252900	기타	기타종이제품
4823901090	252900	기타	기타종이제품
4823902000	252900	기타	기타종이제품
4823903011	252900	기타	기타종이제품
4823903019	252900	기타	기타종이제품
4823903021	252900	기타	기타종이제품
4823903029	252900	기타	기타종이제품
4823903090	252900	기타	기타종이제품
4823905000	252900	기타	기타종이제품
4823909011	252900	기타	기타종이제품
4823909019	252900	기타	기타종이제품
4823909090	252900	기타	기타종이제품
4901101000	911000	기타	서적
4901109000	911000	기타	서적
4901911000	911000	기타	서적
4901919000	911000	기타	서적
4901991000	911000	기타	서적
4901999000	911000	기타	서적
4902101010	912000	기타	신문등정기간행물
4902101090	912000	기타	신문등정기간행물
4902109000	912000	기타	신문등정기간행물
4902901010	912000	기타	신문등정기간행물
4902901090	912000	기타	신문등정기간행물
4902909010	912000	기타	신문등정기간행물
4902909090	912000	기타	신문등정기간행물
4903000000	911000	기타	서적
4904000000	919000	기타	기타인쇄물
4905201000	515190	생활용품	기타문구
4905209000	515190	생활용품	기타문구
4905900000	515190	생활용품	기타문구
4906001000	919000	기타	기타인쇄물
4906002000	919000	기타	기타인쇄물
4906009000	919000	기타	기타인쇄물
4907001000	919000	기타	기타인쇄물
4907002000	919000	기타	기타인쇄물
4907009000	919000	기타	기타인쇄물
4908100000	252900	기타	기타종이제품
4908901000	252900	기타	기타종이제품
4908909000	252900	기타	기타종이제품
4909000000	515190	생활용품	기타문구
4910001000	515190	생활용품	기타문구
4910009000	515190	생활용품	기타문구
4911100000	919000	기타	기타인쇄물
4911911000	919000	기타	기타인쇄물
4911919000	919000	기타	기타인쇄물
4911990000	919000	기타	기타인쇄물
5001000000	019000	농수산식품	기타농산물
5002001010	413100	섬유류	견원료
5002001020	413100	섬유류	견원료
5002001030	413100	섬유류	견원료
5002001040	413100	섬유류	견원료
5002001050	413100	섬유류	견원료
5002002000	413100	섬유류	견원료
5002009000	413100	섬유류	견원료
5003001000	019000	농수산식품	기타농산물
5003009000	019000	농수산식품	기타농산물
5004000000	421100	섬유류	견사
5005000000	421100	섬유류	견사
5006000000	421100	섬유류	견사
5007100000	431900	섬유류	견노일직물
5007201000	431190	섬유류	기타순견직물
5007202010	431110	섬유류	홀치기 견직물
5007202020	431190	섬유류	기타순견직물
5007202030	431190	섬유류	기타순견직물
5007202090	431190	섬유류	기타순견직물
5007209000	431190	섬유류	기타순견직물
5007901000	431200	섬유류	혼방견직물
5007902000	431200	섬유류	혼방견직물
5007903000	431200	섬유류	혼방견직물
5007904000	431200	섬유류	혼방견직물
5007909000	431200	섬유류	혼방견직물
5101110000	025000	농수산식품	모류
5101190000	025000	농수산식품	모류
5101210000	025000	농수산식품	모류
5101290000	025000	농수산식품	모류
5101300000	025000	농수산식품	모류
5102110000	025000	농수산식품	모류
5102190000	025000	농수산식품	모류
5102200000	025000	농수산식품	모류
5103100000	025000	농수산식품	모류
5103200000	025000	농수산식품	모류
5103300000	025000	농수산식품	모류
5104000000	413200	섬유류	모원료
5105100000	413200	섬유류	모원료
5105210000	413200	섬유류	모원료
5105290000	413200	섬유류	모원료
5105310000	413200	섬유류	모원료
5105390000	413200	섬유류	모원료
5105400000	413200	섬유류	모원료
5106101000	421220	섬유류	방모사
5106109000	421220	섬유류	방모사
5106201000	421220	섬유류	방모사
5106202000	421220	섬유류	방모사
5106204000	421220	섬유류	방모사
5106209000	421220	섬유류	방모사
5107101000	421210	섬유류	소모사
5107102000	421210	섬유류	소모사
5107109000	421210	섬유류	소모사
5107201000	421210	섬유류	소모사
5107202000	421210	섬유류	소모사
5107203000	421210	섬유류	소모사
5107209000	421210	섬유류	소모사
5108100000	421220	섬유류	방모사
5108200000	421210	섬유류	소모사
5109101000	421290	섬유류	기타모사
5109109000	421290	섬유류	기타모사
5109901000	421290	섬유류	기타모사
5109909000	421290	섬유류	기타모사
5110000000	421290	섬유류	기타모사
5111111000	432200	섬유류	방모직물
5111112000	432200	섬유류	방모직물
5111191000	432200	섬유류	방모직물
5111192000	432200	섬유류	방모직물
5111200000	432200	섬유류	방모직물
5111300000	432200	섬유류	방모직물
5111900000	432200	섬유류	방모직물
5112111000	432100	섬유류	소모직물
5112112000	432100	섬유류	소모직물
5112191000	432100	섬유류	소모직물
5112192000	432100	섬유류	소모직물
5112200000	432100	섬유류	소모직물
5112300000	432100	섬유류	소모직물
5112900000	432100	섬유류	소모직물
5113000000	432900	섬유류	기타모직물
5201001000	413300	섬유류	면원료
5201009010	413300	섬유류	면원료
5201009020	413300	섬유류	면원료
5201009030	413300	섬유류	면원료
5201009050	413300	섬유류	면원료
5201009060	413300	섬유류	면원료
5202100000	413300	섬유류	면원료
5202910000	413300	섬유류	면원료
5202990000	413300	섬유류	면원료
5203000000	413300	섬유류	면원료
5204110000	421390	섬유류	기타면사
5204190000	421390	섬유류	기타면사
5204200000	421390	섬유류	기타면사
5205111000	421310	섬유류	순면사
5205119000	421310	섬유류	순면사
5205121010	421310	섬유류	순면사
5205121090	421310	섬유류	순면사
5205129000	421310	섬유류	순면사
5205131000	421310	섬유류	순면사
5205139000	421310	섬유류	순면사
5205141000	421310	섬유류	순면사
5205149000	421310	섬유류	순면사
5205150000	421310	섬유류	순면사
5205210000	421310	섬유류	순면사
5205221000	421310	섬유류	순면사
5205229000	421310	섬유류	순면사
5205231000	421310	섬유류	순면사
5205239000	421310	섬유류	순면사
5205241000	421310	섬유류	순면사
5205249000	421310	섬유류	순면사
5205260000	421310	섬유류	순면사
5205270000	421310	섬유류	순면사
5205280000	421310	섬유류	순면사
5205310000	421310	섬유류	순면사
5205321010	421310	섬유류	순면사
5205321090	421310	섬유류	순면사
5205329000	421310	섬유류	순면사
5205330000	421310	섬유류	순면사
5205340000	421310	섬유류	순면사
5205350000	421310	섬유류	순면사
5205410000	421310	섬유류	순면사
5205420000	421310	섬유류	순면사
5205430000	421310	섬유류	순면사
5205440000	421310	섬유류	순면사
5205460000	421310	섬유류	순면사
5205470000	421310	섬유류	순면사
5205480000	421310	섬유류	순면사
5206111000	421320	섬유류	혼방면사
5206119000	421320	섬유류	혼방면사
5206121000	421320	섬유류	혼방면사
5206129000	421320	섬유류	혼방면사
5206130000	421320	섬유류	혼방면사
5206140000	421320	섬유류	혼방면사
5206150000	421320	섬유류	혼방면사
5206210000	421320	섬유류	혼방면사
5206221000	421320	섬유류	혼방면사
5206229000	421320	섬유류	혼방면사
5206231000	421320	섬유류	혼방면사
5206239000	421320	섬유류	혼방면사
5206241000	421320	섬유류	혼방면사
5206249000	421320	섬유류	혼방면사
5206250000	421320	섬유류	혼방면사
5206310000	421320	섬유류	혼방면사
5206320000	421320	섬유류	혼방면사
5206330000	421320	섬유류	혼방면사
5206340000	421320	섬유류	혼방면사
5206350000	421320	섬유류	혼방면사
5206410000	421320	섬유류	혼방면사
5206420000	421320	섬유류	혼방면사
5206430000	421320	섬유류	혼방면사
5206440000	421320	섬유류	혼방면사
5206450000	421320	섬유류	혼방면사
5207100000	421390	섬유류	기타면사
5207900000	421390	섬유류	기타면사
5208110000	433110	섬유류	생지
5208120000	433110	섬유류	생지
5208130000	433110	섬유류	생지
5208190000	433110	섬유류	생지
5208210000	433120	섬유류	표백
5208220000	433120	섬유류	표백
5208230000	433120	섬유류	표백
5208290000	433120	섬유류	표백
5208310000	433130	섬유류	염색
5208320000	433130	섬유류	염색
5208330000	433130	섬유류	염색
5208390000	433130	섬유류	염색
5208410000	433190	섬유류	선염
5208420000	433190	섬유류	선염
5208430000	433190	섬유류	선염
5208490000	433190	섬유류	선염
5208510000	433130	섬유류	염색
5208520000	433130	섬유류	염색
5208591000	433130	섬유류	염색
5208599000	433130	섬유류	염색
5209110000	433110	섬유류	생지
5209120000	433110	섬유류	생지
5209190000	433110	섬유류	생지
5209210000	433120	섬유류	표백
5209220000	433120	섬유류	표백
5209290000	433120	섬유류	표백
5209310000	433130	섬유류	염색
5209320000	433130	섬유류	염색
5209390000	433130	섬유류	염색
5209410000	433190	섬유류	선염
5209420000	433190	섬유류	선염
5209430000	433190	섬유류	선염
5209490000	433190	섬유류	선염
5209510000	433130	섬유류	염색
5209520000	433130	섬유류	염색
5209590000	433130	섬유류	염색
5210110000	433210	섬유류	생지
5210190000	433210	섬유류	생지
5210210000	433220	섬유류	표백
5210290000	433220	섬유류	표백
5210310000	433230	섬유류	염색
5210320000	433230	섬유류	염색
5210390000	433230	섬유류	염색
5210410000	433290	섬유류	선염
5210490000	433290	섬유류	선염
5210510000	433230	섬유류	염색
5210590000	433230	섬유류	염색
5211110000	433210	섬유류	생지
5211120000	433210	섬유류	생지
5211190000	433210	섬유류	생지
5211200000	433220	섬유류	표백
5211310000	433230	섬유류	염색
5211320000	433230	섬유류	염색
5211390000	433230	섬유류	염색
5211410000	433290	섬유류	선염
5211420000	433290	섬유류	선염
5211430000	433290	섬유류	선염
5211490000	433290	섬유류	선염
5211510000	433230	섬유류	염색
5211520000	433230	섬유류	염색
5211590000	433230	섬유류	염색
5212110000	433210	섬유류	생지
5212120000	433220	섬유류	표백
5212130000	433230	섬유류	염색
5212140000	433290	섬유류	선염
5212150000	433230	섬유류	염색
5212210000	433210	섬유류	생지
5212220000	433220	섬유류	표백
5212230000	433230	섬유류	염색
5212240000	433290	섬유류	선염
5212250000	433230	섬유류	염색
5301100000	413900	섬유류	기타천연섬유원료
5301210000	413900	섬유류	기타천연섬유원료
5301290000	413900	섬유류	기타천연섬유원료
5301301000	413900	섬유류	기타천연섬유원료
5301302000	413900	섬유류	기타천연섬유원료
5302100000	413900	섬유류	기타천연섬유원료
5302901000	413900	섬유류	기타천연섬유원료
5302902010	413900	섬유류	기타천연섬유원료
5302902020	413900	섬유류	기타천연섬유원료
5303101000	413400	섬유류	마원료
5303102000	413400	섬유류	마원료
5303901010	413400	섬유류	마원료
5303901090	413400	섬유류	마원료
5303909010	413400	섬유류	마원료
5303909090	413400	섬유류	마원료
5305001000	413400	섬유류	마원료
5305002000	413400	섬유류	마원료
5305003000	413400	섬유류	마원료
5305009000	413400	섬유류	마원료
5306101000	421910	섬유류	마사
5306102000	421910	섬유류	마사
5306201000	421910	섬유류	마사
5306202000	421910	섬유류	마사
5307101000	421910	섬유류	마사
5307109000	421910	섬유류	마사
5307201000	421910	섬유류	마사
5307209000	421910	섬유류	마사
5308100000	421910	섬유류	마사
5308200000	421910	섬유류	마사
5308901000	421910	섬유류	마사
5308909000	421910	섬유류	마사
5309110000	439100	섬유류	마직물
5309190000	439100	섬유류	마직물
5309210000	439100	섬유류	마직물
5309290000	439100	섬유류	마직물
5310100000	439100	섬유류	마직물
5310900000	439100	섬유류	마직물
5311001000	439100	섬유류	마직물
5311002000	439100	섬유류	마직물
5311009000	439100	섬유류	마직물
5401101000	422110	섬유류	나일론사
5401102000	422200	섬유류	폴리에스터사
5401109000	422900	섬유류	기타인조섬유장섬유사
5401201000	422300	섬유류	비스코스사
5401209000	422900	섬유류	기타인조섬유장섬유사
5402110000	422120	섬유류	아라미드사
5402191011	422130	섬유류	타이어코드사
5402191012	422110	섬유류	나일론사
5402191019	422110	섬유류	나일론사
5402191021	422130	섬유류	타이어코드사
5402191029	422110	섬유류	나일론사
5402191090	422110	섬유류	나일론사
5402199000	422110	섬유류	나일론사
5402200000	422200	섬유류	폴리에스터사
5402311010	422110	섬유류	나일론사
5402311020	422110	섬유류	나일론사
5402311090	422110	섬유류	나일론사
5402319000	422110	섬유류	나일론사
5402321010	422110	섬유류	나일론사
5402321020	422110	섬유류	나일론사
5402321090	422110	섬유류	나일론사
5402329000	422110	섬유류	나일론사
5402331000	422200	섬유류	폴리에스터사
5402339000	422200	섬유류	폴리에스터사
5402340000	422900	섬유류	기타인조섬유장섬유사
5402390000	422900	섬유류	기타인조섬유장섬유사
5402440000	422900	섬유류	기타인조섬유장섬유사
5402451010	422110	섬유류	나일론사
5402451020	422110	섬유류	나일론사
5402451090	422110	섬유류	나일론사
5402459000	422110	섬유류	나일론사
5402461000	422200	섬유류	폴리에스터사
5402469000	422200	섬유류	폴리에스터사
5402471000	422200	섬유류	폴리에스터사
5402479000	422200	섬유류	폴리에스터사
5402480000	422900	섬유류	기타인조섬유장섬유사
5402491000	422900	섬유류	기타인조섬유장섬유사
5402499000	422900	섬유류	기타인조섬유장섬유사
5402510000	422110	섬유류	나일론사
5402520000	422200	섬유류	폴리에스터사
5402530000	422900	섬유류	기타인조섬유장섬유사
5402591000	422900	섬유류	기타인조섬유장섬유사
5402599000	422900	섬유류	기타인조섬유장섬유사
5402610000	422110	섬유류	나일론사
5402620000	422200	섬유류	폴리에스터사
5402630000	422900	섬유류	기타인조섬유장섬유사
5402691000	422900	섬유류	기타인조섬유장섬유사
5402692000	422900	섬유류	기타인조섬유장섬유사
5402699000	422900	섬유류	기타인조섬유장섬유사
5403100000	422300	섬유류	비스코스사
5403310000	422300	섬유류	비스코스사
5403320000	422300	섬유류	비스코스사
5403331000	422400	섬유류	아세테이트사
5403339000	422400	섬유류	아세테이트사
5403390000	422900	섬유류	기타인조섬유장섬유사
5403411000	422300	섬유류	비스코스사
5403419000	422300	섬유류	비스코스사
5403420000	422400	섬유류	아세테이트사
5403490000	422900	섬유류	기타인조섬유장섬유사
5404110000	422900	섬유류	기타인조섬유장섬유사
5404120000	422900	섬유류	기타인조섬유장섬유사
5404191000	422110	섬유류	나일론사
5404199000	422900	섬유류	기타인조섬유장섬유사
5404901000	422900	섬유류	기타인조섬유장섬유사
5404909000	422900	섬유류	기타인조섬유장섬유사
5405000000	422900	섬유류	기타인조섬유장섬유사
5406001000	422900	섬유류	기타인조섬유장섬유사
5406002000	422900	섬유류	기타인조섬유장섬유사
5407101000	434100	섬유류	나일론직물
5407102000	434200	섬유류	폴리에스터직물
5407200000	434300	섬유류	기타합섬직물
5407300000	434300	섬유류	기타합섬직물
5407410000	434100	섬유류	나일론직물
5407420000	434100	섬유류	나일론직물
5407430000	434100	섬유류	나일론직물
5407440000	434100	섬유류	나일론직물
5407510000	434200	섬유류	폴리에스터직물
5407520000	434200	섬유류	폴리에스터직물
5407530000	434200	섬유류	폴리에스터직물
5407540000	434200	섬유류	폴리에스터직물
5407611000	434200	섬유류	폴리에스터직물
5407612000	434200	섬유류	폴리에스터직물
5407613000	434200	섬유류	폴리에스터직물
5407614000	434200	섬유류	폴리에스터직물
5407691000	434200	섬유류	폴리에스터직물
5407692000	434200	섬유류	폴리에스터직물
5407693000	434200	섬유류	폴리에스터직물
5407694000	434200	섬유류	폴리에스터직물
5407710000	434300	섬유류	기타합섬직물
5407720000	434300	섬유류	기타합섬직물
5407730000	434300	섬유류	기타합섬직물
5407740000	434300	섬유류	기타합섬직물
5407811000	434100	섬유류	나일론직물
5407812000	434200	섬유류	폴리에스터직물
5407813000	434300	섬유류	기타합섬직물
5407819000	434300	섬유류	기타합섬직물
5407821000	434100	섬유류	나일론직물
5407822000	434200	섬유류	폴리에스터직물
5407823000	434300	섬유류	기타합섬직물
5407829000	434300	섬유류	기타합섬직물
5407831000	434100	섬유류	나일론직물
5407832000	434200	섬유류	폴리에스터직물
5407833000	434300	섬유류	기타합섬직물
5407839000	434300	섬유류	기타합섬직물
5407841000	434100	섬유류	나일론직물
5407842000	434200	섬유류	폴리에스터직물
5407843000	434300	섬유류	기타합섬직물
5407849000	434300	섬유류	기타합섬직물
5407911000	434100	섬유류	나일론직물
5407912000	434200	섬유류	폴리에스터직물
5407913000	434300	섬유류	기타합섬직물
5407919000	434300	섬유류	기타합섬직물
5407921000	434100	섬유류	나일론직물
5407922000	434200	섬유류	폴리에스터직물
5407923000	434300	섬유류	기타합섬직물
5407929000	434300	섬유류	기타합섬직물
5407931000	434100	섬유류	나일론직물
5407932000	434200	섬유류	폴리에스터직물
5407933000	434300	섬유류	기타합섬직물
5407939000	434300	섬유류	기타합섬직물
5407941000	434100	섬유류	나일론직물
5407942000	434200	섬유류	폴리에스터직물
5407943000	434300	섬유류	기타합섬직물
5407949000	434300	섬유류	기타합섬직물
5408100000	434900	섬유류	재생직물
5408210000	434900	섬유류	재생직물
5408220000	434900	섬유류	재생직물
5408230000	434900	섬유류	재생직물
5408240000	434900	섬유류	재생직물
5408310000	434900	섬유류	재생직물
5408320000	434900	섬유류	재생직물
5408330000	434900	섬유류	재생직물
5408340000	434900	섬유류	재생직물
5501110000	411320	섬유류	아라미드섬유
5501190000	411310	섬유류	나일론섬유
5501200000	411100	섬유류	폴리에스터 섬유
5501300000	411200	섬유류	아크릴섬유
5501400000	411900	섬유류	기타합성섬유
5501900000	411900	섬유류	기타합성섬유
5502101000	412200	섬유류	아세테이트섬유
5502102000	412200	섬유류	아세테이트섬유
5502900000	412100	섬유류	비스코스섬유
5503110000	411320	섬유류	아라미드섬유
5503190000	411310	섬유류	나일론섬유
5503201000	411100	섬유류	폴리에스터 섬유
5503209000	411100	섬유류	폴리에스터 섬유
5503301000	411200	섬유류	아크릴섬유
5503302000	411200	섬유류	아크릴섬유
5503400000	411900	섬유류	기타합성섬유
5503900000	411900	섬유류	기타합성섬유
5504101000	412100	섬유류	비스코스섬유
5504102000	412100	섬유류	비스코스섬유
5504109000	412100	섬유류	비스코스섬유
5504902000	412900	섬유류	기타재생섬유
5504909000	412900	섬유류	기타재생섬유
5505100000	411900	섬유류	기타합성섬유
5505200000	412900	섬유류	기타재생섬유
5506100000	411310	섬유류	나일론섬유
5506200000	411100	섬유류	폴리에스터 섬유
5506300000	411200	섬유류	아크릴섬유
5506400000	411200	섬유류	아크릴섬유
5506900000	411900	섬유류	기타합성섬유
5507000000	412100	섬유류	비스코스섬유
5508102000	423190	섬유류	기타폴리에스터방적사
5508109000	423900	섬유류	기타인조섬유방적사
5508200000	423900	섬유류	기타인조섬유방적사
5509111000	423900	섬유류	기타인조섬유방적사
5509119000	423900	섬유류	기타인조섬유방적사
5509121000	423900	섬유류	기타인조섬유방적사
5509129000	423900	섬유류	기타인조섬유방적사
5509211000	423190	섬유류	기타폴리에스터방적사
5509219000	423190	섬유류	기타폴리에스터방적사
5509221000	423190	섬유류	기타폴리에스터방적사
5509229000	423190	섬유류	기타폴리에스터방적사
5509311000	423290	섬유류	기타아크릴방적사
5509312000	423290	섬유류	기타아크릴방적사
5509321000	423290	섬유류	기타아크릴방적사
5509322000	423290	섬유류	기타아크릴방적사
5509410000	423900	섬유류	기타인조섬유방적사
5509420000	423900	섬유류	기타인조섬유방적사
5509510000	423190	섬유류	기타폴리에스터방적사
5509520000	423120	섬유류	P/W 방적사
5509530000	423110	섬유류	P/C사
5509590000	423190	섬유류	기타폴리에스터방적사
5509611000	423220	섬유류	A/W사
5509612000	423220	섬유류	A/W사
5509621000	423210	섬유류	A/C사
5509622000	423210	섬유류	A/C사
5509691010	423290	섬유류	기타아크릴방적사
5509691020	423290	섬유류	기타아크릴방적사
5509692010	423290	섬유류	기타아크릴방적사
5509692020	423290	섬유류	기타아크릴방적사
5509911000	423900	섬유류	기타인조섬유방적사
5509919000	423900	섬유류	기타인조섬유방적사
5509920000	423900	섬유류	기타인조섬유방적사
5509990000	423900	섬유류	기타인조섬유방적사
5510111000	423900	섬유류	기타인조섬유방적사
5510119000	423900	섬유류	기타인조섬유방적사
5510121000	423900	섬유류	기타인조섬유방적사
5510129000	423900	섬유류	기타인조섬유방적사
5510201000	423900	섬유류	기타인조섬유방적사
5510209000	423900	섬유류	기타인조섬유방적사
5510301000	423900	섬유류	기타인조섬유방적사
5510309000	423900	섬유류	기타인조섬유방적사
5510901000	423900	섬유류	기타인조섬유방적사
5510909000	423900	섬유류	기타인조섬유방적사
5511100000	423900	섬유류	기타인조섬유방적사
5511200000	423900	섬유류	기타인조섬유방적사
5511300000	423900	섬유류	기타인조섬유방적사
5512110000	435190	섬유류	기타폴리에스터직물
5512191000	435190	섬유류	기타폴리에스터직물
5512192000	435190	섬유류	기타폴리에스터직물
5512193000	435190	섬유류	기타폴리에스터직물
5512210000	435210	섬유류	아크릴단섬유직물
5512290000	435210	섬유류	아크릴단섬유직물
5512911000	435190	섬유류	기타폴리에스터직물
5512919000	435190	섬유류	기타폴리에스터직물
5512991000	435190	섬유류	기타폴리에스터직물
5512999000	435190	섬유류	기타폴리에스터직물
5513110000	435110	섬유류	P/C직물
5513120000	435110	섬유류	P/C직물
5513130000	435110	섬유류	P/C직물
5513190000	435190	섬유류	기타폴리에스터직물
5513210000	435110	섬유류	P/C직물
5513231000	435110	섬유류	P/C직물
5513239000	435110	섬유류	P/C직물
5513290000	435190	섬유류	기타폴리에스터직물
5513310000	435110	섬유류	P/C직물
5513390000	435190	섬유류	기타폴리에스터직물
5513410000	435110	섬유류	P/C직물
5513490000	435190	섬유류	기타폴리에스터직물
5514110000	435110	섬유류	P/C직물
5514120000	435110	섬유류	P/C직물
5514193000	435110	섬유류	P/C직물
5514199000	435190	섬유류	기타폴리에스터직물
5514210000	435110	섬유류	P/C직물
5514220000	435110	섬유류	P/C직물
5514230000	435110	섬유류	P/C직물
5514290000	435190	섬유류	기타폴리에스터직물
5514300000	435220	섬유류	기타 단섬유직물
5514410000	435110	섬유류	P/C직물
5514420000	435110	섬유류	P/C직물
5514430000	435110	섬유류	P/C직물
5514490000	435190	섬유류	기타폴리에스터직물
5515111000	435190	섬유류	기타폴리에스터직물
5515119000	435190	섬유류	기타폴리에스터직물
5515121000	435190	섬유류	기타폴리에스터직물
5515129000	435190	섬유류	기타폴리에스터직물
5515131000	435120	섬유류	P/W직물
5515139000	435120	섬유류	P/W직물
5515191000	435190	섬유류	기타폴리에스터직물
5515199000	435190	섬유류	기타폴리에스터직물
5515210000	435210	섬유류	아크릴단섬유직물
5515221000	435210	섬유류	아크릴단섬유직물
5515229000	435210	섬유류	아크릴단섬유직물
5515290000	435210	섬유류	아크릴단섬유직물
5515910000	435190	섬유류	기타폴리에스터직물
5515990000	435190	섬유류	기타폴리에스터직물
5516111000	435910	섬유류	순재생단섬유직물
5516119000	435910	섬유류	순재생단섬유직물
5516121000	435910	섬유류	순재생단섬유직물
5516129000	435910	섬유류	순재생단섬유직물
5516130000	435910	섬유류	순재생단섬유직물
5516141000	435910	섬유류	순재생단섬유직물
5516149000	435910	섬유류	순재생단섬유직물
5516211000	435990	섬유류	혼방재생단섬유직물
5516219000	435990	섬유류	혼방재생단섬유직물
5516221000	435990	섬유류	혼방재생단섬유직물
5516229000	435990	섬유류	혼방재생단섬유직물
5516230000	435990	섬유류	혼방재생단섬유직물
5516241000	435990	섬유류	혼방재생단섬유직물
5516249000	435990	섬유류	혼방재생단섬유직물
5516310000	435990	섬유류	혼방재생단섬유직물
5516320000	435990	섬유류	혼방재생단섬유직물
5516330000	435990	섬유류	혼방재생단섬유직물
5516340000	435990	섬유류	혼방재생단섬유직물
5516411000	435990	섬유류	혼방재생단섬유직물
5516419000	435990	섬유류	혼방재생단섬유직물
5516421000	435990	섬유류	혼방재생단섬유직물
5516429000	435990	섬유류	혼방재생단섬유직물
5516430000	435990	섬유류	혼방재생단섬유직물
5516440000	435990	섬유류	혼방재생단섬유직물
5516910000	435990	섬유류	혼방재생단섬유직물
5516921000	435990	섬유류	혼방재생단섬유직물
5516929000	435990	섬유류	혼방재생단섬유직물
5516930000	435990	섬유류	혼방재생단섬유직물
5516940000	435990	섬유류	혼방재생단섬유직물
5601210000	449090	섬유류	기타의 섬유제품
5601220000	449090	섬유류	기타의 섬유제품
5601290000	449090	섬유류	기타의 섬유제품
5601301000	449090	섬유류	기타의 섬유제품
5601309000	449090	섬유류	기타의 섬유제품
5602101000	449090	섬유류	기타의 섬유제품
5602102000	449090	섬유류	기타의 섬유제품
5602210000	449090	섬유류	기타의 섬유제품
5602290000	449090	섬유류	기타의 섬유제품
5602900000	449090	섬유류	기타의 섬유제품
5603111000	439500	섬유류	부직포
5603119000	439500	섬유류	부직포
5603121000	439500	섬유류	부직포
5603129000	439500	섬유류	부직포
5603131000	439500	섬유류	부직포
5603139000	439500	섬유류	부직포
5603141000	439500	섬유류	부직포
5603149000	439500	섬유류	부직포
5603910000	439500	섬유류	부직포
5603920000	439500	섬유류	부직포
5603930000	439500	섬유류	부직포
5603940000	439500	섬유류	부직포
5604100000	421990	섬유류	기타사
5604902000	421990	섬유류	기타사
5604909000	421990	섬유류	기타사
5605000000	421990	섬유류	기타사
5606001000	421990	섬유류	기타사
5606002000	421990	섬유류	기타사
5606003000	421990	섬유류	기타사
5606009000	421990	섬유류	기타사
5607210000	449007	섬유류	로프
5607290000	449007	섬유류	로프
5607410000	449007	섬유류	로프
5607490000	449007	섬유류	로프
5607500000	449007	섬유류	로프
5607901000	449007	섬유류	로프
5607909000	449007	섬유류	로프
5608111011	449006	섬유류	어망
5608111012	449006	섬유류	어망
5608111013	449006	섬유류	어망
5608111020	449006	섬유류	어망
5608111090	449006	섬유류	어망
5608119000	449006	섬유류	어망
5608191000	449006	섬유류	어망
5608199000	449006	섬유류	어망
5608900000	449006	섬유류	어망
5609001000	449007	섬유류	로프
5609002000	449007	섬유류	로프
5609003000	449007	섬유류	로프
5609009000	449007	섬유류	로프
5701100000	449001	섬유류	양탄자
5701900000	449001	섬유류	양탄자
5702100000	449001	섬유류	양탄자
5702200000	449001	섬유류	양탄자
5702310000	449001	섬유류	양탄자
5702320000	449001	섬유류	양탄자
5702390000	449001	섬유류	양탄자
5702410000	449001	섬유류	양탄자
5702420000	449001	섬유류	양탄자
5702490000	449001	섬유류	양탄자
5702500000	449001	섬유류	양탄자
5702910000	449001	섬유류	양탄자
5702920000	449001	섬유류	양탄자
5702990000	449001	섬유류	양탄자
5703100000	449001	섬유류	양탄자
5703210000	449013	섬유류	인조잔디
5703290000	449001	섬유류	양탄자
5703310000	449013	섬유류	인조잔디
5703390000	449001	섬유류	양탄자
5703900000	449001	섬유류	양탄자
5704100000	449001	섬유류	양탄자
5704200000	449001	섬유류	양탄자
5704900000	449001	섬유류	양탄자
5705000000	449001	섬유류	양탄자
5801100000	439400	섬유류	파일셔어닐직물
5801210000	439400	섬유류	파일셔어닐직물
5801220000	439400	섬유류	파일셔어닐직물
5801230000	439400	섬유류	파일셔어닐직물
5801260000	439400	섬유류	파일셔어닐직물
5801270000	439400	섬유류	파일셔어닐직물
5801310000	439400	섬유류	파일셔어닐직물
5801320000	439400	섬유류	파일셔어닐직물
5801330000	439400	섬유류	파일셔어닐직물
5801360000	439400	섬유류	파일셔어닐직물
5801370000	439400	섬유류	파일셔어닐직물
5801900000	439400	섬유류	파일셔어닐직물
5802100000	439990	섬유류	기타의직물
5802200000	439990	섬유류	기타의직물
5802300000	439990	섬유류	기타의직물
5803000000	439990	섬유류	기타의직물
5804103000	439990	섬유류	기타의직물
5804109000	439990	섬유류	기타의직물
5804210000	439990	섬유류	기타의직물
5804292000	439990	섬유류	기타의직물
5804299000	439990	섬유류	기타의직물
5804300000	439990	섬유류	기타의직물
5805000000	449090	섬유류	기타의 섬유제품
5806103000	439990	섬유류	기타의직물
5806109000	439990	섬유류	기타의직물
5806200000	439990	섬유류	기타의직물
5806310000	439990	섬유류	기타의직물
5806320000	439990	섬유류	기타의직물
5806390000	439990	섬유류	기타의직물
5806400000	439990	섬유류	기타의직물
5807101000	449090	섬유류	기타의 섬유제품
5807109000	449090	섬유류	기타의 섬유제품
5807901000	449090	섬유류	기타의 섬유제품
5807909000	449090	섬유류	기타의 섬유제품
5808100000	449090	섬유류	기타의 섬유제품
5808900000	449090	섬유류	기타의 섬유제품
5809000000	439990	섬유류	기타의직물
5810100000	439300	섬유류	자수포
5810910000	439300	섬유류	자수포
5810920000	439300	섬유류	자수포
5810990000	439300	섬유류	자수포
5811004000	449090	섬유류	기타의 섬유제품
5811009000	449090	섬유류	기타의 섬유제품
5901100000	439990	섬유류	기타의직물
5901901000	439990	섬유류	기타의직물
5901902000	515120	생활용품	미술용구
5901903000	439990	섬유류	기타의직물
5902100000	439200	섬유류	타이어코드
5902200000	439200	섬유류	타이어코드
5902900000	439200	섬유류	타이어코드
5903100000	439990	섬유류	기타의직물
5903200000	439990	섬유류	기타의직물
5903900000	439990	섬유류	기타의직물
5904100000	449090	섬유류	기타의 섬유제품
5904900000	449090	섬유류	기타의 섬유제품
5905000000	439990	섬유류	기타의직물
5906100000	439990	섬유류	기타의직물
5906910000	439990	섬유류	기타의직물
5906990000	439990	섬유류	기타의직물
5907001000	439990	섬유류	기타의직물
5907002000	439990	섬유류	기타의직물
5907009000	439990	섬유류	기타의직물
5908001000	449090	섬유류	기타의 섬유제품
5908009000	449090	섬유류	기타의 섬유제품
5909000000	449090	섬유류	기타의 섬유제품
5910000000	449090	섬유류	기타의 섬유제품
5911100000	449090	섬유류	기타의 섬유제품
5911200000	449090	섬유류	기타의 섬유제품
5911310000	449090	섬유류	기타의 섬유제품
5911320000	449090	섬유류	기타의 섬유제품
5911400000	449090	섬유류	기타의 섬유제품
5911900000	449090	섬유류	기타의 섬유제품
6001101000	436000	섬유류	편직물
6001102000	436000	섬유류	편직물
6001109000	436000	섬유류	편직물
6001210000	436000	섬유류	편직물
6001220000	436000	섬유류	편직물
6001290000	436000	섬유류	편직물
6001910000	436000	섬유류	편직물
6001920000	436000	섬유류	편직물
6001990000	436000	섬유류	편직물
6002400000	436000	섬유류	편직물
6002900000	436000	섬유류	편직물
6003100000	436000	섬유류	편직물
6003200000	436000	섬유류	편직물
6003300000	436000	섬유류	편직물
6003400000	436000	섬유류	편직물
6003900000	436000	섬유류	편직물
6004100000	436000	섬유류	편직물
6004900000	436000	섬유류	편직물
6005210000	436000	섬유류	편직물
6005220000	436000	섬유류	편직물
6005230000	436000	섬유류	편직물
6005240000	436000	섬유류	편직물
6005351000	436000	섬유류	편직물
6005352000	436000	섬유류	편직물
6005353000	436000	섬유류	편직물
6005354000	436000	섬유류	편직물
6005360000	436000	섬유류	편직물
6005370000	436000	섬유류	편직물
6005380000	436000	섬유류	편직물
6005390000	436000	섬유류	편직물
6005410000	436000	섬유류	편직물
6005420000	436000	섬유류	편직물
6005430000	436000	섬유류	편직물
6005440000	436000	섬유류	편직물
6005900000	436000	섬유류	편직물
6006100000	436000	섬유류	편직물
6006210000	436000	섬유류	편직물
6006220000	436000	섬유류	편직물
6006230000	436000	섬유류	편직물
6006240000	436000	섬유류	편직물
6006310000	436000	섬유류	편직물
6006320000	436000	섬유류	편직물
6006330000	436000	섬유류	편직물
6006340000	436000	섬유류	편직물
6006410000	436000	섬유류	편직물
6006420000	436000	섬유류	편직물
6006430000	436000	섬유류	편직물
6006440000	436000	섬유류	편직물
6006900000	436000	섬유류	편직물
6101200000	441101	섬유류	코트 및 자켓
6101301000	441101	섬유류	코트 및 자켓
6101302000	441101	섬유류	코트 및 자켓
6101900000	441101	섬유류	코트 및 자켓
6102100000	441101	섬유류	코트 및 자켓
6102200000	441101	섬유류	코트 및 자켓
6102301000	441101	섬유류	코트 및 자켓
6102302000	441101	섬유류	코트 및 자켓
6102900000	441101	섬유류	코트 및 자켓
6103101000	441102	섬유류	양복
6103102000	441102	섬유류	양복
6103109000	441102	섬유류	양복
6103220000	441102	섬유류	양복
6103230000	441102	섬유류	양복
6103290000	441102	섬유류	양복
6103310000	441103	섬유류	양복상의
6103320000	441103	섬유류	양복상의
6103330000	441103	섬유류	양복상의
6103390000	441103	섬유류	양복상의
6103410000	441104	섬유류	바지 및 스커트
6103420000	441104	섬유류	바지 및 스커트
6103430000	441104	섬유류	바지 및 스커트
6103490000	441104	섬유류	바지 및 스커트
6104130000	441102	섬유류	양복
6104191000	441102	섬유류	양복
6104199000	441102	섬유류	양복
6104220000	441102	섬유류	양복
6104230000	441102	섬유류	양복
6104290000	441102	섬유류	양복
6104310000	441103	섬유류	양복상의
6104320000	441103	섬유류	양복상의
6104330000	441103	섬유류	양복상의
6104390000	441103	섬유류	양복상의
6104410000	441105	섬유류	드레스
6104420000	441105	섬유류	드레스
6104430000	441105	섬유류	드레스
6104440000	441105	섬유류	드레스
6104491000	441105	섬유류	드레스
6104499000	441105	섬유류	드레스
6104510000	441104	섬유류	바지 및 스커트
6104520000	441104	섬유류	바지 및 스커트
6104530000	441104	섬유류	바지 및 스커트
6104590000	441104	섬유류	바지 및 스커트
6104610000	441104	섬유류	바지 및 스커트
6104620000	441104	섬유류	바지 및 스커트
6104630000	441104	섬유류	바지 및 스커트
6104690000	441104	섬유류	바지 및 스커트
6105100000	441106	섬유류	남성아우터셔츠
6105201000	441106	섬유류	남성아우터셔츠
6105202000	441106	섬유류	남성아우터셔츠
6105900000	441106	섬유류	남성아우터셔츠
6106100000	441107	섬유류	블라우스
6106201000	441107	섬유류	블라우스
6106202000	441107	섬유류	블라우스
6106900000	441107	섬유류	블라우스
6107110000	441110	섬유류	팬티
6107121000	441110	섬유류	팬티
6107122000	441110	섬유류	팬티
6107190000	441110	섬유류	팬티
6107210000	441113	섬유류	잠옷
6107221000	441113	섬유류	잠옷
6107222000	441113	섬유류	잠옷
6107290000	441113	섬유류	잠옷
6107910000	441114	섬유류	가운
6107990000	441114	섬유류	가운
6108111000	441111	섬유류	슬립
6108112000	441111	섬유류	슬립
6108190000	441111	섬유류	슬립
6108210000	441110	섬유류	팬티
6108221000	441110	섬유류	팬티
6108222000	441110	섬유류	팬티
6108290000	441110	섬유류	팬티
6108310000	441113	섬유류	잠옷
6108321000	441113	섬유류	잠옷
6108322000	441113	섬유류	잠옷
6108390000	441113	섬유류	잠옷
6108910000	441114	섬유류	가운
6108921000	441114	섬유류	가운
6108922000	441114	섬유류	가운
6108990000	441114	섬유류	가운
6109101000	441109	섬유류	언더셔츠
6109109000	441109	섬유류	언더셔츠
6109901010	441109	섬유류	언더셔츠
6109901090	441109	섬유류	언더셔츠
6109902010	441109	섬유류	언더셔츠
6109902090	441109	섬유류	언더셔츠
6109903010	441109	섬유류	언더셔츠
6109903090	441109	섬유류	언더셔츠
6109909010	441109	섬유류	언더셔츠
6109909090	441109	섬유류	언더셔츠
6110110000	441108	섬유류	스웨터
6110120000	441108	섬유류	스웨터
6110190000	441108	섬유류	스웨터
6110200000	441108	섬유류	스웨터
6110301000	441108	섬유류	스웨터
6110302000	441108	섬유류	스웨터
6110901000	441108	섬유류	스웨터
6110909000	441108	섬유류	스웨터
6111201000	441115	섬유류	유아복
6111202000	441115	섬유류	유아복
6111301000	441115	섬유류	유아복
6111302000	441115	섬유류	유아복
6111901000	441115	섬유류	유아복
6111902000	441115	섬유류	유아복
6112110000	441116	섬유류	운동복
6112120000	441116	섬유류	운동복
6112190000	441116	섬유류	운동복
6112200000	441116	섬유류	운동복
6112310000	441116	섬유류	운동복
6112390000	441116	섬유류	운동복
6112410000	441116	섬유류	운동복
6112490000	441116	섬유류	운동복
6113001000	441117	섬유류	코팅제의류
6113002000	441117	섬유류	코팅제의류
6113003000	441117	섬유류	코팅제의류
6114200000	441118	섬유류	기타편직제의류
6114301000	441118	섬유류	기타편직제의류
6114302000	441118	섬유류	기타편직제의류
6114900000	441118	섬유류	기타편직제의류
6115100000	441401	섬유류	양말
6115210000	441402	섬유류	팬티호스 타이즈
6115220000	441402	섬유류	팬티호스 타이즈
6115290000	441402	섬유류	팬티호스 타이즈
6115300000	441401	섬유류	양말
6115940000	441401	섬유류	양말
6115950000	441401	섬유류	양말
6115960000	441401	섬유류	양말
6115990000	441401	섬유류	양말
6116100000	441403	섬유류	장갑
6116910000	441403	섬유류	장갑
6116921000	441403	섬유류	장갑
6116929000	441403	섬유류	장갑
6116930000	441403	섬유류	장갑
6116990000	441403	섬유류	장갑
6117101000	441190	섬유류	기타의류
6117102000	441190	섬유류	기타의류
6117103000	441190	섬유류	기타의류
6117104000	441190	섬유류	기타의류
6117109000	441190	섬유류	기타의류
6117800000	441190	섬유류	기타의류
6117900000	441190	섬유류	기타의류
6201201000	441201	섬유류	코트 및 자켓
6201209000	441201	섬유류	코트 및 자켓
6201301000	441201	섬유류	코트 및 자켓
6201309000	441201	섬유류	코트 및 자켓
6201401010	441201	섬유류	코트 및 자켓
6201401090	441201	섬유류	코트 및 자켓
6201409010	441201	섬유류	코트 및 자켓
6201409090	441201	섬유류	코트 및 자켓
6201901000	441201	섬유류	코트 및 자켓
6201909000	441201	섬유류	코트 및 자켓
6202201000	441201	섬유류	코트 및 자켓
6202209000	441201	섬유류	코트 및 자켓
6202301000	441201	섬유류	코트 및 자켓
6202309000	441201	섬유류	코트 및 자켓
6202401010	441201	섬유류	코트 및 자켓
6202401090	441201	섬유류	코트 및 자켓
6202409010	441201	섬유류	코트 및 자켓
6202409090	441201	섬유류	코트 및 자켓
6202901000	441201	섬유류	코트 및 자켓
6202909000	441201	섬유류	코트 및 자켓
6203110000	441202	섬유류	신사복
6203120000	441202	섬유류	신사복
6203190000	441202	섬유류	신사복
6203220000	441204	섬유류	기타복(앙상블)
6203230000	441204	섬유류	기타복(앙상블)
6203290000	441204	섬유류	기타복(앙상블)
6203310000	441205	섬유류	신사복상의
6203320000	441205	섬유류	신사복상의
6203330000	441205	섬유류	신사복상의
6203390000	441205	섬유류	신사복상의
6203410000	441207	섬유류	남성바지
6203421000	441207	섬유류	남성바지
6203429000	441207	섬유류	남성바지
6203430000	441207	섬유류	남성바지
6203490000	441207	섬유류	남성바지
6204110000	441203	섬유류	여성양복
6204120000	441203	섬유류	여성양복
6204130000	441203	섬유류	여성양복
6204190000	441203	섬유류	여성양복
6204210000	441204	섬유류	기타복(앙상블)
6204220000	441204	섬유류	기타복(앙상블)
6204230000	441204	섬유류	기타복(앙상블)
6204290000	441204	섬유류	기타복(앙상블)
6204310000	441206	섬유류	여성양복상의
6204320000	441206	섬유류	여성양복상의
6204330000	441206	섬유류	여성양복상의
6204391000	441206	섬유류	여성양복상의
6204399000	441206	섬유류	여성양복상의
6204410000	441209	섬유류	드레스
6204420000	441209	섬유류	드레스
6204430000	441209	섬유류	드레스
6204440000	441209	섬유류	드레스
6204491000	441209	섬유류	드레스
6204499000	441209	섬유류	드레스
6204510000	441208	섬유류	여성바지스커트
6204520000	441208	섬유류	여성바지스커트
6204530000	441208	섬유류	여성바지스커트
6204591000	441208	섬유류	여성바지스커트
6204599000	441208	섬유류	여성바지스커트
6204610000	441208	섬유류	여성바지스커트
6204621000	441208	섬유류	여성바지스커트
6204629000	441208	섬유류	여성바지스커트
6204630000	441208	섬유류	여성바지스커트
6204691000	441208	섬유류	여성바지스커트
6204699000	441208	섬유류	여성바지스커트
6205200000	441213	섬유류	남성셔츠
6205301000	441213	섬유류	남성셔츠
6205302000	441213	섬유류	남성셔츠
6205900000	441213	섬유류	남성셔츠
6206100000	441210	섬유류	브라우스
6206200000	441210	섬유류	브라우스
6206300000	441210	섬유류	브라우스
6206401000	441210	섬유류	브라우스
6206402000	441210	섬유류	브라우스
6206900000	441210	섬유류	브라우스
6207110000	441215	섬유류	기타내의실내복
6207191000	441215	섬유류	기타내의실내복
6207199000	441215	섬유류	기타내의실내복
6207210000	441214	섬유류	잠옷
6207221000	441214	섬유류	잠옷
6207222000	441214	섬유류	잠옷
6207290000	441214	섬유류	잠옷
6207910000	441215	섬유류	기타내의실내복
6207991000	441215	섬유류	기타내의실내복
6207992000	441215	섬유류	기타내의실내복
6207993010	441215	섬유류	기타내의실내복
6207993020	441215	섬유류	기타내의실내복
6207999000	441215	섬유류	기타내의실내복
6208111000	441215	섬유류	기타내의실내복
6208112000	441215	섬유류	기타내의실내복
6208190000	441215	섬유류	기타내의실내복
6208210000	441214	섬유류	잠옷
6208221000	441214	섬유류	잠옷
6208222000	441214	섬유류	잠옷
6208290000	441214	섬유류	잠옷
6208910000	441215	섬유류	기타내의실내복
6208921000	441215	섬유류	기타내의실내복
6208922000	441215	섬유류	기타내의실내복
6208990000	441215	섬유류	기타내의실내복
6209201000	441216	섬유류	유아용의류
6209202000	441216	섬유류	유아용의류
6209301000	441216	섬유류	유아용의류
6209302000	441216	섬유류	유아용의류
6209901000	441216	섬유류	유아용의류
6209902000	441216	섬유류	유아용의류
6210101000	441217	섬유류	코팅제의류
6210102000	441217	섬유류	코팅제의류
6210201010	441217	섬유류	코팅제의류
6210201020	441217	섬유류	코팅제의류
6210201030	441217	섬유류	코팅제의류
6210209010	441217	섬유류	코팅제의류
6210209020	441217	섬유류	코팅제의류
6210209030	441217	섬유류	코팅제의류
6210301010	441217	섬유류	코팅제의류
6210301020	441217	섬유류	코팅제의류
6210301030	441217	섬유류	코팅제의류
6210309010	441217	섬유류	코팅제의류
6210309020	441217	섬유류	코팅제의류
6210309030	441217	섬유류	코팅제의류
6210401000	441217	섬유류	코팅제의류
6210402000	441217	섬유류	코팅제의류
6210403000	441217	섬유류	코팅제의류
6210501000	441217	섬유류	코팅제의류
6210502000	441217	섬유류	코팅제의류
6210503000	441217	섬유류	코팅제의류
6211111000	441212	섬유류	기타운동복
6211119000	441212	섬유류	기타운동복
6211121000	441212	섬유류	기타운동복
6211129000	441212	섬유류	기타운동복
6211201000	441211	섬유류	스키슈트
6211209000	441211	섬유류	스키슈트
6211321000	441212	섬유류	기타운동복
6211329000	441212	섬유류	기타운동복
6211331000	441212	섬유류	기타운동복
6211332000	441212	섬유류	기타운동복
6211391000	441212	섬유류	기타운동복
6211399000	441212	섬유류	기타운동복
6211421000	441212	섬유류	기타운동복
6211429000	441212	섬유류	기타운동복
6211431000	441212	섬유류	기타운동복
6211432000	441212	섬유류	기타운동복
6211491000	441212	섬유류	기타운동복
6211499000	441212	섬유류	기타운동복
6212101000	441112	섬유류	파운데이션
6212102000	441112	섬유류	파운데이션
6212109000	441112	섬유류	파운데이션
6212201000	441112	섬유류	파운데이션
6212202000	441112	섬유류	파운데이션
6212209000	441112	섬유류	파운데이션
6212300000	441112	섬유류	파운데이션
6212900000	441112	섬유류	파운데이션
6213200000	441404	섬유류	손수건 스카프
6213900000	441404	섬유류	손수건 스카프
6214100000	441404	섬유류	손수건 스카프
6214200000	441404	섬유류	손수건 스카프
6214300000	441404	섬유류	손수건 스카프
6214400000	441404	섬유류	손수건 스카프
6214900000	441404	섬유류	손수건 스카프
6215100000	441405	섬유류	넥타이 
6215200000	441405	섬유류	넥타이 
6215900000	441405	섬유류	넥타이 
6216001000	441403	섬유류	장갑
6216009000	441403	섬유류	장갑
6217100000	441220	섬유류	의류부속품 및 부분품
6217900000	441220	섬유류	의류부속품 및 부분품
6301100000	449002	섬유류	모포와 여행용러그
6301200000	449002	섬유류	모포와 여행용러그
6301300000	449002	섬유류	모포와 여행용러그
6301400000	449002	섬유류	모포와 여행용러그
6301900000	449002	섬유류	모포와 여행용러그
6302101000	449003	섬유류	실내용품
6302109000	449003	섬유류	실내용품
6302210000	449003	섬유류	실내용품
6302220000	449003	섬유류	실내용품
6302290000	449003	섬유류	실내용품
6302310000	449003	섬유류	실내용품
6302320000	449003	섬유류	실내용품
6302390000	449003	섬유류	실내용품
6302400000	449003	섬유류	실내용품
6302510000	449003	섬유류	실내용품
6302530000	449003	섬유류	실내용품
6302590000	449003	섬유류	실내용품
6302600000	449003	섬유류	실내용품
6302910000	449003	섬유류	실내용품
6302930000	449003	섬유류	실내용품
6302990000	449003	섬유류	실내용품
6303120000	449014	섬유류	커튼
6303190000	449014	섬유류	커튼
6303910000	449014	섬유류	커튼
6303920000	449014	섬유류	커튼
6303990000	449014	섬유류	커튼
6304110000	449003	섬유류	실내용품
6304190000	449003	섬유류	실내용품
6304200000	449003	섬유류	실내용품
6304910000	449003	섬유류	실내용품
6304920000	449003	섬유류	실내용품
6304930000	449003	섬유류	실내용품
6304990000	449003	섬유류	실내용품
6305100000	449004	섬유류	포장용의 빈포대
6305200000	449004	섬유류	포장용의 빈포대
6305320000	449004	섬유류	포장용의 빈포대
6305330000	449004	섬유류	포장용의 빈포대
6305390000	449004	섬유류	포장용의 빈포대
6305900000	449004	섬유류	포장용의 빈포대
6306120000	514210	생활용품	텐트및캠프용품
6306190000	514210	생활용품	텐트및캠프용품
6306220000	514210	생활용품	텐트및캠프용품
6306290000	514210	생활용품	텐트및캠프용품
6306300000	449005	섬유류	텐트 및 캠핑용품
6306400000	514210	생활용품	텐트및캠프용품
6306901000	514210	생활용품	텐트및캠프용품
6306902000	514210	생활용품	텐트및캠프용품
6306909000	514210	생활용품	텐트및캠프용품
6307100000	449090	섬유류	기타의 섬유제품
6307200000	449090	섬유류	기타의 섬유제품
6307901000	449090	섬유류	기타의 섬유제품
6307902000	449090	섬유류	기타의 섬유제품
6307903000	449090	섬유류	기타의 섬유제품
6307904010	449090	섬유류	기타의 섬유제품
6307904020	449090	섬유류	기타의 섬유제품
6307904030	449090	섬유류	기타의 섬유제품
6307904090	449090	섬유류	기타의 섬유제품
6307909000	449090	섬유류	기타의 섬유제품
6308000000	449090	섬유류	기타의 섬유제품
6309000000	449090	섬유류	기타의 섬유제품
6310100000	449090	섬유류	기타의 섬유제품
6310900000	449090	섬유류	기타의 섬유제품
6401100000	443190	섬유류	기타신발
6401921000	443140	섬유류	스키부츠 
6401929010	443190	섬유류	기타신발
6401929090	443190	섬유류	기타신발
6401991010	443190	섬유류	기타신발
6401991090	443190	섬유류	기타신발
6401999000	443190	섬유류	기타신발
6402120000	443140	섬유류	스키부츠 
6402190000	443120	섬유류	스포츠화 
6402200000	443190	섬유류	기타신발
6402911000	443190	섬유류	기타신발
6402912000	443120	섬유류	스포츠화 
6402919000	443190	섬유류	기타신발
6402991000	443190	섬유류	기타신발
6402992000	443120	섬유류	스포츠화 
6402999000	443190	섬유류	기타신발
6403120000	443140	섬유류	스키부츠 
6403190000	443120	섬유류	스포츠화 
6403200000	443190	섬유류	기타신발
6403400000	443190	섬유류	기타신발
6403510000	443190	섬유류	기타신발
6403591000	443130	섬유류	구두
6403599000	443190	섬유류	기타신발
6403911000	443130	섬유류	구두
6403912000	443110	섬유류	등산화
6403913000	443190	섬유류	기타신발
6403914000	443120	섬유류	스포츠화 
6403919000	443190	섬유류	기타신발
6403991000	443130	섬유류	구두
6403992000	443110	섬유류	등산화
6403994000	443120	섬유류	스포츠화 
6403999000	443190	섬유류	기타신발
6404110000	443120	섬유류	스포츠화 
6404191000	443190	섬유류	기타신발
6404199000	443190	섬유류	기타신발
6404200000	443190	섬유류	기타신발
6405100000	443190	섬유류	기타신발
6405200000	443190	섬유류	기타신발
6405900000	443190	섬유류	기타신발
6406101000	443150	섬유류	신발부분품
6406102000	443150	섬유류	신발부분품
6406201000	443150	섬유류	신발부분품
6406202000	443150	섬유류	신발부분품
6406902000	443150	섬유류	신발부분품
6406903000	443150	섬유류	신발부분품
6406909000	443150	섬유류	신발부분품
6501000000	441406	섬유류	모자
6502000000	441406	섬유류	모자
6504000000	441406	섬유류	모자
6505001000	441406	섬유류	모자
6505009011	441406	섬유류	모자
6505009019	441406	섬유류	모자
6505009021	441406	섬유류	모자
6505009029	441406	섬유류	모자
6505009090	441406	섬유류	모자
6506100000	441406	섬유류	모자
6506910000	441406	섬유류	모자
6506990000	441406	섬유류	모자
6507000000	441406	섬유류	모자
6601100000	521110	생활용품	우산
6601910000	521110	생활용품	우산
6601992000	521120	생활용품	양산
6601999000	521110	생활용품	우산
6602001000	521290	생활용품	기타휴대용품
6602009000	521290	생활용품	기타휴대용품
6603200000	521290	생활용품	기타휴대용품
6603900000	521290	생활용품	기타휴대용품
6701000000	999000	기타	기타
6702100000	525100	생활용품	조화
6702901000	525100	생활용품	조화
6702909000	525100	생활용품	조화
6703001000	980000	기타	가발및가눈썹
6703009000	980000	기타	가발및가눈썹
6704110000	518410	생활용품	가발
6704191000	518410	생활용품	가발
6704194000	518440	생활용품	가속눈썹
6704199000	518490	생활용품	기타
6704201000	518410	생활용품	가발
6704202000	518410	생활용품	가발
6704205000	518440	생활용품	가속눈썹
6704209000	518490	생활용품	기타
6704900000	518490	생활용품	기타
6801000000	129000	기타	기타비금속광물
6802100000	129000	기타	기타비금속광물
6802211000	129000	기타	기타비금속광물
6802212000	129000	기타	기타비금속광물
6802213000	129000	기타	기타비금속광물
6802230000	129000	기타	기타비금속광물
6802291000	129000	기타	기타비금속광물
6802299000	129000	기타	기타비금속광물
6802911000	129000	기타	기타비금속광물
6802912000	129000	기타	기타비금속광물
6802913000	129000	기타	기타비금속광물
6802920000	129000	기타	기타비금속광물
6802930000	129000	기타	기타비금속광물
6802990000	129000	기타	기타비금속광물
6803000000	129000	기타	기타비금속광물
6804100000	272000	기타	연마제품
6804210000	763300	일반기계	다이아몬드공구
6804221000	272000	기타	연마제품
6804229000	272000	기타	연마제품
6804230000	272000	기타	연마제품
6804300000	272000	기타	연마제품
6805100000	272000	기타	연마제품
6805200000	272000	기타	연마제품
6805300000	272000	기타	연마제품
6806101000	249000	기타	기타요업제품
6806102000	249000	기타	기타요업제품
6806103000	249000	기타	기타요업제품
6806109000	249000	기타	기타요업제품
6806201000	129000	기타	기타비금속광물
6806202000	249000	기타	기타요업제품
6806204000	249000	기타	기타요업제품
6806209000	249000	기타	기타요업제품
6806901000	249000	기타	기타요업제품
6806909000	249000	기타	기타요업제품
6807100000	249000	기타	기타요업제품
6807900000	249000	기타	기타요업제품
6808000000	249000	기타	기타요업제품
6809110000	249000	기타	기타요업제품
6809190000	249000	기타	기타요업제품
6809900000	249000	기타	기타요업제품
6810111000	249000	기타	기타요업제품
6810112000	249000	기타	기타요업제품
6810191000	242100	기타	타일
6810192000	249000	기타	기타요업제품
6810199000	249000	기타	기타요업제품
6810910000	249000	기타	기타요업제품
6810992000	249000	기타	기타요업제품
6810993000	249000	기타	기타요업제품
6810999000	249000	기타	기타요업제품
6811400000	249000	기타	기타요업제품
6811810000	249000	기타	기타요업제품
6811820000	249000	기타	기타요업제품
6811890000	249000	기타	기타요업제품
6812800000	261000	기타	석면제품
6812910000	261000	기타	석면제품
6812990000	261000	기타	석면제품
6813200000	271000	기타	마찰제품
6813810000	271000	기타	마찰제품
6813891000	271000	기타	마찰제품
6813899000	271000	기타	마찰제품
6814100000	262000	기타	운모제품
6814900000	262000	기타	운모제품
6815110000	422500	섬유류	탄소섬유사
6815120000	439610	섬유류	탄소섬유직물
6815131000	439620	섬유류	프리프레그
6815139000	290090	기타	기타화학공업제품
6815191000	290090	기타	기타화학공업제품
6815199000	290090	기타	기타화학공업제품
6815200000	290090	기타	기타화학공업제품
6815910000	290090	기타	기타화학공업제품
6815990000	129000	기타	기타비금속광물
6901001000	249000	기타	기타요업제품
6901002000	249000	기타	기타요업제품
6901003000	242100	기타	타일
6901009010	249000	기타	기타요업제품
6901009090	249000	기타	기타요업제품
6902100000	249000	기타	기타요업제품
6902200000	249000	기타	기타요업제품
6902901000	249000	기타	기타요업제품
6902909000	249000	기타	기타요업제품
6903102010	249000	기타	기타요업제품
6903102090	249000	기타	기타요업제품
6903105000	249000	기타	기타요업제품
6903109000	249000	기타	기타요업제품
6903202000	249000	기타	기타요업제품
6903205000	249000	기타	기타요업제품
6903207000	249000	기타	기타요업제품
6903209000	249000	기타	기타요업제품
6903901000	249000	기타	기타요업제품
6903909020	249000	기타	기타요업제품
6903909070	249000	기타	기타요업제품
6903909080	249000	기타	기타요업제품
6903909090	249000	기타	기타요업제품
6904100000	249000	기타	기타요업제품
6904900000	249000	기타	기타요업제품
6905100000	249000	기타	기타요업제품
6905900000	249000	기타	기타요업제품
6906001000	249000	기타	기타요업제품
6906002000	249000	기타	기타요업제품
6907210000	242100	기타	타일
6907221000	242100	기타	타일
6907229000	242100	기타	타일
6907230000	242100	기타	타일
6907301000	242100	기타	타일
6907309000	242100	기타	타일
6907401000	242100	기타	타일
6907409000	242100	기타	타일
6909110000	242900	기타	기타타일및도자기제품
6909120000	242900	기타	기타타일및도자기제품
6909190000	242900	기타	기타타일및도자기제품
6909900000	242900	기타	기타타일및도자기제품
6910101000	242400	기타	위생용기
6910103000	242400	기타	위생용기
6910104000	242400	기타	위생용기
6910109000	242400	기타	위생용기
6910900000	242400	기타	위생용기
6911101000	516110	생활용품	자기제 식탁용품 및 주방용품
6911102000	516110	생활용품	자기제 식탁용품 및 주방용품
6911109000	516110	생활용품	자기제 식탁용품 및 주방용품
6911900000	242900	기타	기타타일및도자기제품
6912001010	516120	생활용품	도자제 식탁용품 및 주방용품
6912001020	516120	생활용품	도자제 식탁용품 및 주방용품
6912001090	516120	생활용품	도자제 식탁용품 및 주방용품
6912002000	516120	생활용품	도자제 식탁용품 및 주방용품
6912003000	516120	생활용품	도자제 식탁용품 및 주방용품
6912009000	516120	생활용품	도자제 식탁용품 및 주방용품
6913100000	242300	기타	도자기장식품
6913900000	242300	기타	도자기장식품
6914101000	242900	기타	기타타일및도자기제품
6914109000	242900	기타	기타타일및도자기제품
6914901000	242900	기타	기타타일및도자기제품
6914909000	242900	기타	기타타일및도자기제품
7001001000	243900	기타	기타유리제품
7001002000	243900	기타	기타유리제품
7002100000	243900	기타	기타유리제품
7002201000	243900	기타	기타유리제품
7002209000	243900	기타	기타유리제품
7002311000	243900	기타	기타유리제품
7002319000	243900	기타	기타유리제품
7002320000	243900	기타	기타유리제품
7002390000	243900	기타	기타유리제품
7003121000	243100	기타	판유리
7003122000	243100	기타	판유리
7003123000	243100	기타	판유리
7003124000	243100	기타	판유리
7003125000	243100	기타	판유리
7003126000	243100	기타	판유리
7003127000	243100	기타	판유리
7003191000	243100	기타	판유리
7003192000	243100	기타	판유리
7003193000	243100	기타	판유리
7003194000	243100	기타	판유리
7003195000	243100	기타	판유리
7003196000	243100	기타	판유리
7003197000	243100	기타	판유리
7003200000	243100	기타	판유리
7003300000	243100	기타	판유리
7004201000	243100	기타	판유리
7004202000	243100	기타	판유리
7004203000	243100	기타	판유리
7004204000	243100	기타	판유리
7004205000	243100	기타	판유리
7004206000	243100	기타	판유리
7004207000	243100	기타	판유리
7004901000	243100	기타	판유리
7004902000	243100	기타	판유리
7004903000	243100	기타	판유리
7004904000	243100	기타	판유리
7004905000	243100	기타	판유리
7004906000	243100	기타	판유리
7004907000	243100	기타	판유리
7005101010	243100	기타	판유리
7005101020	243100	기타	판유리
7005101030	243100	기타	판유리
7005101040	243100	기타	판유리
7005102010	243100	기타	판유리
7005102020	243100	기타	판유리
7005102030	243100	기타	판유리
7005102040	243100	기타	판유리
7005109010	243100	기타	판유리
7005109020	243100	기타	판유리
7005109030	243100	기타	판유리
7005109040	243100	기타	판유리
7005211000	243100	기타	판유리
7005212000	243100	기타	판유리
7005213000	243100	기타	판유리
7005214000	243100	기타	판유리
7005215000	243100	기타	판유리
7005216000	243100	기타	판유리
7005217010	243100	기타	판유리
7005217020	243100	기타	판유리
7005217030	243100	기타	판유리
7005291010	243100	기타	판유리
7005291020	243100	기타	판유리
7005291030	243100	기타	판유리
7005291040	243100	기타	판유리
7005291091	243100	기타	판유리
7005291092	243100	기타	판유리
7005291099	243100	기타	판유리
7005292010	243100	기타	판유리
7005292020	243100	기타	판유리
7005292030	243100	기타	판유리
7005292091	243100	기타	판유리
7005292092	243100	기타	판유리
7005292099	243100	기타	판유리
7005293010	243100	기타	판유리
7005293020	243100	기타	판유리
7005293090	243100	기타	판유리
7005294010	243100	기타	판유리
7005294020	243100	기타	판유리
7005294090	243100	기타	판유리
7005295010	243100	기타	판유리
7005295020	243100	기타	판유리
7005295090	243100	기타	판유리
7005296010	243100	기타	판유리
7005296020	243100	기타	판유리
7005296090	243100	기타	판유리
7005297010	243100	기타	판유리
7005297020	243100	기타	판유리
7005297090	243100	기타	판유리
7005298010	243100	기타	판유리
7005298020	243100	기타	판유리
7005298090	243100	기타	판유리
7005299010	243100	기타	판유리
7005299020	243100	기타	판유리
7005299090	243100	기타	판유리
7005300000	243100	기타	판유리
7006001000	243900	기타	기타유리제품
7006002000	243900	기타	기타유리제품
7006003000	243900	기타	기타유리제품
7006004000	243100	기타	판유리
7006009000	243900	기타	기타유리제품
7007111000	243200	기타	안전유리
7007112000	243200	기타	안전유리
7007191000	243200	기타	안전유리
7007192000	243200	기타	안전유리
7007211000	243200	기타	안전유리
7007212000	243200	기타	안전유리
7007291000	243200	기타	안전유리
7007292000	243200	기타	안전유리
7008000000	243900	기타	기타유리제품
7009100000	243300	기타	유리거울
7009910000	243300	기타	유리거울
7009920000	243300	기타	유리거울
7010100000	243400	기타	유리용기
7010200000	243400	기타	유리용기
7010900000	243400	기타	유리용기
7011100000	243800	기타	유리제벌브
7011201000	243800	기타	유리제벌브
7011209000	243800	기타	유리제벌브
7011900000	243800	기타	유리제벌브
7013100000	243700	기타	유리식기및장식품
7013220000	243700	기타	유리식기및장식품
7013280000	243700	기타	유리식기및장식품
7013330000	243700	기타	유리식기및장식품
7013370000	243700	기타	유리식기및장식품
7013410000	516130	생활용품	유리제 식탁용품 및 주방용품
7013420000	516130	생활용품	유리제 식탁용품 및 주방용품
7013490000	516130	생활용품	유리제 식탁용품 및 주방용품
7013910000	243700	기타	유리식기및장식품
7013990000	243700	기타	유리식기및장식품
7014001000	243500	기타	광학유리
7014009010	243500	기타	광학유리
7014009020	243500	기타	광학유리
7015100000	243900	기타	기타유리제품
7015901000	243900	기타	기타유리제품
7015902000	243900	기타	기타유리제품
7015909000	243900	기타	기타유리제품
7016100000	525300	생활용품	유리공예품
7016901000	243900	기타	기타유리제품
7016909010	243900	기타	기타유리제품
7016909020	243900	기타	기타유리제품
7016909090	243900	기타	기타유리제품
7017100000	243900	기타	기타유리제품
7017200000	243900	기타	기타유리제품
7017900000	243900	기타	기타유리제품
7018101000	525300	생활용품	유리공예품
7018102000	525300	생활용품	유리공예품
7018103000	525300	생활용품	유리공예품
7018104000	525300	생활용품	유리공예품
7018109000	525300	생활용품	유리공예품
7018200000	525300	생활용품	유리공예품
7018901000	525300	생활용품	유리공예품
7018909000	525300	생활용품	유리공예품
7019110000	422900	섬유류	기타인조섬유장섬유사
7019120000	422900	섬유류	기타인조섬유장섬유사
7019130000	422900	섬유류	기타인조섬유장섬유사
7019140000	439990	섬유류	기타의직물
7019150000	439990	섬유류	기타의직물
7019190000	422900	섬유류	기타인조섬유장섬유사
7019610000	439910	섬유류	유리섬유 직물
7019620000	439910	섬유류	유리섬유 직물
7019631000	439910	섬유류	유리섬유 직물
7019632000	439910	섬유류	유리섬유 직물
7019639000	439910	섬유류	유리섬유 직물
7019641000	439910	섬유류	유리섬유 직물
7019642000	439910	섬유류	유리섬유 직물
7019649000	439910	섬유류	유리섬유 직물
7019651000	439910	섬유류	유리섬유 직물
7019659000	439910	섬유류	유리섬유 직물
7019661000	439910	섬유류	유리섬유 직물
7019662000	439910	섬유류	유리섬유 직물
7019669000	439910	섬유류	유리섬유 직물
7019692000	439910	섬유류	유리섬유 직물
7019693010	439910	섬유류	유리섬유 직물
7019693090	439910	섬유류	유리섬유 직물
7019699000	439910	섬유류	유리섬유 직물
7019710000	439910	섬유류	유리섬유 직물
7019720000	439910	섬유류	유리섬유 직물
7019730000	439910	섬유류	유리섬유 직물
7019801000	439920	섬유류	글라스 울
7019809000	439920	섬유류	글라스 울
7019900000	439990	섬유류	기타의직물
7020001011	243900	기타	기타유리제품
7020001012	243900	기타	기타유리제품
7020001013	243900	기타	기타유리제품
7020001019	243900	기타	기타유리제품
7020001090	243900	기타	기타유리제품
7020009000	243900	기타	기타유리제품
7101100000	961020	기타	진주
7101210000	961020	기타	진주
7101220000	961020	기타	진주
7102100000	961010	기타	다이아몬드
7102210000	961010	기타	다이아몬드
7102290000	961010	기타	다이아몬드
7102310000	961010	기타	다이아몬드
7102390000	961010	기타	다이아몬드
7103100000	961090	기타	기타보석
7103911000	961090	기타	기타보석
7103919010	961090	기타	기타보석
7103919020	961090	기타	기타보석
7103919030	961090	기타	기타보석
7103991000	961090	기타	기타보석
7103999010	961090	기타	기타보석
7103999020	961090	기타	기타보석
7103999030	961090	기타	기타보석
7103999040	961090	기타	기타보석
7103999090	961090	기타	기타보석
7104100000	961090	기타	기타보석
7104210000	961010	기타	다이아몬드
7104290000	961090	기타	기타보석
7104911000	961010	기타	다이아몬드
7104919000	961010	기타	다이아몬드
7104991000	961090	기타	기타보석
7104999010	961090	기타	기타보석
7104999090	961090	기타	기타보석
7105101000	272000	기타	연마제품
7105102000	272000	기타	연마제품
7105901000	272000	기타	연마제품
7105909000	272000	기타	연마제품
7106100000	111200	기타	은
7106911000	111200	기타	은
7106919000	111200	기타	은
7106921000	111200	기타	은
7106922000	111200	기타	은
7106923000	111200	기타	은
7106929000	111200	기타	은
7107001000	111200	기타	은
7107002000	111200	기타	은
7107003000	111200	기타	은
7107004000	111200	기타	은
7107009000	111200	기타	은
7108110000	111100	기타	금
7108121000	111100	기타	금
7108129000	111100	기타	금
7108131010	111100	기타	금
7108131090	932090	바이오헬스	기타
7108139010	111100	기타	금
7108139020	111100	기타	금
7108139090	111100	기타	금
7108200000	111100	기타	금
7109000000	111100	기타	금
7110110000	111300	기타	백금
7110190000	111300	기타	백금
7110210000	111300	기타	백금
7110290000	111300	기타	백금
7110310000	111300	기타	백금
7110390000	111300	기타	백금
7110410000	111300	기타	백금
7110490000	111300	기타	백금
7111000000	111300	기타	백금
7112300000	119090	기타	기타금속광물
7112911000	119090	기타	기타금속광물
7112919000	119090	기타	기타금속광물
7112921000	119090	기타	기타금속광물
7112929000	119090	기타	기타금속광물
7112991000	119090	기타	기타금속광물
7112992000	119090	기타	기타금속광물
7112999000	119090	기타	기타금속광물
7113110000	518310	생활용품	귀금속장식품
7113191000	518310	생활용품	귀금속장식품
7113192000	518310	생활용품	귀금속장식품
7113199000	518310	생활용품	귀금속장식품
7113201000	518310	생활용품	귀금속장식품
7113202000	518310	생활용품	귀금속장식품
7113203000	518310	생활용품	귀금속장식품
7113209000	518310	생활용품	귀금속장식품
7114110000	518320	생활용품	금은 세공품
7114191000	518320	생활용품	금은 세공품
7114199000	518320	생활용품	금은 세공품
7114200000	518320	생활용품	금은 세공품
7115100000	963000	기타	공업용귀금속제품
7115901010	963000	기타	공업용귀금속제품
7115901090	963000	기타	공업용귀금속제품
7115909010	962000	기타	귀금속장식품
7115909020	962000	기타	귀금속장식품
7115909090	962000	기타	귀금속장식품
7116101000	518330	생활용품	진주 장식품
7116102000	518330	생활용품	진주 장식품
7116201000	518330	생활용품	진주 장식품
7116209010	518330	생활용품	진주 장식품
7116209090	518330	생활용품	진주 장식품
7117110000	518340	생활용품	모조 장식품
7117191000	518340	생활용품	모조 장식품
7117192000	518340	생활용품	모조 장식품
7117193000	518340	생활용품	모조 장식품
7117194000	518340	생활용품	모조 장식품
7117195000	518340	생활용품	모조 장식품
7117196000	518340	생활용품	모조 장식품
7117199000	518340	생활용품	모조 장식품
7117900000	518340	생활용품	모조 장식품
7118100000	641000	기타	주화
7118901000	641000	기타	주화
7118902000	641000	기타	주화
7118909000	641000	기타	주화
7201101000	691210	기타	주물용선철
7201102000	691220	기타	제강용선철
7201109000	691290	기타	기타선철
7201200000	691290	기타	기타선철
7201500000	691290	기타	기타선철
7202110000	691110	기타	망간철
7202190000	691110	기타	망간철
7202210000	691120	기타	실리콘철
7202291000	691120	기타	실리콘철
7202299000	691120	기타	실리콘철
7202300000	691130	기타	실리콘망간철
7202410000	691190	기타	기타합금철
7202490000	691190	기타	기타합금철
7202500000	691190	기타	기타합금철
7202600000	691190	기타	기타합금철
7202700000	691190	기타	기타합금철
7202800000	691190	기타	기타합금철
7202910000	691190	기타	기타합금철
7202920000	691190	기타	기타합금철
7202930000	691190	기타	기타합금철
7202991000	691190	기타	기타합금철
7202999000	691190	기타	기타합금철
7203100000	691310	기타	직접환원철
7203900000	691390	기타	기타환원철
7204100000	691400	기타	고철
7204210000	691400	기타	고철
7204290000	691400	기타	고철
7204300000	691400	기타	고철
7204410000	691400	기타	고철
7204490000	691400	기타	고철
7204500000	691400	기타	고철
7205101000	691900	기타	기타철강제품
7205102000	691900	기타	기타철강제품
7205109000	691900	기타	기타철강제품
7205210000	691900	기타	기타철강제품
7205290000	691900	기타	기타철강제품
7206100000	619190	철강제품	기타강반제품
7206900000	619190	철강제품	기타강반제품
7207111000	619110	철강제품	블룸
7207112000	619120	철강제품	빌레트
7207121000	619130	철강제품	슬랩
7207122000	619140	철강제품	쉬트바
7207190000	619190	철강제품	기타강반제품
7207201000	619110	철강제품	블룸
7207202000	619120	철강제품	빌레트
7207203000	619130	철강제품	슬랩
7207209000	619190	철강제품	기타강반제품
7208101000	613210	철강제품	철및비합금강열연강판
7208109000	613210	철강제품	철및비합금강열연강판
7208251000	613210	철강제품	철및비합금강열연강판
7208259000	613210	철강제품	철및비합금강열연강판
7208261000	613210	철강제품	철및비합금강열연강판
7208269000	613210	철강제품	철및비합금강열연강판
7208271000	613210	철강제품	철및비합금강열연강판
7208279000	613210	철강제품	철및비합금강열연강판
7208361000	613210	철강제품	철및비합금강열연강판
7208369000	613210	철강제품	철및비합금강열연강판
7208371000	613210	철강제품	철및비합금강열연강판
7208379000	613210	철강제품	철및비합금강열연강판
7208381000	613210	철강제품	철및비합금강열연강판
7208389000	613210	철강제품	철및비합금강열연강판
7208391000	613210	철강제품	철및비합금강열연강판
7208399000	613210	철강제품	철및비합금강열연강판
7208400000	613110	철강제품	철및비합금강중후판
7208511000	613110	철강제품	철및비합금강중후판
7208519000	613110	철강제품	철및비합금강중후판
7208521000	613110	철강제품	철및비합금강중후판
7208529000	613110	철강제품	철및비합금강중후판
7208531000	613110	철강제품	철및비합금강중후판
7208539000	613110	철강제품	철및비합금강중후판
7208541000	613210	철강제품	철및비합금강열연강판
7208549000	613210	철강제품	철및비합금강열연강판
7208900000	613210	철강제품	철및비합금강열연강판
7209151000	613310	철강제품	철및비합금강냉연강판
7209159000	613310	철강제품	철및비합금강냉연강판
7209161000	613310	철강제품	철및비합금강냉연강판
7209169000	613310	철강제품	철및비합금강냉연강판
7209171000	613310	철강제품	철및비합금강냉연강판
7209179000	613310	철강제품	철및비합금강냉연강판
7209181000	613310	철강제품	철및비합금강냉연강판
7209189000	613310	철강제품	철및비합금강냉연강판
7209251000	613310	철강제품	철및비합금강냉연강판
7209259000	613310	철강제품	철및비합금강냉연강판
7209261000	613310	철강제품	철및비합금강냉연강판
7209269000	613310	철강제품	철및비합금강냉연강판
7209271000	613310	철강제품	철및비합금강냉연강판
7209279000	613310	철강제품	철및비합금강냉연강판
7209281000	613310	철강제품	철및비합금강냉연강판
7209289000	613310	철강제품	철및비합금강냉연강판
7209900000	613310	철강제품	철및비합금강냉연강판
7210110000	613600	철강제품	석도강판
7210120000	613600	철강제품	석도강판
7210200000	613700	철강제품	도금강판
7210301000	613420	철강제품	전기아연도강판
7210309000	613420	철강제품	전기아연도강판
7210410000	613410	철강제품	용융아연도강판
7210491010	613410	철강제품	용융아연도강판
7210491090	613410	철강제품	용융아연도강판
7210499010	613410	철강제품	용융아연도강판
7210499090	613410	철강제품	용융아연도강판
7210500000	613700	철강제품	도금강판
7210610000	613700	철강제품	도금강판
7210690000	613700	철강제품	도금강판
7210701000	613430	철강제품	착색아연도강판
7210702000	613430	철강제품	착색아연도강판
7210901000	613700	철강제품	도금강판
7210902000	613700	철강제품	도금강판
7210909000	613700	철강제품	도금강판
7211130000	613110	철강제품	철및비합금강중후판
7211141000	613210	철강제품	철및비합금강열연강판
7211149000	613210	철강제품	철및비합금강열연강판
7211191000	613210	철강제품	철및비합금강열연강판
7211199000	613210	철강제품	철및비합금강열연강판
7211231000	613310	철강제품	철및비합금강냉연강판
7211239000	613310	철강제품	철및비합금강냉연강판
7211291000	613310	철강제품	철및비합금강냉연강판
7211299000	613310	철강제품	철및비합금강냉연강판
7211901000	613310	철강제품	철및비합금강냉연강판
7211909000	613310	철강제품	철및비합금강냉연강판
7212101000	613600	철강제품	석도강판
7212102000	613600	철강제품	석도강판
7212201000	613420	철강제품	전기아연도강판
7212209000	613420	철강제품	전기아연도강판
7212301010	613410	철강제품	용융아연도강판
7212301090	613410	철강제품	용융아연도강판
7212309010	613410	철강제품	용융아연도강판
7212309090	613410	철강제품	용융아연도강판
7212401000	613430	철강제품	착색아연도강판
7212402000	613430	철강제품	착색아연도강판
7212501000	613700	철강제품	도금강판
7212502000	613700	철강제품	도금강판
7212509000	613700	철강제품	도금강판
7212600000	613700	철강제품	도금강판
7213100000	612110	철강제품	철및비합금강선재
7213200000	612120	철강제품	스테인레스및합금강선재
7213911010	612110	철강제품	철및비합금강선재
7213911090	612110	철강제품	철및비합금강선재
7213919000	612110	철강제품	철및비합금강선재
7213991010	612110	철강제품	철및비합금강선재
7213991090	612110	철강제품	철및비합금강선재
7213999000	612110	철강제품	철및비합금강선재
7214100000	612210	철강제품	철및비합금강봉강
7214201000	612300	철강제품	철근
7214209000	612210	철강제품	철및비합금강봉강
7214300000	612220	철강제품	스테인레스및합금강봉강
7214910000	612210	철강제품	철및비합금강봉강
7214991000	612210	철강제품	철및비합금강봉강
7214999000	612220	철강제품	스테인레스및합금강봉강
7215100000	612220	철강제품	스테인레스및합금강봉강
7215500000	612210	철강제품	철및비합금강봉강
7215900000	612210	철강제품	철및비합금강봉강
7216101000	611130	철강제품	철및비합금강U형강
7216102000	611190	철강제품	철및비합금강기타형강
7216103000	611110	철강제품	철및비합금강H형강
7216210000	611120	철강제품	철및비합금강L형강
7216220000	611190	철강제품	철및비합금강기타형강
7216310000	611130	철강제품	철및비합금강U형강
7216320000	611190	철강제품	철및비합금강기타형강
7216333000	611110	철강제품	철및비합금강H형강
7216334000	611110	철강제품	철및비합금강H형강
7216335000	611110	철강제품	철및비합금강H형강
7216401000	611120	철강제품	철및비합금강L형강
7216402000	611190	철강제품	철및비합금강기타형강
7216500000	611190	철강제품	철및비합금강기타형강
7216610000	611190	철강제품	철및비합금강기타형강
7216690000	611190	철강제품	철및비합금강기타형강
7216910000	611190	철강제품	철및비합금강기타형강
7216990000	611190	철강제품	철및비합금강기타형강
7217100000	614210	철강제품	철및비합금강강선
7217200000	614210	철강제품	철및비합금강강선
7217301000	614210	철강제품	철및비합금강강선
7217309000	614210	철강제품	철및비합금강강선
7217900000	614210	철강제품	철및비합금강강선
7218101000	619200	철강제품	기타철강제품
7218109000	619200	철강제품	기타철강제품
7218911000	619130	철강제품	슬랩
7218912000	619140	철강제품	쉬트바
7218919000	619190	철강제품	기타강반제품
7218991000	619110	철강제품	블룸
7218992000	619120	철강제품	빌레트
7218999000	619190	철강제품	기타강반제품
7219111010	613220	철강제품	스테인레스강열연강판
7219111090	613220	철강제품	스테인레스강열연강판
7219119000	613220	철강제품	스테인레스강열연강판
7219121010	613220	철강제품	스테인레스강열연강판
7219121090	613220	철강제품	스테인레스강열연강판
7219129000	613220	철강제품	스테인레스강열연강판
7219131010	613220	철강제품	스테인레스강열연강판
7219131090	613220	철강제품	스테인레스강열연강판
7219139000	613220	철강제품	스테인레스강열연강판
7219141010	613220	철강제품	스테인레스강열연강판
7219141090	613220	철강제품	스테인레스강열연강판
7219149000	613220	철강제품	스테인레스강열연강판
7219211010	613120	철강제품	스테인레스강중후판
7219211090	613120	철강제품	스테인레스강중후판
7219219000	613120	철강제품	스테인레스강중후판
7219221010	613120	철강제품	스테인레스강중후판
7219221090	613120	철강제품	스테인레스강중후판
7219229000	613120	철강제품	스테인레스강중후판
7219231010	613120	철강제품	스테인레스강중후판
7219231090	613120	철강제품	스테인레스강중후판
7219239000	613120	철강제품	스테인레스강중후판
7219241010	613220	철강제품	스테인레스강열연강판
7219241090	613220	철강제품	스테인레스강열연강판
7219249000	613220	철강제품	스테인레스강열연강판
7219311010	613320	철강제품	스테인레스강냉연강판
7219311090	613320	철강제품	스테인레스강냉연강판
7219319000	613320	철강제품	스테인레스강냉연강판
7219321010	613320	철강제품	스테인레스강냉연강판
7219321090	613320	철강제품	스테인레스강냉연강판
7219329000	613320	철강제품	스테인레스강냉연강판
7219331010	613320	철강제품	스테인레스강냉연강판
7219331090	613320	철강제품	스테인레스강냉연강판
7219339000	613320	철강제품	스테인레스강냉연강판
7219341010	613320	철강제품	스테인레스강냉연강판
7219341090	613320	철강제품	스테인레스강냉연강판
7219349000	613320	철강제품	스테인레스강냉연강판
7219351010	613320	철강제품	스테인레스강냉연강판
7219351090	613320	철강제품	스테인레스강냉연강판
7219359000	613320	철강제품	스테인레스강냉연강판
7219901010	613320	철강제품	스테인레스강냉연강판
7219901090	613320	철강제품	스테인레스강냉연강판
7219909000	613320	철강제품	스테인레스강냉연강판
7220111010	613220	철강제품	스테인레스강열연강판
7220111090	613220	철강제품	스테인레스강열연강판
7220119000	613220	철강제품	스테인레스강열연강판
7220121010	613220	철강제품	스테인레스강열연강판
7220121090	613220	철강제품	스테인레스강열연강판
7220129000	613220	철강제품	스테인레스강열연강판
7220201010	613320	철강제품	스테인레스강냉연강판
7220201090	613320	철강제품	스테인레스강냉연강판
7220209000	613320	철강제품	스테인레스강냉연강판
7220901010	613320	철강제품	스테인레스강냉연강판
7220901090	613320	철강제품	스테인레스강냉연강판
7220909000	613320	철강제품	스테인레스강냉연강판
7221000000	612120	철강제품	스테인레스및합금강선재
7222110000	612220	철강제품	스테인레스및합금강봉강
7222190000	612220	철강제품	스테인레스및합금강봉강
7222200000	612220	철강제품	스테인레스및합금강봉강
7222300000	612220	철강제품	스테인레스및합금강봉강
7222400000	611200	철강제품	스테인레스및합금강형강
7223000000	614220	철강제품	스테인레스강강선
7224101000	619200	철강제품	기타철강제품
7224109000	619200	철강제품	기타철강제품
7224901000	619110	철강제품	블룸
7224902000	619120	철강제품	빌레트
7224903000	619130	철강제품	슬랩
7224904000	619140	철강제품	쉬트바
7224909000	619190	철강제품	기타강반제품
7225110000	613500	철강제품	전기강판
7225190000	613500	철강제품	전기강판
7225301000	613230	철강제품	합금강열연강판
7225309010	613230	철강제품	합금강열연강판
7225309091	613230	철강제품	합금강열연강판
7225309092	613230	철강제품	합금강열연강판
7225309099	613230	철강제품	합금강열연강판
7225401000	613130	철강제품	합금강중후판
7225409010	613130	철강제품	합금강중후판
7225409091	613130	철강제품	합금강중후판
7225409092	613130	철강제품	합금강중후판
7225409099	613130	철강제품	합금강중후판
7225501000	613330	철강제품	합금강냉연강판
7225509000	613330	철강제품	합금강냉연강판
7225911000	613420	철강제품	전기아연도강판
7225919010	613420	철강제품	전기아연도강판
7225919090	613420	철강제품	전기아연도강판
7225921000	613410	철강제품	용융아연도강판
7225929011	613410	철강제품	용융아연도강판
7225929019	613410	철강제품	용융아연도강판
7225929091	613410	철강제품	용융아연도강판
7225929099	613410	철강제품	용융아연도강판
7225991000	613330	철강제품	합금강냉연강판
7225999000	613330	철강제품	합금강냉연강판
7226110000	613500	철강제품	전기강판
7226190000	613500	철강제품	전기강판
7226200000	613230	철강제품	합금강열연강판
7226911000	613230	철강제품	합금강열연강판
7226912000	613230	철강제품	합금강열연강판
7226919000	613230	철강제품	합금강열연강판
7226920000	613330	철강제품	합금강냉연강판
7226991000	613330	철강제품	합금강냉연강판
7226992000	613420	철강제품	전기아연도강판
7226993000	613410	철강제품	용융아연도강판
7226999000	613330	철강제품	합금강냉연강판
7227100000	612120	철강제품	스테인레스및합금강선재
7227200000	612120	철강제품	스테인레스및합금강선재
7227901000	612120	철강제품	스테인레스및합금강선재
7227909010	612120	철강제품	스테인레스및합금강선재
7227909020	612120	철강제품	스테인레스및합금강선재
7227909090	612120	철강제품	스테인레스및합금강선재
7228100000	612220	철강제품	스테인레스및합금강봉강
7228200000	612220	철강제품	스테인레스및합금강봉강
7228301000	612220	철강제품	스테인레스및합금강봉강
7228309000	612220	철강제품	스테인레스및합금강봉강
7228401000	612220	철강제품	스테인레스및합금강봉강
7228409000	612220	철강제품	스테인레스및합금강봉강
7228500000	612220	철강제품	스테인레스및합금강봉강
7228601000	612220	철강제품	스테인레스및합금강봉강
7228609000	612220	철강제품	스테인레스및합금강봉강
7228701010	611200	철강제품	스테인레스및합금강형강
7228701090	611200	철강제품	스테인레스및합금강형강
7228709000	611200	철강제품	스테인레스및합금강형강
7228800000	612220	철강제품	스테인레스및합금강봉강
7229200000	614230	철강제품	합금강강선
7229901010	614230	철강제품	합금강강선
7229901090	614230	철강제품	합금강강선
7229902010	614230	철강제품	합금강강선
7229902090	614230	철강제품	합금강강선
7229909010	614230	철강제품	합금강강선
7229909090	614230	철강제품	합금강강선
7301101000	611190	철강제품	철및비합금강기타형강
7301109000	611190	철강제품	철및비합금강기타형강
7301201000	692120	기타	철및비합금강U형강
7301202000	692110	기타	철및비합금강H형강
7301203000	692130	기타	철및비합금강기타형강
7301209000	692130	기타	철및비합금강기타형강
7302101010	615110	철강제품	레일
7302101090	615110	철강제품	레일
7302102010	615110	철강제품	레일
7302102090	615110	철강제품	레일
7302103010	615110	철강제품	레일
7302103090	615110	철강제품	레일
7302104010	615110	철강제품	레일
7302104090	615110	철강제품	레일
7302300000	615120	철강제품	레일부속품
7302400000	615120	철강제품	레일부속품
7302900000	615120	철강제품	레일부속품
7303001010	692610	기타	주철관
7303001090	692610	기타	주철관
7303002000	692610	기타	주철관
7304110000	614130	철강제품	무계목강관
7304190000	614130	철강제품	무계목강관
7304220000	614130	철강제품	무계목강관
7304230000	614130	철강제품	무계목강관
7304240000	614130	철강제품	무계목강관
7304290000	614130	철강제품	무계목강관
7304310000	614130	철강제품	무계목강관
7304390000	614130	철강제품	무계목강관
7304410000	614130	철강제품	무계목강관
7304490000	614130	철강제품	무계목강관
7304510000	614130	철강제품	무계목강관
7304590000	614130	철강제품	무계목강관
7304900000	614130	철강제품	무계목강관
7305111000	614110	철강제품	철및비합금강용접강관(대)
7305112000	614110	철강제품	철및비합금강용접강관(대)
7305120000	614110	철강제품	철및비합금강용접강관(대)
7305190000	614110	철강제품	철및비합금강용접강관(대)
7305200000	614110	철강제품	철및비합금강용접강관(대)
7305311000	614110	철강제품	철및비합금강용접강관(대)
7305312000	614110	철강제품	철및비합금강용접강관(대)
7305319000	614110	철강제품	철및비합금강용접강관(대)
7305390000	614110	철강제품	철및비합금강용접강관(대)
7305900000	614110	철강제품	철및비합금강용접강관(대)
7306110000	614120	철강제품	철및비합금강용접강관(중소)
7306190000	614120	철강제품	철및비합금강용접강관(중소)
7306211000	614120	철강제품	철및비합금강용접강관(중소)
7306212000	614120	철강제품	철및비합금강용접강관(중소)
7306291000	614120	철강제품	철및비합금강용접강관(중소)
7306292000	614120	철강제품	철및비합금강용접강관(중소)
7306301010	614120	철강제품	철및비합금강용접강관(중소)
7306301020	614120	철강제품	철및비합금강용접강관(중소)
7306301030	614120	철강제품	철및비합금강용접강관(중소)
7306301090	614120	철강제품	철및비합금강용접강관(중소)
7306302010	614120	철강제품	철및비합금강용접강관(중소)
7306302020	614120	철강제품	철및비합금강용접강관(중소)
7306302030	614120	철강제품	철및비합금강용접강관(중소)
7306302090	614120	철강제품	철및비합금강용접강관(중소)
7306401000	614140	철강제품	스테인레스강강관
7306402000	614140	철강제품	스테인레스강강관
7306500000	614150	철강제품	합금강강관
7306611010	614120	철강제품	철및비합금강용접강관(중소)
7306611090	614120	철강제품	철및비합금강용접강관(중소)
7306612000	614140	철강제품	스테인레스강강관
7306613000	614150	철강제품	합금강강관
7306691010	614120	철강제품	철및비합금강용접강관(중소)
7306691090	614120	철강제품	철및비합금강용접강관(중소)
7306692000	614140	철강제품	스테인레스강강관
7306693000	614150	철강제품	합금강강관
7306901000	614120	철강제품	철및비합금강용접강관(중소)
7306909000	614120	철강제품	철및비합금강용접강관(중소)
7307110000	692620	기타	주철제관연결구류
7307190000	692620	기타	주철제관연결구류
7307210000	617110	철강제품	주강
7307221000	617110	철강제품	주강
7307229000	617110	철강제품	주강
7307230000	617110	철강제품	주강
7307290000	617110	철강제품	주강
7307910000	617110	철강제품	주강
7307921000	617110	철강제품	주강
7307929000	617110	철강제품	주강
7307930000	617110	철강제품	주강
7307991000	617110	철강제품	주강
7307999000	617110	철강제품	주강
7308100000	692310	기타	교량
7308200000	692320	기타	철탑
7308300000	692390	기타	기타철구조물
7308400000	692390	기타	기타철구조물
7308901000	692390	기타	기타철구조물
7308909000	692390	기타	기타철구조물
7309000000	692400	기타	철강재용기
7310100000	692400	기타	철강재용기
7310210000	692400	기타	철강재용기
7310290000	692400	기타	철강재용기
7311001000	692400	기타	철강재용기
7311002000	692400	기타	철강재용기
7311003000	692400	기타	철강재용기
7312101011	692220	기타	스테인레스강연선
7312101019	692220	기타	스테인레스강연선
7312101091	692210	기타	철및비합금강연선
7312101092	692210	기타	철및비합금강연선
7312101099	692210	기타	철및비합금강연선
7312102011	692240	기타	스테인레스와이어로프
7312102019	692240	기타	스테인레스와이어로프
7312102091	692230	기타	철및비합금강와이어로프
7312102092	692230	기타	철및비합금강와이어로프
7312102099	692230	기타	철및비합금강와이어로프
7312900000	692250	기타	철및비합금강사슬
7313001000	692260	기타	철및비합금강유자선
7313009000	692260	기타	철및비합금강유자선
7314120000	692900	기타	기타철강제품
7314140000	692900	기타	기타철강제품
7314190000	692900	기타	기타철강제품
7314200000	692900	기타	기타철강제품
7314310000	692900	기타	기타철강제품
7314390000	692900	기타	기타철강제품
7314410000	692900	기타	기타철강제품
7314420000	692900	기타	기타철강제품
7314490000	692900	기타	기타철강제품
7314500000	692900	기타	기타철강제품
7315110000	692500	기타	철강재체인
7315120000	692500	기타	철강재체인
7315190000	692500	기타	철강재체인
7315200000	692500	기타	철강재체인
7315810000	692500	기타	철강재체인
7315820000	692500	기타	철강재체인
7315890000	692500	기타	철강재체인
7315900000	692500	기타	철강재체인
7316001000	746400	선박류	선박용 부품
7316002000	746400	선박류	선박용 부품
7317001011	642000	기타	못
7317001019	642000	기타	못
7317001021	642000	기타	못
7317001029	642000	기타	못
7317002000	515190	생활용품	기타문구
7317003000	515190	생활용품	기타문구
7317004000	642000	기타	못
7317005000	642000	기타	못
7317009000	642000	기타	못
7318110000	761100	일반기계	볼트및너트
7318120000	761100	일반기계	볼트및너트
7318130000	761100	일반기계	볼트및너트
7318140000	761100	일반기계	볼트및너트
7318151000	761100	일반기계	볼트및너트
7318152000	761100	일반기계	볼트및너트
7318153000	761100	일반기계	볼트및너트
7318159000	761100	일반기계	볼트및너트
7318160000	761100	일반기계	볼트및너트
7318190000	761100	일반기계	볼트및너트
7318210000	761100	일반기계	볼트및너트
7318220000	761100	일반기계	볼트및너트
7318230000	761100	일반기계	볼트및너트
7318240000	761100	일반기계	볼트및너트
7318290000	761100	일반기계	볼트및너트
7319401000	761900	일반기계	기타기계요소
7319402000	761900	일반기계	기타기계요소
7319409000	761900	일반기계	기타기계요소
7319901010	761900	일반기계	기타기계요소
7319901020	761900	일반기계	기타기계요소
7319901090	761900	일반기계	기타기계요소
7319909000	761900	일반기계	기타기계요소
7320101000	742000	자동차부품	자동차부품
7320102000	744200	기타	철도차량부품
7320109000	761400	일반기계	스프링
7320201000	742000	자동차부품	자동차부품
7320202000	761400	일반기계	스프링
7320203000	744200	기타	철도차량부품
7320204000	761400	일반기계	스프링
7320209000	761400	일반기계	스프링
7320901000	761400	일반기계	스프링
7320909000	761400	일반기계	스프링
7321110000	751310	일반기계	가열기구
7321120000	751310	일반기계	가열기구
7321190000	751310	일반기계	가열기구
7321810000	751310	일반기계	가열기구
7321820000	751310	일반기계	가열기구
7321890000	751310	일반기계	가열기구
7321900000	751340	일반기계	가열난방기부품
7322111000	751340	일반기계	가열난방기부품
7322112000	751340	일반기계	가열난방기부품
7322191000	751340	일반기계	가열난방기부품
7322192000	751340	일반기계	가열난방기부품
7322901000	751340	일반기계	가열난방기부품
7322909010	751340	일반기계	가열난방기부품
7322909020	751340	일반기계	가열난방기부품
7322909030	751340	일반기계	가열난방기부품
7323100000	516140	생활용품	철강제 식탁용품 및 주방용품
7323910000	516140	생활용품	철강제 식탁용품 및 주방용품
7323920000	516140	생활용품	철강제 식탁용품 및 주방용품
7323930000	516140	생활용품	철강제 식탁용품 및 주방용품
7323940000	516140	생활용품	철강제 식탁용품 및 주방용품
7323990000	516140	생활용품	철강제 식탁용품 및 주방용품
7324101000	692900	기타	기타철강제품
7324102000	692900	기타	기타철강제품
7324210000	692900	기타	기타철강제품
7324291000	692900	기타	기타철강제품
7324299000	692900	기타	기타철강제품
7324901000	692900	기타	기타철강제품
7324908000	692900	기타	기타철강제품
7324909000	692900	기타	기타철강제품
7325100000	692690	기타	기타주철
7325910000	617110	철강제품	주강
7325991000	692690	기타	기타주철
7325992000	617110	철강제품	주강
7325993000	617110	철강제품	주강
7325999000	692690	기타	기타주철
7326110000	617120	철강제품	단강
7326190000	617120	철강제품	단강
7326200000	692690	기타	기타주철
7326901000	713100	일반기계	섬유기계
7326909000	692690	기타	기타주철
7401001000	622110	비철금속	미정제동괴
7401002000	622110	비철금속	미정제동괴
7402001000	622110	비철금속	미정제동괴
7402002000	622110	비철금속	미정제동괴
7403110000	622120	비철금속	동괴
7403120000	622120	비철금속	동괴
7403130000	622120	비철금속	동괴
7403191000	622120	비철금속	동괴
7403192000	622120	비철금속	동괴
7403199000	622120	비철금속	동괴
7403210000	622120	비철금속	동괴
7403220000	622120	비철금속	동괴
7403291010	622120	비철금속	동괴
7403291020	622120	비철금속	동괴
7403299000	622120	비철금속	동괴
7404000000	622130	비철금속	동스크랩
7405000000	622900	비철금속	기타동제품
7406100000	622210	비철금속	동분
7406201000	622210	비철금속	동분
7406202000	622210	비철금속	동분
7407100000	622220	비철금속	동봉
7407210000	622220	비철금속	동봉
7407291000	622220	비철금속	동봉
7407292010	622220	비철금속	동봉
7407292020	622220	비철금속	동봉
7407299000	622220	비철금속	동봉
7408110000	622230	비철금속	동선
7408190000	622230	비철금속	동선
7408210000	622230	비철금속	동선
7408221000	622230	비철금속	동선
7408222000	622230	비철금속	동선
7408291000	622230	비철금속	동선
7408299000	622230	비철금속	동선
7409111000	622240	비철금속	동판
7409119000	622240	비철금속	동판
7409191000	622240	비철금속	동판
7409199000	622240	비철금속	동판
7409211000	622240	비철금속	동판
7409219000	622240	비철금속	동판
7409291000	622240	비철금속	동판
7409299000	622240	비철금속	동판
7409311000	622240	비철금속	동판
7409319000	622240	비철금속	동판
7409391000	622240	비철금속	동판
7409399000	622240	비철금속	동판
7409401010	622240	비철금속	동판
7409401090	622240	비철금속	동판
7409402010	622240	비철금속	동판
7409402090	622240	비철금속	동판
7409901000	622240	비철금속	동판
7409909000	622240	비철금속	동판
7410110000	622250	비철금속	동박
7410120000	622250	비철금속	동박
7410211000	622250	비철금속	동박
7410219000	622250	비철금속	동박
7410221000	622250	비철금속	동박
7410229000	622250	비철금속	동박
7411100000	622260	비철금속	동관
7411210000	622260	비철금속	동관
7411221000	622260	비철금속	동관
7411222000	622260	비철금속	동관
7411291000	622260	비철금속	동관
7411299000	622260	비철금속	동관
7412100000	622270	비철금속	동관연결구류
7412200000	622270	비철금속	동관연결구류
7413000000	841520	전기기기	고압케이블
7415101000	622900	비철금속	기타동제품
7415109000	622900	비철금속	기타동제품
7415210000	622900	비철금속	기타동제품
7415290000	622900	비철금속	기타동제품
7415330000	622900	비철금속	기타동제품
7415390000	622900	비철금속	기타동제품
7418101000	516150	생활용품	구리제 식탁용품 및 주방용품
7418109010	516150	생활용품	구리제 식탁용품 및 주방용품
7418109020	516150	생활용품	구리제 식탁용품 및 주방용품
7418109030	516150	생활용품	구리제 식탁용품 및 주방용품
7418109091	516150	생활용품	구리제 식탁용품 및 주방용품
7418109099	516150	생활용품	구리제 식탁용품 및 주방용품
7418201000	516150	생활용품	구리제 식탁용품 및 주방용품
7418202000	516150	생활용품	구리제 식탁용품 및 주방용품
7419200000	622900	비철금속	기타동제품
7419801010	622900	비철금속	기타동제품
7419801090	622900	비철금속	기타동제품
7419802000	761400	일반기계	스프링
7419809000	622900	비철금속	기타동제품
7501100000	623110	비철금속	미정제니켈괴
7501201010	623110	비철금속	미정제니켈괴
7501201090	623110	비철금속	미정제니켈괴
7501209010	623110	비철금속	미정제니켈괴
7501209090	623110	비철금속	미정제니켈괴
7502101000	623120	비철금속	니켈괴
7502109000	623120	비철금속	니켈괴
7502200000	623120	비철금속	니켈괴
7503000000	623130	비철금속	니켈스크랩
7504001000	623210	비철금속	니켈분
7504002000	623210	비철금속	니켈분
7505110000	623220	비철금속	니켈봉및선재
7505120000	623220	비철금속	니켈봉및선재
7505210000	623220	비철금속	니켈봉및선재
7505220000	623220	비철금속	니켈봉및선재
7506101000	623240	비철금속	니켈판및대
7506102000	623230	비철금속	니켈박
7506201000	623240	비철금속	니켈판및대
7506202000	623230	비철금속	니켈박
7507110000	623250	비철금속	니켈관
7507120000	623250	비철금속	니켈관
7507200000	623260	비철금속	니켈관연결구류
7508100000	623900	비철금속	기타니켈제품
7508901000	623900	비철금속	기타니켈제품
7508902010	623900	비철금속	기타니켈제품
7508902020	623900	비철금속	기타니켈제품
7508909000	623900	비철금속	기타니켈제품
7601100000	621110	비철금속	알루미늄괴
7601201000	621110	비철금속	알루미늄괴
7601202000	621110	비철금속	알루미늄괴
7601209000	621110	비철금속	알루미늄괴
7602001000	621120	비철금속	알루미늄스크랩
7602009000	621120	비철금속	알루미늄스크랩
7603100000	621210	비철금속	알루미늄분
7603201000	621210	비철금속	알루미늄분
7603202000	621210	비철금속	알루미늄분
7604101000	621220	비철금속	알루미늄봉
7604102010	621220	비철금속	알루미늄봉
7604102090	621220	비철금속	알루미늄봉
7604210000	621220	비철금속	알루미늄봉
7604291000	621220	비철금속	알루미늄봉
7604299000	621220	비철금속	알루미늄봉
7605110000	621230	비철금속	알루미늄선
7605190000	621230	비철금속	알루미늄선
7605210000	621230	비철금속	알루미늄선
7605290000	621230	비철금속	알루미늄선
7606111000	621240	비철금속	알루미늄판
7606119000	621240	비철금속	알루미늄판
7606120000	621240	비철금속	알루미늄판
7606911000	621240	비철금속	알루미늄판
7606919000	621240	비철금속	알루미늄판
7606920000	621240	비철금속	알루미늄판
7607111000	621250	비철금속	알루미늄박
7607119000	621250	비철금속	알루미늄박
7607191000	621250	비철금속	알루미늄박
7607199000	621250	비철금속	알루미늄박
7607201000	621250	비철금속	알루미늄박
7607209000	621250	비철금속	알루미늄박
7608100000	621260	비철금속	알루미늄관
7608200000	621260	비철금속	알루미늄관
7609000000	621270	비철금속	알루니늄관연결구류
7610100000	621310	비철금속	알루미늄구조물
7610901000	621310	비철금속	알루미늄구조물
7610908000	621310	비철금속	알루미늄구조물
7610909000	621310	비철금속	알루미늄구조물
7611000000	621320	비철금속	알루미늄용기
7612100000	621320	비철금속	알루미늄용기
7612901000	621320	비철금속	알루미늄용기
7612909010	621320	비철금속	알루미늄용기
7612909020	621320	비철금속	알루미늄용기
7612909030	621320	비철금속	알루미늄용기
7613001000	621320	비철금속	알루미늄용기
7613002000	621320	비철금속	알루미늄용기
7614100000	621400	비철금속	알루미늄케이블
7614900000	621400	비철금속	알루미늄케이블
7615101000	516160	생활용품	알루미늄제 식탁용품 및 주방용품
7615109010	516160	생활용품	알루미늄제 식탁용품 및 주방용품
7615109020	516160	생활용품	알루미늄제 식탁용품 및 주방용품
7615109030	516160	생활용품	알루미늄제 식탁용품 및 주방용품
7615109090	516160	생활용품	알루미늄제 식탁용품 및 주방용품
7615201000	516160	생활용품	알루미늄제 식탁용품 및 주방용품
7615202000	516160	생활용품	알루미늄제 식탁용품 및 주방용품
7616100000	621900	비철금속	기타알루미늄제품
7616910000	621900	비철금속	기타알루미늄제품
7616991000	621900	비철금속	기타알루미늄제품
7616999010	621900	비철금속	기타알루미늄제품
7616999020	621900	비철금속	기타알루미늄제품
7616999090	621900	비철금속	기타알루미늄제품
7801101000	625110	비철금속	연괴
7801109000	625110	비철금속	연괴
7801910000	625110	비철금속	연괴
7801991000	625110	비철금속	연괴
7801992010	625110	비철금속	연괴
7801992090	625110	비철금속	연괴
7802000000	625120	비철금속	연스크랩
7804111000	625240	비철금속	연판및대
7804112000	625230	비철금속	연박
7804190000	625240	비철금속	연판및대
7804201000	625220	비철금속	연분
7804202000	625220	비철금속	연분
7806001000	625900	비철금속	기타납제품
7806002000	625900	비철금속	기타납제품
7806003010	625210	비철금속	연봉및선재
7806003030	625210	비철금속	연봉및선재
7806004000	625250	비철금속	연관및연결구류
7806009000	625900	비철금속	기타납제품
7901110000	626110	비철금속	아연괴
7901120000	626110	비철금속	아연괴
7901201000	626110	비철금속	아연괴
7901209000	626110	비철금속	아연괴
7902000000	626120	비철금속	아연스크랩
7903100000	626210	비철금속	아연분및더스트
7903901000	626210	비철금속	아연분및더스트
7903902000	626210	비철금속	아연분및더스트
7904001000	626220	비철금속	아연봉및선재
7904002000	626220	비철금속	아연봉및선재
7904003000	626220	비철금속	아연봉및선재
7905001000	626230	비철금속	아연판및대
7905002000	626240	비철금속	아연박
7907001000	626900	비철금속	기타아연제품
7907002010	626250	비철금속	아연관
7907002020	626260	비철금속	아연관연결구류
7907009010	626900	비철금속	기타아연제품
7907009090	626900	비철금속	기타아연제품
8001100000	627110	비철금속	주석괴
8001200000	627110	비철금속	주석괴
8002000000	627120	비철금속	주석스크랩
8003001010	627220	비철금속	주석봉및선재
8003001090	627220	비철금속	주석봉및선재
8003002010	627220	비철금속	주석봉및선재
8003002090	627220	비철금속	주석봉및선재
8007001000	627900	비철금속	기타주석제품
8007002000	627230	비철금속	주석판및대
8007003010	627240	비철금속	주석박
8007003021	627210	비철금속	주석분
8007003022	627210	비철금속	주석분
8007009000	627900	비철금속	기타주석제품
8101100000	628190	비철금속	기타텅스텐제품
8101940000	628110	비철금속	텅스텐괴및스크랩
8101960000	628190	비철금속	기타텅스텐제품
8101970000	628110	비철금속	텅스텐괴및스크랩
8101991010	628190	비철금속	기타텅스텐제품
8101991020	628190	비철금속	기타텅스텐제품
8101991030	628190	비철금속	기타텅스텐제품
8101991040	628190	비철금속	기타텅스텐제품
8101999010	628190	비철금속	기타텅스텐제품
8101999090	628190	비철금속	기타텅스텐제품
8102100000	628290	비철금속	기타몰리브덴제품
8102940000	628210	비철금속	몰리브덴괴및스크랩
8102951000	628290	비철금속	기타몰리브덴제품
8102952000	628290	비철금속	기타몰리브덴제품
8102953000	628290	비철금속	기타몰리브덴제품
8102954000	628290	비철금속	기타몰리브덴제품
8102961000	628290	비철금속	기타몰리브덴제품
8102969000	628290	비철금속	기타몰리브덴제품
8102970000	628210	비철금속	몰리브덴괴및스크랩
8102990000	628290	비철금속	기타몰리브덴제품
8103201000	629000	비철금속	기타비철금속제품
8103202000	629000	비철금속	기타비철금속제품
8103300000	629000	비철금속	기타비철금속제품
8103910000	629000	비철금속	기타비철금속제품
8103990000	629000	비철금속	기타비철금속제품
8104110000	624110	비철금속	마그네슘괴
8104190000	624110	비철금속	마그네슘괴
8104200000	624120	비철금속	마그네슘스크랩
8104301000	624900	비철금속	기타 마그네슘 제품
8104302000	624900	비철금속	기타 마그네슘 제품
8104901000	624200	비철금속	마그네슘조가공품
8104909000	624200	비철금속	마그네슘조가공품
8105201000	629000	비철금속	기타비철금속제품
8105202000	629000	비철금속	기타비철금속제품
8105203000	629000	비철금속	기타비철금속제품
8105300000	629000	비철금속	기타비철금속제품
8105900000	629000	비철금속	기타비철금속제품
8106101000	629000	비철금속	기타비철금속제품
8106103000	629000	비철금속	기타비철금속제품
8106109000	629000	비철금속	기타비철금속제품
8106901000	629000	비철금속	기타비철금속제품
8106903000	629000	비철금속	기타비철금속제품
8106909000	629000	비철금속	기타비철금속제품
8108201000	629000	비철금속	기타비철금속제품
8108202000	629000	비철금속	기타비철금속제품
8108300000	629000	비철금속	기타비철금속제품
8108901000	629000	비철금속	기타비철금속제품
8108902000	629000	비철금속	기타비철금속제품
8108909000	629000	비철금속	기타비철금속제품
8109210000	629000	비철금속	기타비철금속제품
8109290000	629000	비철금속	기타비철금속제품
8109310000	629000	비철금속	기타비철금속제품
8109390000	629000	비철금속	기타비철금속제품
8109911010	629000	비철금속	기타비철금속제품
8109911020	629000	비철금속	기타비철금속제품
8109911030	629000	비철금속	기타비철금속제품
8109911090	629000	비철금속	기타비철금속제품
8109919000	629000	비철금속	기타비철금속제품
8109991010	629000	비철금속	기타비철금속제품
8109991020	629000	비철금속	기타비철금속제품
8109991030	629000	비철금속	기타비철금속제품
8109991090	629000	비철금속	기타비철금속제품
8109999000	629000	비철금속	기타비철금속제품
8110100000	629000	비철금속	기타비철금속제품
8110200000	629000	비철금속	기타비철금속제품
8110900000	629000	비철금속	기타비철금속제품
8111000000	628300	비철금속	망간제품
8112120000	629000	비철금속	기타비철금속제품
8112130000	629000	비철금속	기타비철금속제품
8112190000	629000	비철금속	기타비철금속제품
8112210000	629000	비철금속	기타비철금속제품
8112220000	629000	비철금속	기타비철금속제품
8112290000	629000	비철금속	기타비철금속제품
8112310000	629000	비철금속	기타비철금속제품
8112390000	629000	비철금속	기타비철금속제품
8112410000	629000	비철금속	기타비철금속제품
8112490000	629000	비철금속	기타비철금속제품
8112510000	629000	비철금속	기타비철금속제품
8112520000	629000	비철금속	기타비철금속제품
8112590000	629000	비철금속	기타비철금속제품
8112610000	629000	비철금속	기타비철금속제품
8112690000	629000	비철금속	기타비철금속제품
8112921000	629000	비철금속	기타비철금속제품
8112922000	629000	비철금속	기타비철금속제품
8112923000	629000	비철금속	기타비철금속제품
8112925000	629000	비철금속	기타비철금속제품
8112926000	629000	비철금속	기타비철금속제품
8112929000	629000	비철금속	기타비철금속제품
8112991000	629000	비철금속	기타비철금속제품
8112992000	629000	비철금속	기타비철금속제품
8112993000	629000	비철금속	기타비철금속제품
8112995000	629000	비철금속	기타비철금속제품
8112996000	629000	비철금속	기타비철금속제품
8112999000	629000	비철금속	기타비철금속제품
8113000000	629000	비철금속	기타비철금속제품
8201100000	763700	일반기계	수도구
8201300000	763700	일반기계	수도구
8201400000	763700	일반기계	수도구
8201500000	763270	일반기계	가위
8201600000	763270	일반기계	가위
8201901000	763700	일반기계	수도구
8201909000	763700	일반기계	수도구
8202101000	763110	일반기계	커팅공구
8202109000	763110	일반기계	커팅공구
8202200000	763110	일반기계	커팅공구
8202310000	763110	일반기계	커팅공구
8202391000	763110	일반기계	커팅공구
8202392010	763300	일반기계	다이아몬드공구
8202392090	763300	일반기계	다이아몬드공구
8202393000	763110	일반기계	커팅공구
8202399000	763110	일반기계	커팅공구
8202400000	763110	일반기계	커팅공구
8202911000	763110	일반기계	커팅공구
8202919000	763110	일반기계	커팅공구
8202991000	763110	일반기계	커팅공구
8202999000	763110	일반기계	커팅공구
8203100000	763210	일반기계	줄
8203201000	763220	일반기계	플라이어
8203202000	763220	일반기계	플라이어
8203203000	763220	일반기계	플라이어
8203209000	763220	일반기계	플라이어
8203300000	763220	일반기계	플라이어
8203401000	763230	일반기계	파이프커터
8203402000	763230	일반기계	파이프커터
8203403000	763230	일반기계	파이프커터
8203409000	763230	일반기계	파이프커터
8204110000	763240	일반기계	스패너
8204120000	763240	일반기계	스패너
8204200000	763240	일반기계	스패너
8205101000	763290	일반기계	기타수공구
8205109000	763290	일반기계	기타수공구
8205200000	763260	일반기계	망치
8205300000	763290	일반기계	기타수공구
8205400000	763250	일반기계	스크루드라이버
8205510000	763290	일반기계	기타수공구
8205591000	763300	일반기계	다이아몬드공구
8205593000	763290	일반기계	기타수공구
8205599000	763290	일반기계	기타수공구
8205600000	763900	일반기계	기타공구
8205701000	763900	일반기계	기타공구
8205702000	763900	일반기계	기타공구
8205709000	763900	일반기계	기타공구
8205903000	763290	일반기계	기타수공구
8205909000	763290	일반기계	기타수공구
8206000000	763290	일반기계	기타수공구
8207130000	763120	일반기계	착암공구
8207191000	763120	일반기계	착암공구
8207199000	763120	일반기계	착암공구
8207201000	762900	일반기계	기타금형
8207202000	762900	일반기계	기타금형
8207300000	762100	일반기계	프레스금형
8207401000	763130	일반기계	탭핑공구
8207402000	763130	일반기계	탭핑공구
8207501010	763140	일반기계	드릴링공구
8207501090	763140	일반기계	드릴링공구
8207502000	763140	일반기계	드릴링공구
8207509000	763140	일반기계	드릴링공구
8207601000	763150	일반기계	보링공구
8207603000	763150	일반기계	보링공구
8207609000	763150	일반기계	보링공구
8207701000	763160	일반기계	밀링공구
8207702000	763160	일반기계	밀링공구
8207703000	763160	일반기계	밀링공구
8207704000	763160	일반기계	밀링공구
8207709000	763160	일반기계	밀링공구
8207801000	763190	일반기계	기타고속도강및초경공구
8207809000	763190	일반기계	기타고속도강및초경공구
8207901000	763300	일반기계	다이아몬드공구
8207909000	763190	일반기계	기타고속도강및초경공구
8208100000	763110	일반기계	커팅공구
8208200000	763110	일반기계	커팅공구
8208300000	763110	일반기계	커팅공구
8208400000	763110	일반기계	커팅공구
8208900000	763110	일반기계	커팅공구
8209001010	763190	일반기계	기타고속도강및초경공구
8209001050	763190	일반기계	기타고속도강및초경공구
8209001090	763190	일반기계	기타고속도강및초경공구
8209002010	763190	일반기계	기타고속도강및초경공구
8209002090	763190	일반기계	기타고속도강및초경공구
8210001000	715110	일반기계	식품가공기계
8210002000	715110	일반기계	식품가공기계
8210004000	715110	일반기계	식품가공기계
8210005000	715110	일반기계	식품가공기계
8210008000	715110	일반기계	식품가공기계
8210009000	715120	일반기계	식품가공기계부품
8211100000	629000	비철금속	기타비철금속제품
8211910000	516290	생활용품	기타
8211920000	630100	기타	칼
8211930000	630100	기타	칼
8211940000	630100	기타	칼
8211950000	630100	기타	칼
8212100000	511060	생활용품	면도용품
8212200000	511060	생활용품	면도용품
8212900000	511060	생활용품	면도용품
8213001000	763270	일반기계	가위
8213002010	763270	일반기계	가위
8213002020	763270	일반기계	가위
8213002090	763270	일반기계	가위
8213003000	521220	생활용품	화장용품
8213009000	763270	일반기계	가위
8214101000	515130	생활용품	사무용품
8214109000	515130	생활용품	사무용품
8214200000	521220	생활용품	화장용품
8214902000	630100	기타	칼
8214909000	690000	기타	기타철강금속제품
8215100000	516290	생활용품	기타
8215200000	516290	생활용품	기타
8215910000	516290	생활용품	기타
8215991000	516210	생활용품	스푼
8215992000	516220	생활용품	포크
8215993000	516290	생활용품	기타
8215995000	516290	생활용품	기타
8215999000	516290	생활용품	기타
8301100000	690000	기타	기타철강금속제품
8301200000	690000	기타	기타철강금속제품
8301300000	690000	기타	기타철강금속제품
8301401010	690000	기타	기타철강금속제품
8301401090	690000	기타	기타철강금속제품
8301409000	690000	기타	기타철강금속제품
8301500000	690000	기타	기타철강금속제품
8301600000	690000	기타	기타철강금속제품
8301700000	690000	기타	기타철강금속제품
8302100000	690000	기타	기타철강금속제품
8302200000	690000	기타	기타철강금속제품
8302300000	690000	기타	기타철강금속제품
8302411000	690000	기타	기타철강금속제품
8302419000	690000	기타	기타철강금속제품
8302420000	690000	기타	기타철강금속제품
8302491000	529000	생활용품	기타 생활용품
8302499000	529000	생활용품	기타 생활용품
8302500000	529000	생활용품	기타 생활용품
8302600000	719290	일반기계	기타기계류부품
8303001000	690000	기타	기타철강금속제품
8303009000	690000	기타	기타철강금속제품
8304000000	515190	생활용품	기타문구
8305100000	515190	생활용품	기타문구
8305200000	515190	생활용품	기타문구
8305900000	515190	생활용품	기타문구
8306100000	529000	생활용품	기타 생활용품
8306210000	525900	생활용품	기타공예품
8306290000	525900	생활용품	기타공예품
8306301000	525900	생활용품	기타공예품
8306302000	529000	생활용품	기타 생활용품
8307100000	690000	기타	기타철강금속제품
8307900000	690000	기타	기타철강금속제품
8308101000	690000	기타	기타철강금속제품
8308102000	690000	기타	기타철강금속제품
8308200000	690000	기타	기타철강금속제품
8308902000	690000	기타	기타철강금속제품
8308904000	690000	기타	기타철강금속제품
8308909000	690000	기타	기타철강금속제품
8309100000	690000	기타	기타철강금속제품
8309901000	690000	기타	기타철강금속제품
8309909000	690000	기타	기타철강금속제품
8310000000	690000	기타	기타철강금속제품
8311101000	690000	기타	기타철강금속제품
8311109000	690000	기타	기타철강금속제품
8311201000	690000	기타	기타철강금속제품
8311209000	690000	기타	기타철강금속제품
8311301000	690000	기타	기타철강금속제품
8311309010	690000	기타	기타철강금속제품
8311309090	690000	기타	기타철강금속제품
8311901000	690000	기타	기타철강금속제품
8311909000	690000	기타	기타철강금속제품
8401100000	841110	전기기기	원자로 및 부분품
8401200000	841110	전기기기	원자로 및 부분품
8401300000	136000	기타	우라늄
8401400000	841110	전기기기	원자로 및 부분품
8402110000	751320	일반기계	증기발생보일러
8402120000	751320	일반기계	증기발생보일러
8402191000	751320	일반기계	증기발생보일러
8402199000	751320	일반기계	증기발생보일러
8402200000	751320	일반기계	증기발생보일러
8402901000	751340	일반기계	가열난방기부품
8402902000	751340	일반기계	가열난방기부품
8403101000	751330	일반기계	온수보일러
8403103000	751330	일반기계	온수보일러
8403109000	751330	일반기계	온수보일러
8403900000	751340	일반기계	가열난방기부품
8404101000	751340	일반기계	가열난방기부품
8404102000	751340	일반기계	가열난방기부품
8404103000	751340	일반기계	가열난방기부품
8404104000	751340	일반기계	가열난방기부품
8404109000	751340	일반기계	가열난방기부품
8404200000	751340	일반기계	가열난방기부품
8404901000	751340	일반기계	가열난방기부품
8404902000	751340	일반기계	가열난방기부품
8404909000	751340	일반기계	가열난방기부품
8405101000	712290	일반기계	기타용접기
8405102000	712290	일반기계	기타용접기
8405104000	712290	일반기계	기타용접기
8405109000	712290	일반기계	기타용접기
8405901000	712230	일반기계	용접기부품
8405902000	712230	일반기계	용접기부품
8405904000	712230	일반기계	용접기부품
8405909000	712230	일반기계	용접기부품
8406100000	746310	선박류	선박용증기터빈
8406811000	752110	일반기계	증기터빈
8406812000	752110	일반기계	증기터빈
8406813000	752110	일반기계	증기터빈
8406820000	752110	일반기계	증기터빈
8406901000	746310	선박류	선박용증기터빈
8406909000	752160	일반기계	원동기부품
8407100000	747210	기타	항공기엔진
8407210000	746330	선박류	선박용불꽃점화식엔진
8407290000	752130	일반기계	불꽃점화식내연기관
8407311000	752130	일반기계	불꽃점화식내연기관
8407319000	752130	일반기계	불꽃점화식내연기관
8407321000	752130	일반기계	불꽃점화식내연기관
8407329000	752130	일반기계	불꽃점화식내연기관
8407331000	752130	일반기계	불꽃점화식내연기관
8407339000	752130	일반기계	불꽃점화식내연기관
8407341000	752130	일반기계	불꽃점화식내연기관
8407349000	752130	일반기계	불꽃점화식내연기관
8407901000	744200	기타	철도차량부품
8407909000	752130	일반기계	불꽃점화식내연기관
8408101000	746340	선박류	선박용압축점화식엔진
8408102000	746340	선박류	선박용압축점화식엔진
8408103000	746340	선박류	선박용압축점화식엔진
8408201000	722900	일반기계	기타농기계
8408202000	752140	일반기계	압축점화식내연기관
8408203000	752140	일반기계	압축점화식내연기관
8408204000	752140	일반기계	압축점화식내연기관
8408205000	752140	일반기계	압축점화식내연기관
8408901010	744200	기타	철도차량부품
8408901090	744200	기타	철도차량부품
8408909010	746340	선박류	선박용압축점화식엔진
8408909021	752140	일반기계	압축점화식내연기관
8408909029	752140	일반기계	압축점화식내연기관
8408909030	752140	일반기계	압축점화식내연기관
8408909090	752140	일반기계	압축점화식내연기관
8409100000	747210	기타	항공기엔진
8409911000	742010	자동차부품	자동차용내연기관
8409912000	746330	선박류	선박용불꽃점화식엔진
8409919000	752130	일반기계	불꽃점화식내연기관
8409994010	752130	일반기계	불꽃점화식내연기관
8409994090	752130	일반기계	불꽃점화식내연기관
8409995000	752130	일반기계	불꽃점화식내연기관
8409996000	744200	기타	철도차량부품
8409997000	742000	자동차부품	자동차부품
8409998010	746340	선박류	선박용압축점화식엔진
8409998020	746340	선박류	선박용압축점화식엔진
8409998030	746340	선박류	선박용압축점화식엔진
8409999000	752130	일반기계	불꽃점화식내연기관
8410111000	752120	일반기계	수력터빈
8410119000	752120	일반기계	수력터빈
8410120000	752120	일반기계	수력터빈
8410130000	752120	일반기계	수력터빈
8410901010	752160	일반기계	원동기부품
8410901090	752160	일반기계	원동기부품
8410909010	752160	일반기계	원동기부품
8410909090	752160	일반기계	원동기부품
8411111000	747210	기타	항공기엔진
8411119010	746320	선박류	선박용가스터빈
8411119090	752150	일반기계	터보제트
8411121000	747210	기타	항공기엔진
8411129010	746320	선박류	선박용가스터빈
8411129090	752150	일반기계	터보제트
8411211000	747210	기타	항공기엔진
8411219010	746320	선박류	선박용가스터빈
8411219090	752150	일반기계	터보제트
8411221000	747210	기타	항공기엔진
8411229010	746320	선박류	선박용가스터빈
8411229090	752150	일반기계	터보제트
8411811000	747210	기타	항공기엔진
8411819010	746320	선박류	선박용가스터빈
8411819090	752150	일반기계	터보제트
8411821000	747210	기타	항공기엔진
8411829010	746320	선박류	선박용가스터빈
8411829090	752150	일반기계	터보제트
8411911000	747210	기타	항공기엔진
8411919000	752160	일반기계	원동기부품
8411991000	747210	기타	항공기엔진
8411999000	752160	일반기계	원동기부품
8412101000	752190	일반기계	기타원동기 
8412109000	752190	일반기계	기타원동기 
8412211000	752190	일반기계	기타원동기 
8412219000	752190	일반기계	기타원동기 
8412290000	752190	일반기계	기타원동기 
8412310000	752190	일반기계	기타원동기 
8412390000	752190	일반기계	기타원동기 
8412800000	752190	일반기계	기타원동기 
8412901010	752160	일반기계	원동기부품
8412901090	752160	일반기계	원동기부품
8412902000	752160	일반기계	원동기부품
8412909000	752160	일반기계	원동기부품
8413110000	752210	일반기계	액체펌프
8413190000	752210	일반기계	액체펌프
8413200000	752210	일반기계	액체펌프
8413301000	747290	기타	기타항공기부품
8413302000	744200	기타	철도차량부품
8413303000	746400	선박류	선박용 부품
8413304000	742000	자동차부품	자동차부품
8413309000	752210	일반기계	액체펌프
8413400000	752210	일반기계	액체펌프
8413504000	752210	일반기계	액체펌프
8413509010	752210	일반기계	액체펌프
8413509020	752210	일반기계	액체펌프
8413509030	752210	일반기계	액체펌프
8413509090	752210	일반기계	액체펌프
8413604000	752210	일반기계	액체펌프
8413609010	752210	일반기계	액체펌프
8413609020	752210	일반기계	액체펌프
8413609030	752210	일반기계	액체펌프
8413609090	752210	일반기계	액체펌프
8413703000	752210	일반기계	액체펌프
8413709010	752210	일반기계	액체펌프
8413709020	752210	일반기계	액체펌프
8413709090	752210	일반기계	액체펌프
8413811000	752210	일반기계	액체펌프
8413812000	752210	일반기계	액체펌프
8413819000	752210	일반기계	액체펌프
8413820000	752210	일반기계	액체펌프
8413911000	752230	일반기계	펌프부품
8413912000	752230	일반기계	펌프부품
8413913000	752230	일반기계	펌프부품
8413914000	752230	일반기계	펌프부품
8413915000	752230	일반기계	펌프부품
8413919000	752230	일반기계	펌프부품
8413920000	752230	일반기계	펌프부품
8414101000	747290	기타	기타항공기부품
8414109010	732200	기타	반도체제조용장비부품
8414109020	752220	일반기계	기체펌프
8414109090	752220	일반기계	기체펌프
8414200000	752220	일반기계	기체펌프
8414301000	752220	일반기계	기체펌프
8414302000	752220	일반기계	기체펌프
8414400000	752220	일반기계	기체펌프
8414511000	747290	기타	기타항공기부품
8414519000	824300	가전	선풍기
8414591000	747290	기타	기타항공기부품
8414592000	813690	컴퓨터	기타컴퓨터부품
8414599000	752220	일반기계	기체펌프
8414601000	747290	기타	기타항공기부품
8414609000	824400	가전	환풍기
8414700000	719190	일반기계	기타기계류
8414801000	752220	일반기계	기체펌프
8414809110	747290	기타	기타항공기부품
8414809190	752220	일반기계	기체펌프
8414809211	752220	일반기계	기체펌프
8414809219	752220	일반기계	기체펌프
8414809220	752220	일반기계	기체펌프
8414809230	752220	일반기계	기체펌프
8414809900	752220	일반기계	기체펌프
8414901000	752230	일반기계	펌프부품
8414909010	752230	일반기계	펌프부품
8414909020	752230	일반기계	펌프부품
8414909090	752230	일반기계	펌프부품
8415101010	751110	일반기계	공기조절기
8415101020	751110	일반기계	공기조절기
8415102010	824200	가전	에어컨
8415102020	751110	일반기계	공기조절기
8415109010	751110	일반기계	공기조절기
8415109020	751110	일반기계	공기조절기
8415200000	751110	일반기계	공기조절기
8415810000	751110	일반기계	공기조절기
8415820000	751110	일반기계	공기조절기
8415830000	751110	일반기계	공기조절기
8415900000	751120	일반기계	공기조절기부품
8416101000	751340	일반기계	가열난방기부품
8416102000	751340	일반기계	가열난방기부품
8416103000	751340	일반기계	가열난방기부품
8416201000	751340	일반기계	가열난방기부품
8416202000	751340	일반기계	가열난방기부품
8416209000	751340	일반기계	가열난방기부품
8416300000	751340	일반기계	가열난방기부품
8416901000	751340	일반기계	가열난방기부품
8416909000	751340	일반기계	가열난방기부품
8417101010	719190	일반기계	기타기계류
8417101090	719190	일반기계	기타기계류
8417102010	719190	일반기계	기타기계류
8417102090	719190	일반기계	기타기계류
8417200000	719190	일반기계	기타기계류
8417801010	719190	일반기계	기타기계류
8417801020	719190	일반기계	기타기계류
8417801030	719190	일반기계	기타기계류
8417801090	719190	일반기계	기타기계류
8417802000	719190	일반기계	기타기계류
8417809000	719190	일반기계	기타기계류
8417900000	719290	일반기계	기타기계류부품
8418101010	823010	가전	냉장고(200리터이하)
8418101020	823020	가전	냉장고(200-400리터이하)
8418101030	823030	가전	냉장고(400리터이상)
8418109000	823030	가전	냉장고(400리터이상)
8418211000	823010	가전	냉장고(200리터이하)
8418212000	823020	가전	냉장고(200-400리터이하)
8418213000	823030	가전	냉장고(400리터이상)
8418291000	823030	가전	냉장고(400리터이상)
8418299000	823030	가전	냉장고(400리터이상)
8418300000	751210	일반기계	냉방기
8418400000	751210	일반기계	냉방기
8418501000	751210	일반기계	냉방기
8418509000	751210	일반기계	냉방기
8418610000	751210	일반기계	냉방기
8418691000	932090	바이오헬스	기타
8418692010	751210	일반기계	냉방기
8418692020	751210	일반기계	냉방기
8418692030	751210	일반기계	냉방기
8418692090	751210	일반기계	냉방기
8418693000	751210	일반기계	냉방기
8418910000	751220	일반기계	냉방기부품
8418991000	823040	가전	냉장고부품
8418999000	751220	일반기계	냉방기부품
8419110000	713610	일반기계	화학기계
8419120000	713610	일반기계	화학기계
8419190000	713610	일반기계	화학기계
8419200000	932090	바이오헬스	기타
8419330000	713610	일반기계	화학기계
8419340000	713610	일반기계	화학기계
8419350000	713610	일반기계	화학기계
8419390000	713610	일반기계	화학기계
8419400000	713610	일반기계	화학기계
8419501000	747290	기타	기타항공기부품
8419502000	751110	일반기계	공기조절기
8419509000	751110	일반기계	공기조절기
8419600000	713610	일반기계	화학기계
8419810000	713610	일반기계	화학기계
8419891000	713610	일반기계	화학기계
8419899010	713610	일반기계	화학기계
8419899020	713610	일반기계	화학기계
8419899030	713610	일반기계	화학기계
8419899040	713610	일반기계	화학기계
8419899050	713610	일반기계	화학기계
8419899060	713610	일반기계	화학기계
8419899070	713610	일반기계	화학기계
8419899080	713610	일반기계	화학기계
8419899090	713610	일반기계	화학기계
8419901000	713620	일반기계	화학기계부품
8419909010	713620	일반기계	화학기계부품
8419909020	713620	일반기계	화학기계부품
8419909030	713620	일반기계	화학기계부품
8419909040	713620	일반기계	화학기계부품
8419909090	713620	일반기계	화학기계부품
8420101000	714500	일반기계	제지인쇄기계부품
8420102000	713100	일반기계	섬유기계
8420103000	713300	일반기계	피혁가공기계
8420104000	713300	일반기계	피혁가공기계
8420105000	713510	일반기계	고무플라스틱가공기계
8420109000	713510	일반기계	고무플라스틱가공기계
8420910000	714500	일반기계	제지인쇄기계부품
8420990000	714500	일반기계	제지인쇄기계부품
8421110000	713400	일반기계	섬유및피혁가공기계부품
8421120000	729010	일반기계	기타산업기계
8421191000	729010	일반기계	기타산업기계
8421192000	729010	일반기계	기타산업기계
8421193000	729010	일반기계	기타산업기계
8421199000	729010	일반기계	기타산업기계
8421211000	729010	일반기계	기타산업기계
8421219010	729010	일반기계	기타산업기계
8421219020	732100	기타	반도체제조용장비
8421219090	729010	일반기계	기타산업기계
8421220000	729010	일반기계	기타산업기계
8421231000	742000	자동차부품	자동차부품
8421232000	747290	기타	기타항공기부품
8421239000	729010	일반기계	기타산업기계
8421291000	729010	일반기계	기타산업기계
8421292010	729010	일반기계	기타산업기계
8421292090	729010	일반기계	기타산업기계
8421293010	732100	기타	반도체제조용장비
8421293090	732100	기타	반도체제조용장비
8421294000	747290	기타	기타항공기부품
8421299010	729010	일반기계	기타산업기계
8421299090	729010	일반기계	기타산업기계
8421311000	742000	자동차부품	자동차부품
8421312000	747290	기타	기타항공기부품
8421319000	729010	일반기계	기타산업기계
8421320000	729010	일반기계	기타산업기계
8421391000	729010	일반기계	기타산업기계
8421392000	729010	일반기계	기타산업기계
8421399011	729010	일반기계	기타산업기계
8421399019	729010	일반기계	기타산업기계
8421399021	732100	기타	반도체제조용장비
8421399029	732100	기타	반도체제조용장비
8421399030	747290	기타	기타항공기부품
8421399091	729010	일반기계	기타산업기계
8421399092	729010	일반기계	기타산업기계
8421399099	729010	일반기계	기타산업기계
8421910000	729020	일반기계	기타산업기계부품
8421991000	729020	일반기계	기타산업기계부품
8421999010	729020	일반기계	기타산업기계부품
8421999021	829200	가전	기타가정용전자부품
8421999029	829200	가전	기타가정용전자부품
8421999031	732200	기타	반도체제조용장비부품
8421999039	732200	기타	반도체제조용장비부품
8421999091	729020	일반기계	기타산업기계부품
8421999099	729020	일반기계	기타산업기계부품
8422110000	516300	생활용품	접시세척기
8422190000	715210	일반기계	식품포장기계
8422200000	715210	일반기계	식품포장기계
8422301000	715210	일반기계	식품포장기계
8422302000	715210	일반기계	식품포장기계
8422303000	715210	일반기계	식품포장기계
8422304000	715210	일반기계	식품포장기계
8422309000	715210	일반기계	식품포장기계
8422404000	715210	일반기계	식품포장기계
8422409010	715210	일반기계	식품포장기계
8422409020	715210	일반기계	식품포장기계
8422409030	715210	일반기계	식품포장기계
8422409090	715210	일반기계	식품포장기계
8422901000	824700	가전	접시세척기
8422902000	715220	일반기계	식품포장기계부품
8422909000	715220	일반기계	식품포장기계부품
8423100000	815110	기타	중량계
8423201000	815110	기타	중량계
8423202000	815110	기타	중량계
8423209000	815110	기타	중량계
8423301000	815110	기타	중량계
8423309000	815110	기타	중량계
8423811000	815110	기타	중량계
8423819000	815110	기타	중량계
8423821000	815110	기타	중량계
8423829000	815110	기타	중량계
8423891010	815110	기타	중량계
8423891090	815110	기타	중량계
8423899010	815110	기타	중량계
8423899090	815110	기타	중량계
8423901011	815200	기타	계측기부품
8423901019	815200	기타	계측기부품
8423901091	815200	기타	계측기부품
8423901099	815200	기타	계측기부품
8423909010	815200	기타	계측기부품
8423909090	815200	기타	계측기부품
8424100000	729010	일반기계	기타산업기계
8424201000	763500	일반기계	공기압공구
8424202010	729010	일반기계	기타산업기계
8424202090	729010	일반기계	기타산업기계
8424209000	729010	일반기계	기타산업기계
8424301000	729010	일반기계	기타산업기계
8424302000	729010	일반기계	기타산업기계
8424309000	729010	일반기계	기타산업기계
8424410000	722900	일반기계	기타농기계
8424491000	722900	일반기계	기타농기계
8424499000	722900	일반기계	기타농기계
8424820000	722900	일반기계	기타농기계
8424891000	732100	기타	반도체제조용장비
8424892000	729010	일반기계	기타산업기계
8424899000	729010	일반기계	기타산업기계
8424901000	729020	일반기계	기타산업기계부품
8424902000	729020	일반기계	기타산업기계부품
8424903000	722400	일반기계	농기계부품
8424909010	732200	기타	반도체제조용장비부품
8424909020	729020	일반기계	기타산업기계부품
8424909090	729020	일반기계	기타산업기계부품
8425111010	723190	일반기계	기타운반하역기계
8425111090	723190	일반기계	기타운반하역기계
8425112010	723190	일반기계	기타운반하역기계
8425112090	723190	일반기계	기타운반하역기계
8425190000	723190	일반기계	기타운반하역기계
8425311000	723190	일반기계	기타운반하역기계
8425319000	723190	일반기계	기타운반하역기계
8425391000	723190	일반기계	기타운반하역기계
8425399000	723190	일반기계	기타운반하역기계
8425410000	723190	일반기계	기타운반하역기계
8425421000	723190	일반기계	기타운반하역기계
8425422000	723190	일반기계	기타운반하역기계
8425491000	723190	일반기계	기타운반하역기계
8425492000	723190	일반기계	기타운반하역기계
8426110000	723190	일반기계	기타운반하역기계
8426121000	723190	일반기계	기타운반하역기계
8426122000	723190	일반기계	기타운반하역기계
8426190000	723190	일반기계	기타운반하역기계
8426200000	723190	일반기계	기타운반하역기계
8426301000	723190	일반기계	기타운반하역기계
8426302000	723190	일반기계	기타운반하역기계
8426410000	723190	일반기계	기타운반하역기계
8426491000	723190	일반기계	기타운반하역기계
8426492000	723190	일반기계	기타운반하역기계
8426499000	723190	일반기계	기타운반하역기계
8426910000	723190	일반기계	기타운반하역기계
8426991000	746400	선박류	선박용 부품
8426999000	723190	일반기계	기타운반하역기계
8427101010	721120	일반기계	지게차
8427101020	721120	일반기계	지게차
8427102010	721120	일반기계	지게차
8427102020	721120	일반기계	지게차
8427103000	721120	일반기계	지게차
8427201011	721120	일반기계	지게차
8427201012	721120	일반기계	지게차
8427201021	721120	일반기계	지게차
8427201022	721120	일반기계	지게차
8427209000	723190	일반기계	기타운반하역기계
8427901000	741600	자동차	기타자동차 
8427909000	741600	자동차	기타자동차 
8428101000	723190	일반기계	기타운반하역기계
8428102000	723190	일반기계	기타운반하역기계
8428201000	745100	기타	엘리베이터
8428202000	723190	일반기계	기타운반하역기계
8428310000	723190	일반기계	기타운반하역기계
8428320000	723190	일반기계	기타운반하역기계
8428331010	745100	기타	엘리베이터
8428331020	745100	기타	엘리베이터
8428332000	723190	일반기계	기타운반하역기계
8428390000	723190	일반기계	기타운반하역기계
8428401000	745200	기타	에스컬레이터
8428402000	723190	일반기계	기타운반하역기계
8428600000	723190	일반기계	기타운반하역기계
8428701000	723110	일반기계	적재 및 운반용 로봇
8428702000	723110	일반기계	적재 및 운반용 로봇
8428709000	723110	일반기계	적재 및 운반용 로봇
8428901000	723190	일반기계	기타운반하역기계
8428902000	723120	일반기계	실내 서빙로봇과 실외 배송로봇
8428903000	723120	일반기계	실내 서빙로봇과 실외 배송로봇
8428909000	723190	일반기계	기타운반하역기계
8429111000	721110	일반기계	불도우저
8429112000	721190	일반기계	기타건설중장비
8429190000	721190	일반기계	기타건설중장비
8429200000	721190	일반기계	기타건설중장비
8429300000	721190	일반기계	기타건설중장비
8429401000	721190	일반기계	기타건설중장비
8429402000	721190	일반기계	기타건설중장비
8429511011	721190	일반기계	기타건설중장비
8429511012	721190	일반기계	기타건설중장비
8429511021	721190	일반기계	기타건설중장비
8429511022	721190	일반기계	기타건설중장비
8429511031	721190	일반기계	기타건설중장비
8429511032	721190	일반기계	기타건설중장비
8429511091	721190	일반기계	기타건설중장비
8429511092	721190	일반기계	기타건설중장비
8429519000	721190	일반기계	기타건설중장비
8429521011	721190	일반기계	기타건설중장비
8429521012	721190	일반기계	기타건설중장비
8429521021	721190	일반기계	기타건설중장비
8429521022	721190	일반기계	기타건설중장비
8429521090	721190	일반기계	기타건설중장비
8429529000	721190	일반기계	기타건설중장비
8429590000	721190	일반기계	기타건설중장비
8430100000	721190	일반기계	기타건설중장비
8430200000	721190	일반기계	기타건설중장비
8430310000	721190	일반기계	기타건설중장비
8430390000	721190	일반기계	기타건설중장비
8430411000	721190	일반기계	기타건설중장비
8430412000	721190	일반기계	기타건설중장비
8430491000	721190	일반기계	기타건설중장비
8430499000	721190	일반기계	기타건설중장비
8430500000	721190	일반기계	기타건설중장비
8430610000	721190	일반기계	기타건설중장비
8430690000	721190	일반기계	기타건설중장비
8431100000	723200	일반기계	운반하역기계부품
8431200000	723200	일반기계	운반하역기계부품
8431310000	723200	일반기계	운반하역기계부품
8431390000	723200	일반기계	운반하역기계부품
8431411000	721130	일반기계	건설중장비부품
8431419000	721130	일반기계	건설중장비부품
8431420000	721130	일반기계	건설중장비부품
8431430000	721130	일반기계	건설중장비부품
8431491000	721130	일반기계	건설중장비부품
8431492000	721130	일반기계	건설중장비부품
8431499000	721130	일반기계	건설중장비부품
8432100000	722100	일반기계	경작기계
8432210000	722100	일반기계	경작기계
8432291000	722100	일반기계	경작기계
8432292000	722900	일반기계	기타농기계
8432299000	722100	일반기계	경작기계
8432310000	722900	일반기계	기타농기계
8432391000	722900	일반기계	기타농기계
8432392000	722900	일반기계	기타농기계
8432410000	722900	일반기계	기타농기계
8432420000	722900	일반기계	기타농기계
8432800000	722100	일반기계	경작기계
8432901000	722400	일반기계	농기계부품
8432902000	722400	일반기계	농기계부품
8432909000	722400	일반기계	농기계부품
8433110000	722200	일반기계	수확탈곡기계
8433190000	722200	일반기계	수확탈곡기계
8433200000	722200	일반기계	수확탈곡기계
8433300000	722200	일반기계	수확탈곡기계
8433400000	722200	일반기계	수확탈곡기계
8433510000	722200	일반기계	수확탈곡기계
8433520000	722200	일반기계	수확탈곡기계
8433530000	722200	일반기계	수확탈곡기계
8433590000	722200	일반기계	수확탈곡기계
8433601000	722900	일반기계	기타농기계
8433609010	722200	일반기계	수확탈곡기계
8433609090	722200	일반기계	수확탈곡기계
8433901000	722400	일반기계	농기계부품
8433902000	722400	일반기계	농기계부품
8433909000	722400	일반기계	농기계부품
8434100000	722300	일반기계	낙농기계
8434201000	722300	일반기계	낙농기계
8434209000	722300	일반기계	낙농기계
8434901000	722400	일반기계	농기계부품
8434902000	722400	일반기계	농기계부품
8434909000	722400	일반기계	농기계부품
8435101000	715110	일반기계	식품가공기계
8435102000	715110	일반기계	식품가공기계
8435109000	715110	일반기계	식품가공기계
8435900000	715120	일반기계	식품가공기계부품
8436101000	722900	일반기계	기타농기계
8436102000	722900	일반기계	기타농기계
8436103000	722900	일반기계	기타농기계
8436109000	722900	일반기계	기타농기계
8436211000	722900	일반기계	기타농기계
8436219000	722900	일반기계	기타농기계
8436290000	722900	일반기계	기타농기계
8436800000	722900	일반기계	기타농기계
8436910000	722400	일반기계	농기계부품
8436990000	722400	일반기계	농기계부품
8437101000	722900	일반기계	기타농기계
8437109000	722900	일반기계	기타농기계
8437801000	722900	일반기계	기타농기계
8437802000	722900	일반기계	기타농기계
8437901000	722400	일반기계	농기계부품
8437909000	722400	일반기계	농기계부품
8438101000	715110	일반기계	식품가공기계
8438109000	715110	일반기계	식품가공기계
8438200000	715110	일반기계	식품가공기계
8438300000	715110	일반기계	식품가공기계
8438400000	715110	일반기계	식품가공기계
8438501000	715110	일반기계	식품가공기계
8438509000	715110	일반기계	식품가공기계
8438600000	715110	일반기계	식품가공기계
8438801000	715110	일반기계	식품가공기계
8438809000	715110	일반기계	식품가공기계
8438900000	715120	일반기계	식품가공기계부품
8439100000	714100	일반기계	제지기계
8439201000	714100	일반기계	제지기계
8439202000	714100	일반기계	제지기계
8439209000	714100	일반기계	제지기계
8439301000	714100	일반기계	제지기계
8439302000	714100	일반기계	제지기계
8439303000	714100	일반기계	제지기계
8439309000	714100	일반기계	제지기계
8439910000	714500	일반기계	제지인쇄기계부품
8439990000	714500	일반기계	제지인쇄기계부품
8440101000	714200	일반기계	제본기계
8440102000	714200	일반기계	제본기계
8440109000	714200	일반기계	제본기계
8440901000	714500	일반기계	제지인쇄기계부품
8440909000	714500	일반기계	제지인쇄기계부품
8441100000	714300	일반기계	지가공기계
8441201000	714300	일반기계	지가공기계
8441202000	714300	일반기계	지가공기계
8441300000	714300	일반기계	지가공기계
8441400000	714300	일반기계	지가공기계
8441801000	714300	일반기계	지가공기계
8441809000	714300	일반기계	지가공기계
8441900000	714500	일반기계	제지인쇄기계부품
8442300000	714400	일반기계	인쇄기계
8442400000	714500	일반기계	제지인쇄기계부품
8442500000	714500	일반기계	제지인쇄기계부품
8443110000	714400	일반기계	인쇄기계
8443120000	714400	일반기계	인쇄기계
8443130000	714400	일반기계	인쇄기계
8443140000	714400	일반기계	인쇄기계
8443150000	714400	일반기계	인쇄기계
8443160000	714400	일반기계	인쇄기계
8443170000	714400	일반기계	인쇄기계
8443191000	714400	일반기계	인쇄기계
8443192000	714400	일반기계	인쇄기계
8443199000	714400	일반기계	인쇄기계
8443311010	813310	컴퓨터	레이저프린터
8443311020	813320	컴퓨터	도트프린터
8443311030	813330	컴퓨터	잉크젯프린터
8443311090	813390	컴퓨터	기타프린터
8443313000	724210	일반기계	복사기
8443319000	811410	기타	팩시밀리
8443321010	813310	컴퓨터	레이저프린터
8443321020	813320	컴퓨터	도트프린터
8443321030	813330	컴퓨터	잉크젯프린터
8443321090	813390	컴퓨터	기타프린터
8443324000	724210	일반기계	복사기
8443329000	811410	기타	팩시밀리
8443391010	732100	기타	반도체제조용장비
8443391090	714400	일반기계	인쇄기계
8443392000	724210	일반기계	복사기
8443399000	714400	일반기계	인쇄기계
8443911010	714400	일반기계	인쇄기계
8443911020	714400	일반기계	인쇄기계
8443911090	714400	일반기계	인쇄기계
8443919000	714500	일반기계	제지인쇄기계부품
8443991000	714500	일반기계	제지인쇄기계부품
8443994010	724220	일반기계	복사기부품
8443994020	724220	일반기계	복사기부품
8443994030	724220	일반기계	복사기부품
8443994090	724220	일반기계	복사기부품
8443999000	714500	일반기계	제지인쇄기계부품
8444001000	713100	일반기계	섬유기계
8444002000	713100	일반기계	섬유기계
8444003000	713100	일반기계	섬유기계
8444009000	713100	일반기계	섬유기계
8445110000	713100	일반기계	섬유기계
8445120000	713100	일반기계	섬유기계
8445130000	713100	일반기계	섬유기계
8445191000	713100	일반기계	섬유기계
8445199000	713100	일반기계	섬유기계
8445201010	713100	일반기계	섬유기계
8445201090	713100	일반기계	섬유기계
8445202000	713100	일반기계	섬유기계
8445203000	713100	일반기계	섬유기계
8445209000	713100	일반기계	섬유기계
8445301000	713100	일반기계	섬유기계
8445302000	713100	일반기계	섬유기계
8445309000	713100	일반기계	섬유기계
8445401000	713100	일반기계	섬유기계
8445409000	713100	일반기계	섬유기계
8445901000	713100	일반기계	섬유기계
8445902000	713100	일반기계	섬유기계
8445909000	713100	일반기계	섬유기계
8446100000	713100	일반기계	섬유기계
8446210000	713100	일반기계	섬유기계
8446290000	713100	일반기계	섬유기계
8446301010	713100	일반기계	섬유기계
8446301090	713100	일반기계	섬유기계
8446302000	713100	일반기계	섬유기계
8446303000	713100	일반기계	섬유기계
8446309000	713100	일반기계	섬유기계
8447111000	713100	일반기계	섬유기계
8447119000	713100	일반기계	섬유기계
8447120000	713100	일반기계	섬유기계
8447201010	713100	일반기계	섬유기계
8447201020	713100	일반기계	섬유기계
8447201090	713100	일반기계	섬유기계
8447202010	713100	일반기계	섬유기계
8447202020	713100	일반기계	섬유기계
8447202090	713100	일반기계	섬유기계
8447209000	713100	일반기계	섬유기계
8447901000	713100	일반기계	섬유기계
8447902010	713100	일반기계	섬유기계
8447902090	713100	일반기계	섬유기계
8447903000	713100	일반기계	섬유기계
8447909000	713100	일반기계	섬유기계
8448111000	713400	일반기계	섬유및피혁가공기계부품
8448112000	713400	일반기계	섬유및피혁가공기계부품
8448119000	713400	일반기계	섬유및피혁가공기계부품
8448191000	713400	일반기계	섬유및피혁가공기계부품
8448199000	713400	일반기계	섬유및피혁가공기계부품
8448201000	713400	일반기계	섬유및피혁가공기계부품
8448209000	713400	일반기계	섬유및피혁가공기계부품
8448310000	713400	일반기계	섬유및피혁가공기계부품
8448320000	713400	일반기계	섬유및피혁가공기계부품
8448330000	713400	일반기계	섬유및피혁가공기계부품
8448391000	713400	일반기계	섬유및피혁가공기계부품
8448399000	713400	일반기계	섬유및피혁가공기계부품
8448420000	713400	일반기계	섬유및피혁가공기계부품
8448490000	713400	일반기계	섬유및피혁가공기계부품
8448511000	713400	일반기계	섬유및피혁가공기계부품
8448519000	713400	일반기계	섬유및피혁가공기계부품
8448590000	713400	일반기계	섬유및피혁가공기계부품
8449001000	713100	일반기계	섬유기계
8449002000	713100	일반기계	섬유기계
8449009000	713400	일반기계	섬유및피혁가공기계부품
8450110000	824100	가전	세탁기
8450120000	824100	가전	세탁기
8450190000	824100	가전	세탁기
8450200000	824100	가전	세탁기
8450900000	824100	가전	세탁기
8451100000	713100	일반기계	섬유기계
8451210000	824110	가전	건조기
8451290000	713100	일반기계	섬유기계
8451301000	713100	일반기계	섬유기계
8451309000	713100	일반기계	섬유기계
8451401000	713100	일반기계	섬유기계
8451402000	713100	일반기계	섬유기계
8451403000	713100	일반기계	섬유기계
8451501000	713100	일반기계	섬유기계
8451502000	713100	일반기계	섬유기계
8451509000	713100	일반기계	섬유기계
8451801000	713100	일반기계	섬유기계
8451802000	713100	일반기계	섬유기계
8451803000	713100	일반기계	섬유기계
8451809010	713100	일반기계	섬유기계
8451809020	713100	일반기계	섬유기계
8451809030	713100	일반기계	섬유기계
8451809050	713100	일반기계	섬유기계
8451809090	713100	일반기계	섬유기계
8451902000	713100	일반기계	섬유기계
8451909000	713100	일반기계	섬유기계
8452101020	713200	일반기계	재봉기
8452101090	713200	일반기계	재봉기
8452102000	713200	일반기계	재봉기
8452212000	713200	일반기계	재봉기
8452219000	713200	일반기계	재봉기
8452292000	713200	일반기계	재봉기
8452299000	713200	일반기계	재봉기
8452300000	713200	일반기계	재봉기
8452901000	713200	일반기계	재봉기
8452909000	713200	일반기계	재봉기
8453101000	713300	일반기계	피혁가공기계
8453102000	713300	일반기계	피혁가공기계
8453103000	713300	일반기계	피혁가공기계
8453200000	713300	일반기계	피혁가공기계
8453800000	713300	일반기계	피혁가공기계
8453900000	713300	일반기계	피혁가공기계
8454100000	712310	일반기계	주조설비
8454200000	712310	일반기계	주조설비
8454301010	712310	일반기계	주조설비
8454301090	712310	일반기계	주조설비
8454309000	712310	일반기계	주조설비
8454901000	712320	일반기계	주조설비부품
8454909000	712320	일반기계	주조설비부품
8455100000	712110	일반기계	압연기
8455210000	712110	일반기계	압연기
8455220000	712110	일반기계	압연기
8455301000	712110	일반기계	압연기
8455302000	712110	일반기계	압연기
8455309000	712110	일반기계	압연기
8455900000	712120	일반기계	압연기부품
8456111000	711110	일반기계	레이저가공기
8456119000	711110	일반기계	레이저가공기
8456121000	711190	일반기계	기타금속절삭가공기계
8456129000	711190	일반기계	기타금속절삭가공기계
8456200000	711190	일반기계	기타금속절삭가공기계
8456301010	711190	일반기계	기타금속절삭가공기계
8456301090	711190	일반기계	기타금속절삭가공기계
8456309000	711190	일반기계	기타금속절삭가공기계
8456400000	711190	일반기계	기타금속절삭가공기계
8456500000	711190	일반기계	기타금속절삭가공기계
8456900000	711190	일반기계	기타금속절삭가공기계
8457104000	711120	일반기계	머시닝센터
8457109010	711120	일반기계	머시닝센터
8457109020	711120	일반기계	머시닝센터
8457109030	711120	일반기계	머시닝센터
8457109090	711120	일반기계	머시닝센터
8457200000	711120	일반기계	머시닝센터
8457300000	711120	일반기계	머시닝센터
8458110000	711130	일반기계	NC선반
8458190000	711130	일반기계	NC선반
8458910000	711130	일반기계	NC선반
8458990000	711130	일반기계	NC선반
8459100000	711190	일반기계	기타금속절삭가공기계
8459211000	711190	일반기계	기타금속절삭가공기계
8459219000	711190	일반기계	기타금속절삭가공기계
8459291000	711190	일반기계	기타금속절삭가공기계
8459292000	711190	일반기계	기타금속절삭가공기계
8459293000	711190	일반기계	기타금속절삭가공기계
8459299000	711190	일반기계	기타금속절삭가공기계
8459310000	711190	일반기계	기타금속절삭가공기계
8459390000	711190	일반기계	기타금속절삭가공기계
8459411000	711190	일반기계	기타금속절삭가공기계
8459412000	711190	일반기계	기타금속절삭가공기계
8459419000	711190	일반기계	기타금속절삭가공기계
8459490000	711190	일반기계	기타금속절삭가공기계
8459510000	711190	일반기계	기타금속절삭가공기계
8459590000	711190	일반기계	기타금속절삭가공기계
8459611000	711190	일반기계	기타금속절삭가공기계
8459612000	711190	일반기계	기타금속절삭가공기계
8459619000	711190	일반기계	기타금속절삭가공기계
8459691000	711190	일반기계	기타금속절삭가공기계
8459699000	711190	일반기계	기타금속절삭가공기계
8459701000	711190	일반기계	기타금속절삭가공기계
8459709000	711190	일반기계	기타금속절삭가공기계
8460120000	711190	일반기계	기타금속절삭가공기계
8460190000	711190	일반기계	기타금속절삭가공기계
8460220000	711190	일반기계	기타금속절삭가공기계
8460230000	711190	일반기계	기타금속절삭가공기계
8460241000	711190	일반기계	기타금속절삭가공기계
8460242000	711190	일반기계	기타금속절삭가공기계
8460249000	711190	일반기계	기타금속절삭가공기계
8460291000	711190	일반기계	기타금속절삭가공기계
8460292000	711190	일반기계	기타금속절삭가공기계
8460293000	711190	일반기계	기타금속절삭가공기계
8460294000	711190	일반기계	기타금속절삭가공기계
8460299000	711190	일반기계	기타금속절삭가공기계
8460310000	711190	일반기계	기타금속절삭가공기계
8460390000	711190	일반기계	기타금속절삭가공기계
8460401000	711190	일반기계	기타금속절삭가공기계
8460402000	711190	일반기계	기타금속절삭가공기계
8460900000	711190	일반기계	기타금속절삭가공기계
8461200000	711190	일반기계	기타금속절삭가공기계
8461300000	711190	일반기계	기타금속절삭가공기계
8461401010	711190	일반기계	기타금속절삭가공기계
8461401090	711190	일반기계	기타금속절삭가공기계
8461402000	711190	일반기계	기타금속절삭가공기계
8461500000	711190	일반기계	기타금속절삭가공기계
8461900000	711190	일반기계	기타금속절삭가공기계
8462110000	711220	일반기계	기타금속성형가공기계
8462191000	711220	일반기계	기타금속성형가공기계
8462199000	711220	일반기계	기타금속성형가공기계
8462221000	711220	일반기계	기타금속성형가공기계
8462229000	711220	일반기계	기타금속성형가공기계
8462230000	711220	일반기계	기타금속성형가공기계
8462240000	711220	일반기계	기타금속성형가공기계
8462250000	711220	일반기계	기타금속성형가공기계
8462260000	711220	일반기계	기타금속성형가공기계
8462291000	711220	일반기계	기타금속성형가공기계
8462299000	711220	일반기계	기타금속성형가공기계
8462321010	711220	일반기계	기타금속성형가공기계
8462321090	711220	일반기계	기타금속성형가공기계
8462322010	711220	일반기계	기타금속성형가공기계
8462322090	711220	일반기계	기타금속성형가공기계
8462330000	711220	일반기계	기타금속성형가공기계
8462390000	711220	일반기계	기타금속성형가공기계
8462420000	711220	일반기계	기타금속성형가공기계
8462490000	711220	일반기계	기타금속성형가공기계
8462510000	711220	일반기계	기타금속성형가공기계
8462590000	711220	일반기계	기타금속성형가공기계
8462610000	711210	일반기계	프레스금형
8462620000	711210	일반기계	프레스금형
8462630000	711210	일반기계	프레스금형
8462690000	711210	일반기계	프레스금형
8462900000	711220	일반기계	기타금속성형가공기계
8463100000	711220	일반기계	기타금속성형가공기계
8463200000	711220	일반기계	기타금속성형가공기계
8463300000	711220	일반기계	기타금속성형가공기계
8463900000	711220	일반기계	기타금속성형가공기계
8464100000	716210	일반기계	광물가공기계
8464201000	716210	일반기계	광물가공기계
8464202000	716210	일반기계	광물가공기계
8464209000	716210	일반기계	광물가공기계
8464901000	716210	일반기계	광물가공기계
8464902000	716210	일반기계	광물가공기계
8464903000	716210	일반기계	광물가공기계
8464909000	716210	일반기계	광물가공기계
8465101000	716110	일반기계	목재가공기계
8465109000	716110	일반기계	목재가공기계
8465201000	716110	일반기계	목재가공기계
8465209000	716110	일반기계	목재가공기계
8465911000	716110	일반기계	목재가공기계
8465919000	716110	일반기계	목재가공기계
8465921000	716110	일반기계	목재가공기계
8465929000	716110	일반기계	목재가공기계
8465931000	716110	일반기계	목재가공기계
8465939000	716110	일반기계	목재가공기계
8465941000	716110	일반기계	목재가공기계
8465949000	716110	일반기계	목재가공기계
8465951000	716110	일반기계	목재가공기계
8465959000	716110	일반기계	목재가공기계
8465961000	716110	일반기계	목재가공기계
8465969000	716110	일반기계	목재가공기계
8465991000	716110	일반기계	목재가공기계
8465999000	716110	일반기계	목재가공기계
8466100000	711300	일반기계	금속공작기계부품
8466201000	716220	일반기계	광물가공기계부품
8466209000	716220	일반기계	광물가공기계부품
8466300000	711300	일반기계	금속공작기계부품
8466910000	716220	일반기계	광물가공기계부품
8466920000	716120	일반기계	목재가공기계부품
8466931000	711300	일반기계	금속공작기계부품
8466939000	711300	일반기계	금속공작기계부품
8466940000	711300	일반기계	금속공작기계부품
8467111000	763500	일반기계	공기압공구
8467112000	763500	일반기계	공기압공구
8467113000	763500	일반기계	공기압공구
8467114000	763500	일반기계	공기압공구
8467115000	763500	일반기계	공기압공구
8467119000	763500	일반기계	공기압공구
8467191000	763500	일반기계	공기압공구
8467199000	763500	일반기계	공기압공구
8467210000	763410	일반기계	전기드릴
8467220000	763490	일반기계	기타전동공구
8467290000	763490	일반기계	기타전동공구
8467810000	763110	일반기계	커팅공구
8467891010	763500	일반기계	공기압공구
8467891020	763500	일반기계	공기압공구
8467891090	763500	일반기계	공기압공구
8467899000	763500	일반기계	공기압공구
8467910000	763500	일반기계	공기압공구
8467920000	763500	일반기계	공기압공구
8467990000	763500	일반기계	공기압공구
8468100000	712290	일반기계	기타용접기
8468201000	712290	일반기계	기타용접기
8468202000	712290	일반기계	기타용접기
8468209000	763700	일반기계	수도구
8468800000	712290	일반기계	기타용접기
8468900000	712230	일반기계	용접기부품
8470103000	814310	기타	전자계산기
8470104000	814310	기타	전자계산기
8470210000	814310	기타	전자계산기
8470290000	814310	기타	전자계산기
8470300000	814910	기타	기타전자응용기기
8470500000	814910	기타	기타전자응용기기
8470902000	814910	기타	기타전자응용기기
8470909000	814910	기타	기타전자응용기기
8471300000	813110	컴퓨터	휴대용컴퓨터
8471411000	813120	컴퓨터	개인용컴퓨터
8471412000	813120	컴퓨터	개인용컴퓨터
8471419000	813120	컴퓨터	개인용컴퓨터
8471491010	813120	컴퓨터	개인용컴퓨터
8471491020	813120	컴퓨터	개인용컴퓨터
8471491090	813120	컴퓨터	개인용컴퓨터
8471499000	813120	컴퓨터	개인용컴퓨터
8471501000	813120	컴퓨터	개인용컴퓨터
8471502000	813120	컴퓨터	개인용컴퓨터
8471509000	813120	컴퓨터	개인용컴퓨터
8471601010	813510	컴퓨터	스캐너
8471601020	813520	컴퓨터	키입력장치
8471601030	813530	컴퓨터	마우스
8471601040	813510	컴퓨터	스캐너
8471601090	813590	컴퓨터	기타컴퓨터주변기기
8471602000	813590	컴퓨터	기타컴퓨터주변기기
8471603000	813590	컴퓨터	기타컴퓨터주변기기
8471701000	813590	컴퓨터	기타컴퓨터주변기기
8471702020	813220	컴퓨터	HDD
8471702031	813230	컴퓨터	CDD
8471702032	813240	컴퓨터	DVD
8471702033	813260	컴퓨터	블루레이디스크드라이브
8471702039	813250	컴퓨터	광디스크드라이브
8471702090	813290	컴퓨터	기타보조기억장치
8471709000	813590	컴퓨터	기타컴퓨터주변기기
8471801000	813590	컴퓨터	기타컴퓨터주변기기
8471802000	813590	컴퓨터	기타컴퓨터주변기기
8471809000	813590	컴퓨터	기타컴퓨터주변기기
8471900000	813590	컴퓨터	기타컴퓨터주변기기
8472100000	724900	일반기계	기타사무기기
8472300000	724900	일반기계	기타사무기기
8472901010	814410	기타	현금자동처리기
8472901020	814410	기타	현금자동처리기
8472901040	814410	기타	현금자동처리기
8472901050	814410	기타	현금자동처리기
8472901090	814410	기타	현금자동처리기
8472902000	724900	일반기계	기타사무기기
8472903000	814590	기타	기타자동판매기
8472904000	515130	생활용품	사무용품
8472905000	724900	일반기계	기타사무기기
8472909000	724900	일반기계	기타사무기기
8473210000	814320	기타	전자계산기부품
8473291000	814320	기타	전자계산기부품
8473293000	814920	기타	기타전자응용기기부품
8473294000	814920	기타	기타전자응용기기부품
8473301000	813690	컴퓨터	기타컴퓨터부품
8473302000	813610	컴퓨터	메인보드
8473303000	813690	컴퓨터	기타컴퓨터부품
8473304060	831110	반도체	D램
8473304090	813690	컴퓨터	기타컴퓨터부품
8473309010	813690	컴퓨터	기타컴퓨터부품
8473309090	813690	컴퓨터	기타컴퓨터부품
8473400000	814920	기타	기타전자응용기기부품
8473500000	813590	컴퓨터	기타컴퓨터주변기기
8474100000	721210	일반기계	광산기계
8474201000	721210	일반기계	광산기계
8474209000	721210	일반기계	광산기계
8474311000	721210	일반기계	광산기계
8474319000	721210	일반기계	광산기계
8474321000	721210	일반기계	광산기계
8474329000	721210	일반기계	광산기계
8474390000	721210	일반기계	광산기계
8474801000	712310	일반기계	주조설비
8474802000	712310	일반기계	주조설비
8474809000	721210	일반기계	광산기계
8474900000	721220	일반기계	광산기계부품
8475100000	716310	일반기계	유리가공기계
8475210000	716310	일반기계	유리가공기계
8475291000	716310	일반기계	유리가공기계
8475292000	716310	일반기계	유리가공기계
8475299000	716310	일반기계	유리가공기계
8475901000	716320	일반기계	유리가공기계부품
8475902000	716320	일반기계	유리가공기계부품
8475909000	716320	일반기계	유리가공기계부품
8476210000	814510	기타	음료자동판매기
8476290000	814510	기타	음료자동판매기
8476810000	814520	기타	식품자동판매기
8476891000	814520	기타	식품자동판매기
8476894000	814590	기타	기타자동판매기
8476899000	814590	기타	기타자동판매기
8476901000	814530	기타	자동판매기부품
8476909000	814530	기타	자동판매기부품
8477101000	713510	일반기계	고무플라스틱가공기계
8477102000	713510	일반기계	고무플라스틱가공기계
8477201000	713510	일반기계	고무플라스틱가공기계
8477202000	713510	일반기계	고무플라스틱가공기계
8477300000	713510	일반기계	고무플라스틱가공기계
8477400000	713510	일반기계	고무플라스틱가공기계
8477510000	713510	일반기계	고무플라스틱가공기계
8477590000	713510	일반기계	고무플라스틱가공기계
8477800000	713510	일반기계	고무플라스틱가공기계
8477900000	713520	일반기계	고무플라스틱가공기계부품
8478100000	719190	일반기계	기타기계류
8478900000	719290	일반기계	기타기계류부품
8479101000	719190	일반기계	기타기계류
8479102000	719190	일반기계	기타기계류
8479109000	719190	일반기계	기타기계류
8479200000	719190	일반기계	기타기계류
8479300000	719190	일반기계	기타기계류
8479400000	719190	일반기계	기타기계류
8479501000	719190	일반기계	기타기계류
8479502000	719190	일반기계	기타기계류
8479509000	719190	일반기계	기타기계류
8479600000	719190	일반기계	기타기계류
8479710000	719190	일반기계	기타기계류
8479790000	719190	일반기계	기타기계류
8479811000	719190	일반기계	기타기계류
8479812010	732100	기타	반도체제조용장비
8479812090	719190	일반기계	기타기계류
8479813000	719190	일반기계	기타기계류
8479814000	719190	일반기계	기타기계류
8479819000	719190	일반기계	기타기계류
8479821000	719190	일반기계	기타기계류
8479822000	719190	일반기계	기타기계류
8479823000	719190	일반기계	기타기계류
8479824000	719190	일반기계	기타기계류
8479829000	719190	일반기계	기타기계류
8479830000	719190	일반기계	기타기계류
8479891010	829100	가전	기타가정용전자
8479891090	719290	일반기계	기타기계류부품
8479892010	719190	일반기계	기타기계류
8479892090	719190	일반기계	기타기계류
8479899010	719290	일반기계	기타기계류부품
8479899020	746400	선박류	선박용 부품
8479899030	719290	일반기계	기타기계류부품
8479899050	719290	일반기계	기타기계류부품
8479899060	719290	일반기계	기타기계류부품
8479899080	719290	일반기계	기타기계류부품
8479899091	729010	일반기계	기타산업기계
8479899099	719190	일반기계	기타기계류
8479901010	751220	일반기계	냉방기부품
8479901020	719290	일반기계	기타기계류부품
8479901030	729020	일반기계	기타산업기계부품
8479902000	719290	일반기계	기타기계류부품
8479903000	732200	기타	반도체제조용장비부품
8479904000	719290	일반기계	기타기계류부품
8479905010	719290	일반기계	기타기계류부품
8479905090	719290	일반기계	기타기계류부품
8479909010	719290	일반기계	기타기계류부품
8479909020	719290	일반기계	기타기계류부품
8479909030	719290	일반기계	기타기계류부품
8479909040	719290	일반기계	기타기계류부품
8479909050	719290	일반기계	기타기계류부품
8479909060	719290	일반기계	기타기계류부품
8479909070	746400	선박류	선박용 부품
8479909090	719290	일반기계	기타기계류부품
8480100000	762900	일반기계	기타금형
8480200000	762900	일반기계	기타금형
8480300000	762900	일반기계	기타금형
8480410000	762300	일반기계	다이캐스팅금형
8480490000	762300	일반기계	다이캐스팅금형
8480500000	762900	일반기계	기타금형
8480600000	762900	일반기계	기타금형
8480710000	762200	일반기계	플라스틱금형
8480790000	762200	일반기계	플라스틱금형
8481100000	761200	일반기계	밸브
8481201000	761200	일반기계	밸브
8481202000	761200	일반기계	밸브
8481300000	761200	일반기계	밸브
8481400000	761200	일반기계	밸브
8481801010	761200	일반기계	밸브
8481801020	761200	일반기계	밸브
8481801030	761200	일반기계	밸브
8481801090	761200	일반기계	밸브
8481802010	761200	일반기계	밸브
8481802090	761200	일반기계	밸브
8481809000	761200	일반기계	밸브
8481900000	761900	일반기계	기타기계요소
8482102000	761300	일반기계	베어링
8482109000	761300	일반기계	베어링
8482200000	761300	일반기계	베어링
8482300000	761300	일반기계	베어링
8482400000	761300	일반기계	베어링
8482500000	761300	일반기계	베어링
8482800000	761300	일반기계	베어링
8482910000	761900	일반기계	기타기계요소
8482990000	761900	일반기계	기타기계요소
8483101000	747290	기타	기타항공기부품
8483109010	742000	자동차부품	자동차부품
8483109090	761500	일반기계	전동축및기어
8483201000	747290	기타	기타항공기부품
8483209000	761500	일반기계	전동축및기어
8483301000	747290	기타	기타항공기부품
8483309000	761500	일반기계	전동축및기어
8483401010	747290	기타	기타항공기부품
8483401090	747290	기타	기타항공기부품
8483409010	761500	일반기계	전동축및기어
8483409020	761500	일반기계	전동축및기어
8483409030	761500	일반기계	전동축및기어
8483409040	742000	자동차부품	자동차부품
8483409050	761500	일반기계	전동축및기어
8483409090	761500	일반기계	전동축및기어
8483501000	747290	기타	기타항공기부품
8483509000	761500	일반기계	전동축및기어
8483601000	747290	기타	기타항공기부품
8483602000	841150	전기기기	풍력발전세트
8483609000	761500	일반기계	전동축및기어
8483901000	747290	기타	기타항공기부품
8483902000	841150	전기기기	풍력발전세트
8483909000	761900	일반기계	기타기계요소
8484101000	742000	자동차부품	자동차부품
8484109000	719190	일반기계	기타기계류
8484200000	761900	일반기계	기타기계요소
8484900000	719190	일반기계	기타기계류
8485100000	719110	일반기계	적층제조기계(3D프린터)
8485201000	719110	일반기계	적층제조기계(3D프린터)
8485209000	719110	일반기계	적층제조기계(3D프린터)
8485300000	719110	일반기계	적층제조기계(3D프린터)
8485800000	719110	일반기계	적층제조기계(3D프린터)
8485900000	719210	일반기계	적층제조기계(3D프린터) 부품
8486101000	732100	기타	반도체제조용장비
8486102000	732100	기타	반도체제조용장비
8486103010	732100	기타	반도체제조용장비
8486103020	732100	기타	반도체제조용장비
8486103090	732100	기타	반도체제조용장비
8486104010	732100	기타	반도체제조용장비
8486104020	732100	기타	반도체제조용장비
8486105010	732100	기타	반도체제조용장비
8486105030	732100	기타	반도체제조용장비
8486109000	732100	기타	반도체제조용장비
8486201000	732100	기타	반도체제조용장비
8486202100	732100	기타	반도체제조용장비
8486202200	732100	기타	반도체제조용장비
8486202300	732100	기타	반도체제조용장비
8486203000	732100	기타	반도체제조용장비
8486204000	732100	기타	반도체제조용장비
8486205000	732100	기타	반도체제조용장비
8486206010	732100	기타	반도체제조용장비
8486206020	732100	기타	반도체제조용장비
8486206091	732100	기타	반도체제조용장비
8486206099	732100	기타	반도체제조용장비
8486207000	732100	기타	반도체제조용장비
8486208100	732100	기타	반도체제조용장비
8486208410	732100	기타	반도체제조용장비
8486208420	732100	기타	반도체제조용장비
8486208490	732100	기타	반도체제조용장비
8486209100	732100	기타	반도체제조용장비
8486209200	732100	기타	반도체제조용장비
8486209310	732100	기타	반도체제조용장비
8486209320	732100	기타	반도체제조용장비
8486209390	732100	기타	반도체제조용장비
8486209400	732100	기타	반도체제조용장비
8486209500	732100	기타	반도체제조용장비
8486209600	732100	기타	반도체제조용장비
8486209900	732100	기타	반도체제조용장비
8486301010	736100	기타	평판 디스플레이 제조용 장비
8486301020	736100	기타	평판 디스플레이 제조용 장비
8486301031	736100	기타	평판 디스플레이 제조용 장비
8486301032	736100	기타	평판 디스플레이 제조용 장비
8486301040	736100	기타	평판 디스플레이 제조용 장비
8486301050	736100	기타	평판 디스플레이 제조용 장비
8486301060	736100	기타	평판 디스플레이 제조용 장비
8486301090	736100	기타	평판 디스플레이 제조용 장비
8486302010	736100	기타	평판 디스플레이 제조용 장비
8486302020	736100	기타	평판 디스플레이 제조용 장비
8486302031	736100	기타	평판 디스플레이 제조용 장비
8486302032	736100	기타	평판 디스플레이 제조용 장비
8486302040	736100	기타	평판 디스플레이 제조용 장비
8486302050	736100	기타	평판 디스플레이 제조용 장비
8486302060	736100	기타	평판 디스플레이 제조용 장비
8486302070	736100	기타	평판 디스플레이 제조용 장비
8486302090	736100	기타	평판 디스플레이 제조용 장비
8486401010	732100	기타	반도체제조용장비
8486401020	732100	기타	반도체제조용장비
8486401030	732100	기타	반도체제조용장비
8486401040	732100	기타	반도체제조용장비
8486401090	732100	기타	반도체제조용장비
8486402010	732100	기타	반도체제조용장비
8486402020	732100	기타	반도체제조용장비
8486402031	732100	기타	반도체제조용장비
8486402039	732100	기타	반도체제조용장비
8486402040	732100	기타	반도체제조용장비
8486402070	732100	기타	반도체제조용장비
8486402080	732100	기타	반도체제조용장비
8486402091	732100	기타	반도체제조용장비
8486402093	732100	기타	반도체제조용장비
8486402095	732100	기타	반도체제조용장비
8486402099	732100	기타	반도체제조용장비
8486403010	732100	기타	반도체제조용장비
8486403020	732100	기타	반도체제조용장비
8486403090	732100	기타	반도체제조용장비
8486901000	732200	기타	반도체제조용장비부품
8486902030	732200	기타	반도체제조용장비부품
8486902040	732200	기타	반도체제조용장비부품
8486902090	732200	기타	반도체제조용장비부품
8486903050	736200	기타	평판 디스플레이 장비 부품
8486903060	736200	기타	평판 디스플레이 장비 부품
8486903090	736200	기타	평판 디스플레이 장비 부품
8486904000	732200	기타	반도체제조용장비부품
8487100000	746400	선박류	선박용 부품
8487901000	729020	일반기계	기타산업기계부품
8487909010	761900	일반기계	기타기계요소
8487909090	761900	일반기계	기타기계요소
8501101000	842210	전기기기	소형전동기
8501102000	842210	전기기기	소형전동기
8501103000	842210	전기기기	소형전동기
8501201000	842220	전기기기	교류 및 직류겸용 전동기
8501202000	742130	자동차부품	차량용구동모터
8501203000	742130	자동차부품	차량용구동모터
8501311010	842230	전기기기	직류전동기
8501311090	842230	전기기기	직류전동기
8501312000	841129	전기기기	기타직류발전기
8501321000	842230	전기기기	직류전동기
8501322000	841129	전기기기	기타직류발전기
8501331000	842230	전기기기	직류전동기
8501332010	841129	전기기기	기타직류발전기
8501332090	841129	전기기기	기타직류발전기
8501341000	842230	전기기기	직류전동기
8501342000	841129	전기기기	기타직류발전기
8501401000	842220	전기기기	교류 및 직류겸용 전동기
8501402000	842220	전기기기	교류 및 직류겸용 전동기
8501403000	842220	전기기기	교류 및 직류겸용 전동기
8501404000	842220	전기기기	교류 및 직류겸용 전동기
8501510000	842220	전기기기	교류 및 직류겸용 전동기
8501521000	842220	전기기기	교류 및 직류겸용 전동기
8501529000	842220	전기기기	교류 및 직류겸용 전동기
8501531010	842220	전기기기	교류 및 직류겸용 전동기
8501531090	842220	전기기기	교류 및 직류겸용 전동기
8501532000	842220	전기기기	교류 및 직류겸용 전동기
8501534000	842220	전기기기	교류 및 직류겸용 전동기
8501611000	841139	전기기기	기타교류발전기
8501612000	841139	전기기기	기타교류발전기
8501621000	841139	전기기기	기타교류발전기
8501629000	841139	전기기기	기타교류발전기
8501631000	841139	전기기기	기타교류발전기
8501639000	841139	전기기기	기타교류발전기
8501640000	841139	전기기기	기타교류발전기
8501710000	841121	전기기기	태양광 직류발전기
8501721000	841121	전기기기	태양광 직류발전기
8501722000	841121	전기기기	태양광 직류발전기
8501723000	841121	전기기기	태양광 직류발전기
8501724000	841121	전기기기	태양광 직류발전기
8501801000	841131	전기기기	태양광 교류발전기
8501802000	841131	전기기기	태양광 교류발전기
8501803000	841131	전기기기	태양광 교류발전기
8501804010	841131	전기기기	태양광 교류발전기
8501804090	841131	전기기기	태양광 교류발전기
8501805000	841131	전기기기	태양광 교류발전기
8502111000	841140	전기기기	엔진결합발전세트
8502112000	841140	전기기기	엔진결합발전세트
8502120000	841140	전기기기	엔진결합발전세트
8502131010	841140	전기기기	엔진결합발전세트
8502131090	841140	전기기기	엔진결합발전세트
8502132000	841140	전기기기	엔진결합발전세트
8502134000	841140	전기기기	엔진결합발전세트
8502201000	841140	전기기기	엔진결합발전세트
8502202000	841140	전기기기	엔진결합발전세트
8502203010	841140	전기기기	엔진결합발전세트
8502203090	841140	전기기기	엔진결합발전세트
8502204000	841140	전기기기	엔진결합발전세트
8502311000	841150	전기기기	풍력발전세트
8502312000	841150	전기기기	풍력발전세트
8502314000	841150	전기기기	풍력발전세트
8502391000	841170	전기기기	기타발전세트
8502392000	841170	전기기기	기타발전세트
8502393000	841170	전기기기	기타발전세트
8502394000	841170	전기기기	기타발전세트
8502400000	841170	전기기기	기타발전세트
8503001000	849110	전기기기	전동기 부분품
8503002010	849120	전기기기	발전기 부분품
8503002090	849120	전기기기	발전기 부분품
8503003000	849120	전기기기	발전기 부분품
8504101010	842310	전기기기	안정기
8504101020	842310	전기기기	안정기
8504102000	842310	전기기기	안정기
8504103000	842310	전기기기	안정기
8504211000	841230	전기기기	변성기
8504219010	841210	전기기기	유입식 변압기
8504219020	841210	전기기기	유입식 변압기
8504221000	841230	전기기기	변성기
8504229010	841210	전기기기	유입식 변압기
8504229020	841210	전기기기	유입식 변압기
8504229030	841210	전기기기	유입식 변압기
8504230000	841210	전기기기	유입식 변압기
8504311000	841230	전기기기	변성기
8504312000	841240	전기기기	전압조정기
8504319010	841220	전기기기	건식 변압기
8504319020	841220	전기기기	건식 변압기
8504319040	841220	전기기기	건식 변압기
8504321000	841230	전기기기	변성기
8504322000	841240	전기기기	전압조정기
8504329010	841220	전기기기	건식 변압기
8504329020	841220	전기기기	건식 변압기
8504331000	841230	전기기기	변성기
8504332000	841240	전기기기	전압조정기
8504339010	841220	전기기기	건식 변압기
8504339020	841220	전기기기	건식 변압기
8504339040	841220	전기기기	건식 변압기
8504341000	841230	전기기기	변성기
8504342000	841240	전기기기	전압조정기
8504349010	841220	전기기기	건식 변압기
8504349030	841220	전기기기	건식 변압기
8504401010	842320	전기기기	정류기
8504401090	842320	전기기기	정류기
8504402011	842330	전기기기	무정전전원장치
8504402019	842330	전기기기	무정전전원장치
8504402020	842330	전기기기	무정전전원장치
8504402091	842340	전기기기	인버터
8504402099	842340	전기기기	인버터
8504403010	842350	전기기기	밧데리충전기
8504403090	842350	전기기기	밧데리충전기
8504404010	842360	전기기기	파워팩
8504404090	842360	전기기기	파워팩
8504405010	842370	전기기기	아답터
8504405090	842370	전기기기	아답터
8504409011	842380	전기기기	파워서플라이
8504409019	842380	전기기기	파워서플라이
8504409091	842390	전기기기	기타정지형변환기
8504409099	842390	전기기기	기타정지형변환기
8504501010	833200	기타	변성기
8504501090	841390	전기기기	기타회로보호용기기
8504502010	833200	기타	변성기
8504502090	833200	기타	변성기
8504509010	833200	기타	변성기
8504509090	833200	기타	변성기
8504901000	839000	기타	기타전자부품
8504909000	849210	전기기기	변환장치 부분품
8505111000	839000	기타	기타전자부품
8505119000	839000	기타	기타전자부품
8505191000	839000	기타	기타전자부품
8505199000	839000	기타	기타전자부품
8505200000	842910	전기기기	전자석
8505901010	842910	전기기기	전자석
8505901090	842910	전기기기	전자석
8505902000	842910	전기기기	전자석
8505903000	842910	전기기기	전자석
8505909000	849990	전기기기	기타 전기부품
8506101000	835110	기타	건전지
8506102000	835110	기타	건전지
8506109000	835110	기타	건전지
8506300000	835110	기타	건전지
8506400000	835110	기타	건전지
8506500000	835110	기타	건전지
8506600000	835110	기타	건전지
8506801000	835110	기타	건전지
8506809000	835110	기타	건전지
8506900000	835120	기타	건전지부품
8507100000	836120	이차전지	연축전지
8507200000	836120	이차전지	연축전지
8507300000	836130	이차전지	기타축전지
8507500000	836130	이차전지	기타축전지
8507602000	836110	이차전지	리튬이온전지
8507603000	836110	이차전지	리튬이온전지
8507609000	836110	이차전지	리튬이온전지
8507800000	836130	이차전지	기타축전지
8507901000	836140	이차전지	축전지부품
8507909000	836140	이차전지	축전지부품
8508111000	824510	가전	로봇청소기
8508119000	824500	가전	진공청소기
8508192000	824510	가전	로봇청소기
8508199000	719190	일반기계	기타기계류
8508600000	719190	일반기계	기타기계류
8508701000	829200	가전	기타가정용전자부품
8508702000	719290	일반기계	기타기계류부품
8508703000	829200	가전	기타가정용전자부품
8509400000	824600	가전	믹서
8509801000	824900	가전	기타가정용회전기기
8509802000	824900	가전	기타가정용회전기기
8509803000	824900	가전	기타가정용회전기기
8509804000	829100	가전	기타가정용전자
8509809000	829100	가전	기타가정용전자
8509900000	829200	가전	기타가정용전자부품
8510100000	829100	가전	기타가정용전자
8510200000	829100	가전	기타가정용전자
8510300000	829100	가전	기타가정용전자
8510901000	829200	가전	기타가정용전자부품
8510902000	829200	가전	기타가정용전자부품
8510903000	829200	가전	기타가정용전자부품
8511101000	747290	기타	기타항공기부품
8511102000	742000	자동차부품	자동차부품
8511109000	742000	자동차부품	자동차부품
8511201000	747290	기타	기타항공기부품
8511209000	742000	자동차부품	자동차부품
8511301000	747290	기타	기타항공기부품
8511309000	742000	자동차부품	자동차부품
8511401000	747290	기타	기타항공기부품
8511402000	742000	자동차부품	자동차부품
8511409000	742000	자동차부품	자동차부품
8511501000	747290	기타	기타항공기부품
8511509000	742000	자동차부품	자동차부품
8511801000	747290	기타	기타항공기부품
8511809000	742000	자동차부품	자동차부품
8511901000	747290	기타	기타항공기부품
8511909000	742000	자동차부품	자동차부품
8512101000	826910	가전	기타조명기기
8512109000	826910	가전	기타조명기기
8512201010	826910	가전	기타조명기기
8512201090	826910	가전	기타조명기기
8512202010	826910	가전	기타조명기기
8512202090	826910	가전	기타조명기기
8512300000	742000	자동차부품	자동차부품
8512400000	742000	자동차부품	자동차부품
8512900000	742000	자동차부품	자동차부품
8513101000	826910	가전	기타조명기기
8513102010	826910	가전	기타조명기기
8513102090	826910	가전	기타조명기기
8513109010	826910	가전	기타조명기기
8513109090	826910	가전	기타조명기기
8513900000	826200	가전	전구부품
8514110000	719190	일반기계	기타기계류
8514191000	842410	전기기기	실험실용 전기로
8514192000	842420	전기기기	금속공업용 전기로
8514193000	842430	전기기기	식품공업용 전기로
8514199000	842490	전기기기	기타용의 전기로
8514201000	842410	전기기기	실험실용 전기로
8514202000	842420	전기기기	금속공업용 전기로
8514203000	842430	전기기기	식품공업용 전기로
8514209000	842490	전기기기	기타용의 전기로
8514311000	842490	전기기기	기타용의 전기로
8514319000	842490	전기기기	기타용의 전기로
8514321000	842490	전기기기	기타용의 전기로
8514329000	842490	전기기기	기타용의 전기로
8514391000	842490	전기기기	기타용의 전기로
8514399000	842490	전기기기	기타용의 전기로
8514401000	732100	기타	반도체제조용장비
8514409000	842490	전기기기	기타용의 전기로
8514901000	732200	기타	반도체제조용장비부품
8514902000	849990	전기기기	기타 전기부품
8514909000	849990	전기기기	기타 전기부품
8515110000	763700	일반기계	수도구
8515191000	763700	일반기계	수도구
8515199000	763700	일반기계	수도구
8515211010	712210	일반기계	로보트형용접기
8515211090	712220	일반기계	전기용접기
8515212010	712210	일반기계	로보트형용접기
8515212090	712220	일반기계	전기용접기
8515213010	712210	일반기계	로보트형용접기
8515213090	712220	일반기계	전기용접기
8515219010	712210	일반기계	로보트형용접기
8515219090	712220	일반기계	전기용접기
8515291000	712220	일반기계	전기용접기
8515292000	712220	일반기계	전기용접기
8515293000	712220	일반기계	전기용접기
8515299000	712220	일반기계	전기용접기
8515311010	712210	일반기계	로보트형용접기
8515311090	712220	일반기계	전기용접기
8515319010	712210	일반기계	로보트형용접기
8515319090	712220	일반기계	전기용접기
8515391000	712220	일반기계	전기용접기
8515399000	712220	일반기계	전기용접기
8515801000	712220	일반기계	전기용접기
8515802000	712220	일반기계	전기용접기
8515803000	712220	일반기계	전기용접기
8515809000	712220	일반기계	전기용접기
8515901010	712230	일반기계	용접기부품
8515901090	712230	일반기계	용접기부품
8515902000	712230	일반기계	용접기부품
8515909000	712230	일반기계	용접기부품
8516100000	825100	가전	난방기기
8516210000	825100	가전	난방기기
8516290000	825100	가전	난방기기
8516310000	825300	가전	헤어드라이어
8516320000	829100	가전	기타가정용전자
8516330000	825900	가전	기타난방및전열기기
8516400000	825200	가전	전기다리미
8516500000	825400	가전	전자레인지
8516601000	825900	가전	기타난방및전열기기
8516602000	825500	가전	전기밥솥
8516609000	825900	가전	기타난방및전열기기
8516710000	825900	가전	기타난방및전열기기
8516720000	825700	가전	토우스터
8516791000	825600	가전	보온밥통
8516799000	825900	가전	기타난방및전열기기
8516800000	825800	가전	난방및전열기기부품
8516900000	825800	가전	난방및전열기기부품
8517110000	811110	기타	버튼식전화기
8517130000	812160	무선통신기기	스마트폰
8517141000	812130	무선통신기기	코드 분할식 전화기
8517142000	812140	무선통신기기	시 분할식 전화기
8517143000	812130	무선통신기기	코드 분할식 전화기
8517144000	812150	무선통신기기	주파수 분할식전화기
8517149000	812190	무선통신기기	기타무선전화기
8517180000	811190	기타	기타유선전화기
8517610000	812720	무선통신기기	무선중계기
8517621010	811310	기타	광전송장치
8517621020	812720	무선통신기기	무선중계기
8517622030	811310	기타	광전송장치
8517622040	812200	무선통신기기	방송용통신기기
8517623010	812720	무선통신기기	무선중계기
8517623020	812720	무선통신기기	무선중계기
8517629010	811390	기타	기타유선전송장치
8517629020	811390	기타	기타유선전송장치
8517629030	811390	기타	기타유선전송장치
8517693000	811900	기타	기타유선통신기기
8517694000	812590	무선통신기기	기타무선수신기
8517711000	812890	무선통신기기	기타무선통신기기부품
8517719000	812890	무선통신기기	기타무선통신기기부품
8517791010	811500	기타	유선통신기기부품
8517791020	812820	무선통신기기	스마트폰부품
8517791030	812890	무선통신기기	기타무선통신기기부품
8517792000	812890	무선통신기기	기타무선통신기기부품
8517793000	811500	기타	유선통신기기부품
8517794000	812890	무선통신기기	기타무선통신기기부품
8518101000	822610	가전	마이크로폰
8518109010	822610	가전	마이크로폰
8518109090	822610	가전	마이크로폰
8518210000	822500	가전	스피커
8518220000	822500	가전	스피커
8518291000	822500	가전	스피커
8518299000	822500	가전	스피커
8518304000	811500	기타	유선통신기기부품
8518309000	811500	기타	유선통신기기부품
8518400000	822490	가전	기타컴포넌트
8518500000	822490	가전	기타컴포넌트
8518901000	822800	가전	음향기기부품
8518909000	822800	가전	음향기기부품
8519200000	822490	가전	기타컴포넌트
8519300000	822490	가전	기타컴포넌트
8519812000	822900	가전	기타음향기기
8519814000	822900	가전	기타음향기기
8519815000	822900	가전	기타음향기기
8519816000	822900	가전	기타음향기기
8519890000	822900	가전	기타음향기기
8521100000	821310	가전	VCR
8521901000	821310	가전	VCR
8521909000	821310	가전	VCR
8522100000	822800	가전	음향기기부품
8522903000	813690	컴퓨터	기타컴퓨터부품
8522909000	822800	가전	음향기기부품
8523210000	813800	컴퓨터	전산기록매체
8523291000	813800	컴퓨터	전산기록매체
8523292010	813700	컴퓨터	소프트웨어
8523292020	821500	가전	영상기록매체
8523292030	813700	컴퓨터	소프트웨어
8523292090	813700	컴퓨터	소프트웨어
8523410000	813800	컴퓨터	전산기록매체
8523491010	813700	컴퓨터	소프트웨어
8523491030	813700	컴퓨터	소프트웨어
8523491040	822720	가전	오디오레코드
8523491090	813700	컴퓨터	소프트웨어
8523499010	813700	컴퓨터	소프트웨어
8523499020	821500	가전	영상기록매체
8523499030	813700	컴퓨터	소프트웨어
8523499090	813700	컴퓨터	소프트웨어
8523511000	813800	컴퓨터	전산기록매체
8523512010	813700	컴퓨터	소프트웨어
8523512020	813700	컴퓨터	소프트웨어
8523512030	813700	컴퓨터	소프트웨어
8523512090	813700	컴퓨터	소프트웨어
8523521000	831230	반도체	기타 집적회로반도체
8523522000	831230	반도체	기타 집적회로반도체
8523529000	831230	반도체	기타 집적회로반도체
8523591000	813800	컴퓨터	전산기록매체
8523592010	813700	컴퓨터	소프트웨어
8523592020	813700	컴퓨터	소프트웨어
8523592030	813700	컴퓨터	소프트웨어
8523592090	829100	가전	기타가정용전자
8523801000	813800	컴퓨터	전산기록매체
8523802010	813700	컴퓨터	소프트웨어
8523802020	813700	컴퓨터	소프트웨어
8523802030	813700	컴퓨터	소프트웨어
8523802090	813700	컴퓨터	소프트웨어
8524111000	837110	디스플레이	LCD 
8524112000	837110	디스플레이	LCD 
8524113000	837110	디스플레이	LCD 
8524114000	837110	디스플레이	LCD 
8524115000	837110	디스플레이	LCD 
8524119000	837110	디스플레이	LCD 
8524121000	837120	디스플레이	OLED
8524122000	837120	디스플레이	OLED
8524123000	837120	디스플레이	OLED
8524124000	837120	디스플레이	OLED
8524125000	837120	디스플레이	OLED
8524129000	837120	디스플레이	OLED
8524191000	837130	디스플레이	LCD, OLED 이외
8524192000	837130	디스플레이	LCD, OLED 이외
8524193000	837130	디스플레이	LCD, OLED 이외
8524194000	837130	디스플레이	LCD, OLED 이외
8524195000	837130	디스플레이	LCD, OLED 이외
8524199000	837130	디스플레이	LCD, OLED 이외
8524911000	837110	디스플레이	LCD 
8524912000	837110	디스플레이	LCD 
8524913000	837110	디스플레이	LCD 
8524914000	837110	디스플레이	LCD 
8524915000	837110	디스플레이	LCD 
8524919000	837110	디스플레이	LCD 
8524921000	837120	디스플레이	OLED
8524922000	837120	디스플레이	OLED
8524923000	837120	디스플레이	OLED
8524924000	837120	디스플레이	OLED
8524925000	837120	디스플레이	OLED
8524929000	837120	디스플레이	OLED
8524991000	837130	디스플레이	LCD, OLED 이외
8524992000	837130	디스플레이	LCD, OLED 이외
8524993000	837130	디스플레이	LCD, OLED 이외
8524994000	837130	디스플레이	LCD, OLED 이외
8524995000	837130	디스플레이	LCD, OLED 이외
8524999000	837130	디스플레이	LCD, OLED 이외
8525501000	812200	무선통신기기	방송용통신기기
8525502000	812200	무선통신기기	방송용통신기기
8525509000	812200	무선통신기기	방송용통신기기
8525601000	812200	무선통신기기	방송용통신기기
8525602000	812200	무선통신기기	방송용통신기기
8525609000	812720	무선통신기기	무선중계기
8525810000	812410	무선통신기기	TV카메라
8525820000	812410	무선통신기기	TV카메라
8525830000	812410	무선통신기기	TV카메라
8525891000	812410	무선통신기기	TV카메라
8525892000	812410	무선통신기기	TV카메라
8525893000	821490	가전	기타비디오카메라
8525899000	821410	가전	캠코더
8526101000	812610	무선통신기기	레이더
8526109000	812610	무선통신기기	레이더
8526911010	812610	무선통신기기	레이더
8526911090	812610	무선통신기기	레이더
8526912010	812610	무선통신기기	레이더
8526912090	812610	무선통신기기	레이더
8526913010	812610	무선통신기기	레이더
8526913020	812610	무선통신기기	레이더
8526913090	812610	무선통신기기	레이더
8526914000	812610	무선통신기기	레이더
8526919010	812610	무선통신기기	레이더
8526919020	812610	무선통신기기	레이더
8526919090	812610	무선통신기기	레이더
8526920000	812620	무선통신기기	무선원격조절기
8527120000	822210	가전	휴대용라디오카세트
8527131000	822290	가전	기타라디오카세트
8527132000	822290	가전	기타라디오카세트
8527133000	822290	가전	기타라디오카세트
8527139000	822290	가전	기타라디오카세트
8527190000	822100	가전	라디오
8527211000	822300	가전	카스테레오
8527212010	822300	가전	카스테레오
8527212090	822300	가전	카스테레오
8527213010	822300	가전	카스테레오
8527213090	822300	가전	카스테레오
8527219010	822300	가전	카스테레오
8527219090	822300	가전	카스테레오
8527290000	822100	가전	라디오
8527911010	822290	가전	기타라디오카세트
8527911020	822290	가전	기타라디오카세트
8527911030	822290	가전	기타라디오카세트
8527911090	822290	가전	기타라디오카세트
8527919000	822290	가전	기타라디오카세트
8527920000	822100	가전	라디오
8527990000	822100	가전	라디오
8528420000	812420	무선통신기기	수상기
8528491010	812420	무선통신기기	수상기
8528491090	812420	무선통신기기	수상기
8528492010	812420	무선통신기기	수상기
8528492090	812420	무선통신기기	수상기
8528521000	813420	컴퓨터	데이터디스플레이장치
8528529000	813420	컴퓨터	데이터디스플레이장치
8528591010	932090	바이오헬스	기타
8528591090	812420	무선통신기기	수상기
8528592010	932090	바이오헬스	기타
8528592090	812420	무선통신기기	수상기
8528620000	813420	컴퓨터	데이터디스플레이장치
8528690000	812420	무선통신기기	수상기
8528711000	812520	무선통신기기	비디오튜너
8528712020	812510	무선통신기기	위성방송수신기
8528712090	812510	무선통신기기	위성방송수신기
8528713000	812510	무선통신기기	위성방송수신기
8528719000	821143	가전	기타 TV
8528722000	821122	가전	LCD TV(디지털의 것)
8528725000	821143	가전	기타 TV
8528726000	821143	가전	기타 TV
8528729000	821143	가전	기타 TV
8528730000	821210	가전	흑백TV
8529101000	812810	무선통신기기	안테나
8529109100	812810	무선통신기기	안테나
8529109200	812810	무선통신기기	안테나
8529109900	812810	무선통신기기	안테나
8529902000	839000	기타	기타전자부품
8529903010	812890	무선통신기기	기타무선통신기기부품
8529903020	812890	무선통신기기	기타무선통신기기부품
8529904000	812890	무선통신기기	기타무선통신기기부품
8529905000	822800	가전	음향기기부품
8529906010	812890	무선통신기기	기타무선통신기기부품
8529906021	821170	가전	칼라TV부품
8529906022	837110	디스플레이	LCD 
8529906023	837120	디스플레이	OLED
8529906029	821170	가전	칼라TV부품
8530101000	814110	기타	교통신호기
8530109000	814110	기타	교통신호기
8530800000	814110	기타	교통신호기
8530900000	814120	기타	교통신호기부품
8531101000	814210	기타	도난경보기
8531102000	814230	기타	화재경보기
8531103000	814220	기타	가스경보기
8531106000	814290	기타	기타경보신호기
8531109000	814290	기타	기타경보신호기
8531201000	837110	디스플레이	LCD 
8531202000	814240	기타	경보신호기부품
8531802000	814290	기타	기타경보신호기
8531809000	814290	기타	기타경보신호기
8531901000	814240	기타	경보신호기부품
8531902000	814240	기타	경보신호기부품
8531909000	837120	디스플레이	OLED
8532100000	841390	전기기기	기타회로보호용기기
8532210000	833310	기타	고정식축전기
8532220000	833310	기타	고정식축전기
8532230000	833310	기타	고정식축전기
8532240000	833310	기타	고정식축전기
8532250000	833310	기타	고정식축전기
8532290000	833310	기타	고정식축전기
8532300000	833320	기타	가변식축전기
8532901000	833330	기타	축전기부품
8532909000	833330	기타	축전기부품
8533100000	833110	기타	고정식저항기
8533212000	837200	기타	센서 
8533219000	833110	기타	고정식저항기
8533292000	837200	기타	센서 
8533299000	833110	기타	고정식저항기
8533310000	833120	기타	가변식저항기
8533390000	833120	기타	가변식저항기
8533401000	833320	기타	가변식축전기
8533403000	833320	기타	가변식축전기
8533409000	833320	기타	가변식축전기
8533901000	833190	기타	저항기부품
8533909000	833190	기타	저항기부품
8534001000	834300	기타	인쇄회로
8534002000	834300	기타	인쇄회로
8534009000	834300	기타	인쇄회로
8535100000	841390	전기기기	기타회로보호용기기
8535211000	841310	전기기기	고압 개폐기 및 차단기
8535212000	841310	전기기기	고압 개폐기 및 차단기
8535291000	841310	전기기기	고압 개폐기 및 차단기
8535292000	841310	전기기기	고압 개폐기 및 차단기
8535301000	841310	전기기기	고압 개폐기 및 차단기
8535302000	841310	전기기기	고압 개폐기 및 차단기
8535303000	841310	전기기기	고압 개폐기 및 차단기
8535400000	841390	전기기기	기타회로보호용기기
8535901000	841330	전기기기	고압회로접속기
8535902000	841330	전기기기	고압회로접속기
8535909000	841390	전기기기	기타회로보호용기기
8536101000	834400	기타	퓨우즈
8536109000	834400	기타	퓨우즈
8536200000	841320	전기기기	저압스위치 및 차단기
8536300000	841390	전기기기	기타회로보호용기기
8536410000	833410	기타	계전기
8536490000	841390	전기기기	기타회로보호용기기
8536501000	841320	전기기기	저압스위치 및 차단기
8536502000	841320	전기기기	저압스위치 및 차단기
8536503000	841320	전기기기	저압스위치 및 차단기
8536504000	841320	전기기기	저압스위치 및 차단기
8536509010	841320	전기기기	저압스위치 및 차단기
8536509020	841320	전기기기	저압스위치 및 차단기
8536509030	841320	전기기기	저압스위치 및 차단기
8536509090	841320	전기기기	저압스위치 및 차단기
8536610000	834200	기타	연결부품
8536691000	834200	기타	연결부품
8536699000	834200	기타	연결부품
8536701000	834200	기타	연결부품
8536702000	834200	기타	연결부품
8536703010	834200	기타	연결부품
8536703090	834200	기타	연결부품
8536901000	834200	기타	연결부품
8536902000	834200	기타	연결부품
8536909010	834200	기타	연결부품
8536909090	834200	기타	연결부품
8537103000	849220	전기기기	배전보드
8537104000	849220	전기기기	배전보드
8537105010	842510	전기기기	수치제어반
8537105020	842520	전기기기	프로그램이 가능한 제어기
8537105090	842530	전기기기	자동제어반
8537203000	841420	전기기기	고압배전반
8537204000	841430	전기기기	고압자동제어반
8538100000	849220	전기기기	배전보드
8538901000	849230	전기기기	개폐기부분품
8538902000	849240	전기기기	차단기 부분품
8538903000	849250	전기기기	계전기 부분품
8538905000	849260	전기기기	제어반 부분품
8538909000	837110	디스플레이	LCD 
8539100000	826100	가전	전구
8539210000	826100	가전	전구
8539221000	826100	가전	전구
8539223000	826100	가전	전구
8539229000	826100	가전	전구
8539290000	826100	가전	전구
8539310000	826100	가전	전구
8539321000	826100	가전	전구
8539322000	826100	가전	전구
8539323000	826100	가전	전구
8539391010	826100	가전	전구
8539391090	826100	가전	전구
8539399000	826100	가전	전구
8539410000	826100	가전	전구
8539491010	732200	기타	반도체제조용장비부품
8539491090	826100	가전	전구
8539492000	826100	가전	전구
8539510000	826910	가전	기타조명기기
8539520000	826100	가전	전구
8539901000	826200	가전	전구부품
8539902000	826200	가전	전구부품
8539909000	826920	가전	기타조명기기부품
8540110000	832110	기타	천연색음극선관
8540120000	832190	기타	기타음극선관
8540200000	832900	기타	기타전자관
8540400000	832900	기타	기타전자관
8540601000	832110	기타	천연색음극선관
8540609000	832190	기타	기타음극선관
8540710000	832200	기타	자전관
8540791000	832900	기타	기타전자관
8540799000	832900	기타	기타전자관
8540810000	832900	기타	기타전자관
8540891000	832900	기타	기타전자관
8540892000	832300	기타	방전관
8540899000	832900	기타	기타전자관
8540910000	832490	기타	기타전자관부품
8540990000	832490	기타	기타전자관부품
8541101000	831320	반도체	다이오드
8541109000	831320	반도체	다이오드
8541211000	831310	반도체	트랜지스터
8541219000	831310	반도체	트랜지스터
8541291000	831310	반도체	트랜지스터
8541299000	831310	반도체	트랜지스터
8541301000	831390	반도체	기타개별소자반도체
8541302000	831390	반도체	기타개별소자반도체
8541303000	831390	반도체	기타개별소자반도체
8541304000	831390	반도체	기타개별소자반도체
8541411000	831390	반도체	기타개별소자반도체
8541419000	831390	반도체	기타개별소자반도체
8541420000	831390	반도체	기타개별소자반도체
8541430000	841180	전기기기	태양광모듈
8541491000	831390	반도체	기타개별소자반도체
8541492000	831390	반도체	기타개별소자반도체
8541493000	831390	반도체	기타개별소자반도체
8541499000	831390	반도체	기타개별소자반도체
8541511000	831330	반도체	반도체기반 트랜스듀서
8541512000	831330	반도체	반도체기반 트랜스듀서
8541513000	831330	반도체	반도체기반 트랜스듀서
8541514000	831330	반도체	반도체기반 트랜스듀서
8541591000	831390	반도체	기타개별소자반도체
8541599000	831390	반도체	기타개별소자반도체
8541601000	831390	반도체	기타개별소자반도체
8541609000	831390	반도체	기타개별소자반도체
8541902000	831340	반도체	개별소자 반도체부품
8541903000	831340	반도체	개별소자 반도체부품
8541909000	831340	반도체	개별소자 반도체부품
8542311000	831210	반도체	프로세서와 컨트롤러
8542312000	831210	반도체	프로세서와 컨트롤러
8542313000	831210	반도체	프로세서와 컨트롤러
8542314000	831210	반도체	프로세서와 컨트롤러
8542321010	831110	반도체	D램
8542321020	831130	반도체	S램
8542321030	831120	반도체	낸드
8542321090	831190	반도체	기타 메모리반도체
8542322000	831190	반도체	기타 메모리반도체
8542323000	831190	반도체	기타 메모리반도체
8542324000	831190	반도체	기타 메모리반도체
8542331000	831220	반도체	증폭기
8542332000	831220	반도체	증폭기
8542333000	831220	반도체	증폭기
8542334000	831220	반도체	증폭기
8542391000	831230	반도체	기타 집적회로반도체
8542392000	831230	반도체	기타 집적회로반도체
8542393000	831230	반도체	기타 집적회로반도체
8542394000	831230	반도체	기타 집적회로반도체
8542900000	831240	반도체	집적회로 반도체부품
8543100000	814910	기타	기타전자응용기기
8543200000	814290	기타	기타경보신호기
8543301000	842990	전기기기	기타 기기
8543302000	842990	전기기기	기타 기기
8543309000	842990	전기기기	기타 기기
8543401000	849910	전기기기	전자담배
8543409000	849910	전기기기	전자담배
8543701000	842990	전기기기	기타 기기
8543702010	829100	가전	기타가정용전자
8543702020	829100	가전	기타가정용전자
8543702030	822490	가전	기타컴포넌트
8543702040	822490	가전	기타컴포넌트
8543702050	829100	가전	기타가정용전자
8543702090	829100	가전	기타가정용전자
8543703000	814910	기타	기타전자응용기기
8543705000	814910	기타	기타전자응용기기
8543709010	822490	가전	기타컴포넌트
8543709020	837200	기타	센서 
8543709040	814910	기타	기타전자응용기기
8543709050	814910	기타	기타전자응용기기
8543709060	814910	기타	기타전자응용기기
8543709070	814910	기타	기타전자응용기기
8543709090	814910	기타	기타전자응용기기
8543901000	831240	반도체	집적회로 반도체부품
8543909000	839000	기타	기타전자부품
8544111000	842110	전기기기	권선
8544119000	842110	전기기기	권선
8544190000	842110	전기기기	권선
8544200000	842120	전기기기	동축케이블
8544300000	842130	전기기기	와이어하네스
8544421010	842140	전기기기	통신선
8544421090	842150	전기기기	절연코드세트
8544422010	842140	전기기기	통신선
8544422090	842150	전기기기	절연코드세트
8544429010	842140	전기기기	통신선
8544429090	842150	전기기기	절연코드세트
8544491011	842140	전기기기	통신선
8544491012	842140	전기기기	통신선
8544491090	841510	전기기기	저압케이블
8544492011	842140	전기기기	통신선
8544492012	842140	전기기기	통신선
8544492090	841510	전기기기	저압케이블
8544499011	842140	전기기기	통신선
8544499012	842140	전기기기	통신선
8544499090	841510	전기기기	저압케이블
8544601010	841520	전기기기	고압케이블
8544601090	841520	전기기기	고압케이블
8544602010	841520	전기기기	고압케이블
8544602090	841520	전기기기	고압케이블
8544603010	841520	전기기기	고압케이블
8544603090	841520	전기기기	고압케이블
8544700000	842160	전기기기	광케이블
8545110000	849310	전기기기	탄소 제품 부품
8545190000	849310	전기기기	탄소 제품 부품
8545200000	849310	전기기기	탄소 제품 부품
8545901000	849310	전기기기	탄소 제품 부품
8545902000	849310	전기기기	탄소 제품 부품
8545909000	839000	기타	기타전자부품
8546100000	841340	전기기기	애자
8546200000	841340	전기기기	애자
8546901000	841340	전기기기	애자
8546909000	841340	전기기기	애자
8547100000	849490	전기기기	기타 절연 제품 부품
8547200000	849490	전기기기	기타 절연 제품 부품
8547900000	849490	전기기기	기타 절연 제품 부품
8548001000	831240	반도체	집적회로 반도체부품
8548009000	837120	디스플레이	OLED
8549110000	849930	전기기기	전기ㆍ전자 웨이스트와 스크랩
8549121000	849930	전기기기	전기ㆍ전자 웨이스트와 스크랩
8549122000	849930	전기기기	전기ㆍ전자 웨이스트와 스크랩
8549123000	849930	전기기기	전기ㆍ전자 웨이스트와 스크랩
8549130000	849930	전기기기	전기ㆍ전자 웨이스트와 스크랩
8549141000	849930	전기기기	전기ㆍ전자 웨이스트와 스크랩
8549142000	849930	전기기기	전기ㆍ전자 웨이스트와 스크랩
8549149000	849930	전기기기	전기ㆍ전자 웨이스트와 스크랩
8549190000	849930	전기기기	전기ㆍ전자 웨이스트와 스크랩
8549211000	849930	전기기기	전기ㆍ전자 웨이스트와 스크랩
8549212000	849930	전기기기	전기ㆍ전자 웨이스트와 스크랩
8549219000	849930	전기기기	전기ㆍ전자 웨이스트와 스크랩
8549291000	849930	전기기기	전기ㆍ전자 웨이스트와 스크랩
8549292000	849930	전기기기	전기ㆍ전자 웨이스트와 스크랩
8549299000	849930	전기기기	전기ㆍ전자 웨이스트와 스크랩
8549311000	849930	전기기기	전기ㆍ전자 웨이스트와 스크랩
8549312000	849930	전기기기	전기ㆍ전자 웨이스트와 스크랩
8549319000	849930	전기기기	전기ㆍ전자 웨이스트와 스크랩
8549391000	849930	전기기기	전기ㆍ전자 웨이스트와 스크랩
8549392000	849930	전기기기	전기ㆍ전자 웨이스트와 스크랩
8549399000	849930	전기기기	전기ㆍ전자 웨이스트와 스크랩
8549911000	849930	전기기기	전기ㆍ전자 웨이스트와 스크랩
8549912000	849930	전기기기	전기ㆍ전자 웨이스트와 스크랩
8549919000	849930	전기기기	전기ㆍ전자 웨이스트와 스크랩
8549991000	849930	전기기기	전기ㆍ전자 웨이스트와 스크랩
8549992000	849930	전기기기	전기ㆍ전자 웨이스트와 스크랩
8549999000	849930	전기기기	전기ㆍ전자 웨이스트와 스크랩
8601100000	744100	기타	철도차량
8601200000	744100	기타	철도차량
8602100000	744100	기타	철도차량
8602900000	744100	기타	철도차량
8603101000	744100	기타	철도차량
8603102000	744100	기타	철도차량
8603901000	744100	기타	철도차량
8603902000	744100	기타	철도차량
8604004000	744100	기타	철도차량
8604009000	744100	기타	철도차량
8605001000	744100	기타	철도차량
8605002000	744100	기타	철도차량
8605009000	744100	기타	철도차량
8606100000	744100	기타	철도차량
8606300000	744100	기타	철도차량
8606910000	744100	기타	철도차량
8606920000	744100	기타	철도차량
8606990000	744100	기타	철도차량
8607110000	744200	기타	철도차량부품
8607120000	744200	기타	철도차량부품
8607191000	744200	기타	철도차량부품
8607192000	744200	기타	철도차량부품
8607193000	744200	기타	철도차량부품
8607199000	744200	기타	철도차량부품
8607210000	744200	기타	철도차량부품
8607290000	744200	기타	철도차량부품
8607301000	744200	기타	철도차량부품
8607302000	744200	기타	철도차량부품
8607303000	744200	기타	철도차량부품
8607309000	744200	기타	철도차량부품
8607910000	744200	기타	철도차량부품
8607990000	744200	기타	철도차량부품
8608001000	719190	일반기계	기타기계류
8608002000	719190	일반기계	기타기계류
8608009000	719290	일반기계	기타기계류부품
8609001000	643000	기타	콘테이너
8609002000	643000	기타	콘테이너
8609003000	643000	기타	콘테이너
8609004000	643000	기타	콘테이너
8609005000	643000	기타	콘테이너
8609009000	643000	기타	콘테이너
8701100000	722100	일반기계	경작기계
8701211000	741110	자동차	내연기관 트랙터(신차)
8701212000	741120	자동차	내연기관 트랙터(중고차)
8701221000	741130	자동차	하이브리드 트랙터(신차)
8701222000	741140	자동차	하이브리드 트랙터(중고차)
8701231000	741130	자동차	하이브리드 트랙터(신차)
8701232000	741140	자동차	하이브리드 트랙터(중고차)
8701241000	741150	자동차	전기 트랙터(신차)
8701242000	741160	자동차	전기 트랙터(중고차)
8701291000	741130	자동차	하이브리드 트랙터(신차)
8701292000	741140	자동차	하이브리드 트랙터(중고차)
8701300000	741110	자동차	내연기관 트랙터(신차)
8701911010	741110	자동차	내연기관 트랙터(신차)
8701911020	741120	자동차	내연기관 트랙터(중고차)
8701912000	722100	일반기계	경작기계
8701919000	741120	자동차	내연기관 트랙터(중고차)
8701921010	741110	자동차	내연기관 트랙터(신차)
8701921020	741120	자동차	내연기관 트랙터(중고차)
8701922000	722100	일반기계	경작기계
8701929000	741110	자동차	내연기관 트랙터(신차)
8701931010	741110	자동차	내연기관 트랙터(신차)
8701931020	741120	자동차	내연기관 트랙터(중고차)
8701932000	722100	일반기계	경작기계
8701939000	741110	자동차	내연기관 트랙터(신차)
8701941010	741110	자동차	내연기관 트랙터(신차)
8701941020	741120	자동차	내연기관 트랙터(중고차)
8701942000	722100	일반기계	경작기계
8701949000	741110	자동차	내연기관 트랙터(신차)
8701951010	741110	자동차	내연기관 트랙터(신차)
8701951020	741120	자동차	내연기관 트랙터(중고차)
8701952000	722100	일반기계	경작기계
8701959000	741110	자동차	내연기관 트랙터(신차)
8702101010	741210	자동차	내연기관 승합차(신차)
8702101020	741220	자동차	내연기관 승합차(중고차)
8702102010	741210	자동차	내연기관 승합차(신차)
8702102020	741220	자동차	내연기관 승합차(중고차)
8702103010	741210	자동차	내연기관 승합차(신차)
8702103020	741220	자동차	내연기관 승합차(중고차)
8702201000	741230	자동차	하이브리드 승합차(신차)
8702202000	741240	자동차	하이브리드 승합차(중고차)
8702301000	741230	자동차	하이브리드 승합차(신차)
8702302000	741240	자동차	하이브리드 승합차(중고차)
8702401000	741250	자동차	전기 승합차(신차)
8702402000	741260	자동차	전기 승합차(중고차)
8702901010	741210	자동차	내연기관 승합차(신차)
8702901020	741220	자동차	내연기관 승합차(중고차)
8702902010	741210	자동차	내연기관 승합차(신차)
8702902020	741220	자동차	내연기관 승합차(중고차)
8702903010	741210	자동차	내연기관 승합차(신차)
8702903020	741220	자동차	내연기관 승합차(중고차)
8703101000	741600	자동차	기타자동차 
8703102000	741600	자동차	기타자동차 
8703109000	741600	자동차	기타자동차 
8703217000	741310	자동차	내연기관 승용차(신차)
8703218000	741320	자동차	내연기관 승용차(중고차)
8703227000	741310	자동차	내연기관 승용차(신차)
8703228000	741320	자동차	내연기관 승용차(중고차)
8703231010	741310	자동차	내연기관 승용차(신차)
8703231020	741320	자동차	내연기관 승용차(중고차)
8703239010	741310	자동차	내연기관 승용차(신차)
8703239020	741320	자동차	내연기관 승용차(중고차)
8703241010	741310	자동차	내연기관 승용차(신차)
8703241020	741320	자동차	내연기관 승용차(중고차)
8703249010	741310	자동차	내연기관 승용차(신차)
8703249020	741320	자동차	내연기관 승용차(중고차)
8703317000	741310	자동차	내연기관 승용차(신차)
8703318000	741320	자동차	내연기관 승용차(중고차)
8703321010	741310	자동차	내연기관 승용차(신차)
8703321020	741320	자동차	내연기관 승용차(중고차)
8703329010	741310	자동차	내연기관 승용차(신차)
8703329020	741320	자동차	내연기관 승용차(중고차)
8703337000	741310	자동차	내연기관 승용차(신차)
8703338000	741320	자동차	내연기관 승용차(중고차)
8703401000	741330	자동차	하이브리드 승용차(신차)
8703402000	741340	자동차	하이브리드 승용차(중고차)
8703501000	741330	자동차	하이브리드 승용차(신차)
8703502000	741340	자동차	하이브리드 승용차(중고차)
8703601000	741330	자동차	하이브리드 승용차(신차)
8703602000	741340	자동차	하이브리드 승용차(중고차)
8703701000	741330	자동차	하이브리드 승용차(신차)
8703702000	741340	자동차	하이브리드 승용차(중고차)
8703801000	741350	자동차	전기 승용차(신차)
8703802000	741360	자동차	전기 승용차(중고차)
8703900000	741310	자동차	내연기관 승용차(신차)
8704100000	741410	자동차	내연기관 화물차(신차)
8704211010	741410	자동차	내연기관 화물차(신차)
8704211020	741420	자동차	내연기관 화물차(중고차)
8704219010	741410	자동차	내연기관 화물차(신차)
8704219020	741410	자동차	내연기관 화물차(신차)
8704219090	741410	자동차	내연기관 화물차(신차)
8704221011	741410	자동차	내연기관 화물차(신차)
8704221012	741420	자동차	내연기관 화물차(중고차)
8704221091	741410	자동차	내연기관 화물차(신차)
8704221092	741420	자동차	내연기관 화물차(중고차)
8704229010	741410	자동차	내연기관 화물차(신차)
8704229020	741420	자동차	내연기관 화물차(중고차)
8704229090	741410	자동차	내연기관 화물차(신차)
8704231010	741410	자동차	내연기관 화물차(신차)
8704231020	741420	자동차	내연기관 화물차(중고차)
8704239010	741410	자동차	내연기관 화물차(신차)
8704239020	741420	자동차	내연기관 화물차(중고차)
8704239090	741410	자동차	내연기관 화물차(신차)
8704311010	741410	자동차	내연기관 화물차(신차)
8704311020	741420	자동차	내연기관 화물차(중고차)
8704319010	741410	자동차	내연기관 화물차(신차)
8704319020	741420	자동차	내연기관 화물차(중고차)
8704319090	741410	자동차	내연기관 화물차(신차)
8704321010	741410	자동차	내연기관 화물차(신차)
8704321020	741420	자동차	내연기관 화물차(중고차)
8704329010	741410	자동차	내연기관 화물차(신차)
8704329020	741410	자동차	내연기관 화물차(신차)
8704329090	741410	자동차	내연기관 화물차(신차)
8704411010	741430	자동차	하이브리드 화물차(신차)
8704411020	741440	자동차	하이브리드 화물차(중고차)
8704419010	741430	자동차	하이브리드 화물차(신차)
8704419020	741430	자동차	하이브리드 화물차(신차)
8704419090	741430	자동차	하이브리드 화물차(신차)
8704421010	741430	자동차	하이브리드 화물차(신차)
8704421020	741440	자동차	하이브리드 화물차(중고차)
8704429010	741430	자동차	하이브리드 화물차(신차)
8704429020	741430	자동차	하이브리드 화물차(신차)
8704429090	741430	자동차	하이브리드 화물차(신차)
8704431010	741430	자동차	하이브리드 화물차(신차)
8704431020	741440	자동차	하이브리드 화물차(중고차)
8704439010	741430	자동차	하이브리드 화물차(신차)
8704439020	741430	자동차	하이브리드 화물차(신차)
8704439090	741430	자동차	하이브리드 화물차(신차)
8704511010	741430	자동차	하이브리드 화물차(신차)
8704511020	741440	자동차	하이브리드 화물차(중고차)
8704519010	741430	자동차	하이브리드 화물차(신차)
8704519020	741430	자동차	하이브리드 화물차(신차)
8704519090	741430	자동차	하이브리드 화물차(신차)
8704521010	741430	자동차	하이브리드 화물차(신차)
8704521020	741440	자동차	하이브리드 화물차(중고차)
8704529010	741430	자동차	하이브리드 화물차(신차)
8704529020	741430	자동차	하이브리드 화물차(신차)
8704529090	741430	자동차	하이브리드 화물차(신차)
8704601010	741450	자동차	전기 화물차(신차)
8704601020	741460	자동차	전기 화물차(중고차)
8704609010	741450	자동차	전기 화물차(신차)
8704609020	741450	자동차	전기 화물차(신차)
8704609090	741450	자동차	전기 화물차(신차)
8704901010	741450	자동차	전기 화물차(신차)
8704901020	741460	자동차	전기 화물차(중고차)
8704909010	741450	자동차	전기 화물차(신차)
8704909020	741450	자동차	전기 화물차(신차)
8704909090	741450	자동차	전기 화물차(신차)
8705101000	741500	자동차	특장차
8705102000	741500	자동차	특장차
8705109000	741500	자동차	특장차
8705200000	741500	자동차	특장차
8705300000	741500	자동차	특장차
8705400000	741500	자동차	특장차
8705901010	741500	자동차	특장차
8705901090	741500	자동차	특장차
8705909010	741500	자동차	특장차
8705909020	741500	자동차	특장차
8705909030	741500	자동차	특장차
8705909040	741500	자동차	특장차
8705909050	741500	자동차	특장차
8705909060	741500	자동차	특장차
8705909070	741500	자동차	특장차
8705909090	741500	자동차	특장차
8706001000	742000	자동차부품	자동차부품
8706002000	742000	자동차부품	자동차부품
8706003000	742000	자동차부품	자동차부품
8706004000	742000	자동차부품	자동차부품
8706005000	742000	자동차부품	자동차부품
8707100000	742000	자동차부품	자동차부품
8707901000	742000	자동차부품	자동차부품
8707902000	742000	자동차부품	자동차부품
8707903000	742000	자동차부품	자동차부품
8707904000	742000	자동차부품	자동차부품
8708100000	742000	자동차부품	자동차부품
8708210000	742000	자동차부품	자동차부품
8708220000	742000	자동차부품	자동차부품
8708290000	742000	자동차부품	자동차부품
8708301000	742000	자동차부품	자동차부품
8708302000	742000	자동차부품	자동차부품
8708303000	742000	자동차부품	자동차부품
8708309000	742000	자동차부품	자동차부품
8708400000	742000	자동차부품	자동차부품
8708501000	742000	자동차부품	자동차부품
8708502000	742000	자동차부품	자동차부품
8708700000	742000	자동차부품	자동차부품
8708800000	742000	자동차부품	자동차부품
8708910000	742000	자동차부품	자동차부품
8708920000	742000	자동차부품	자동차부품
8708930000	742000	자동차부품	자동차부품
8708940000	742000	자동차부품	자동차부품
8708951000	742000	자동차부품	자동차부품
8708959000	742000	자동차부품	자동차부품
8708991010	742000	자동차부품	자동차부품
8708991020	742000	자동차부품	자동차부품
8708991030	742000	자동차부품	자동차부품
8708991040	742000	자동차부품	자동차부품
8708991050	742000	자동차부품	자동차부품
8708999000	742000	자동차부품	자동차부품
8709110000	741600	자동차	기타자동차 
8709190000	741600	자동차	기타자동차 
8709900000	742000	자동차부품	자동차부품
8710001000	970100	기타	무기류
8710002000	970100	기타	무기류
8710009000	970200	기타	무기류부품
8711101000	743110	기타	모터사이클
8711102000	743190	기타	기타이륜차
8711109000	743190	기타	기타이륜차
8711201000	743110	기타	모터사이클
8711209000	743190	기타	기타이륜차
8711301000	743110	기타	모터사이클
8711309000	743190	기타	기타이륜차
8711401000	743110	기타	모터사이클
8711409000	743190	기타	기타이륜차
8711501000	743110	기타	모터사이클
8711509000	743190	기타	기타이륜차
8711601000	743110	기타	모터사이클
8711609000	743190	기타	기타이륜차
8711901000	743110	기타	모터사이클
8711909000	743190	기타	기타이륜차
8712001000	743300	기타	자전거
8712009020	743300	기타	자전거
8712009090	743300	기타	자전거
8713100000	932090	바이오헬스	기타
8713900000	932090	바이오헬스	기타
8714101000	743200	기타	이륜차부품
8714109000	743200	기타	이륜차부품
8714200000	932090	바이오헬스	기타
8714911000	743400	기타	자전거부품
8714912000	743400	기타	자전거부품
8714919000	743400	기타	자전거부품
8714921000	743400	기타	자전거부품
8714922000	743400	기타	자전거부품
8714931000	743400	기타	자전거부품
8714932000	743400	기타	자전거부품
8714941000	743400	기타	자전거부품
8714949000	743400	기타	자전거부품
8714950000	743400	기타	자전거부품
8714961000	743400	기타	자전거부품
8714962000	743400	기타	자전거부품
8714969000	743400	기타	자전거부품
8714990000	743400	기타	자전거부품
8715000000	517100	생활용품	유모차
8716100000	741600	자동차	기타자동차 
8716200000	722900	일반기계	기타농기계
8716310000	741600	자동차	기타자동차 
8716390000	741600	자동차	기타자동차 
8716400000	741600	자동차	기타자동차 
8716801000	741600	자동차	기타자동차 
8716802000	741600	자동차	기타자동차 
8716803000	741600	자동차	기타자동차 
8716809000	741600	자동차	기타자동차 
8716901000	742000	자동차부품	자동차부품
8716909000	742000	자동차부품	자동차부품
8801001000	747130	기타	무동력항공기
8801009010	747130	기타	무동력항공기
8801009090	747130	기타	무동력항공기
8802111000	747110	기타	헬리콥터
8802119000	747110	기타	헬리콥터
8802121000	747110	기타	헬리콥터
8802129000	747110	기타	헬리콥터
8802201000	747120	기타	비행기
8802202000	747120	기타	비행기
8802203000	747120	기타	비행기
8802209000	747120	기타	비행기
8802301000	747120	기타	비행기
8802302000	747120	기타	비행기
8802303000	747120	기타	비행기
8802309000	747120	기타	비행기
8802401000	747120	기타	비행기
8802402000	747120	기타	비행기
8802403000	747120	기타	비행기
8802409000	747120	기타	비행기
8802601010	748100	기타	우주선
8802601090	748100	기타	우주선
8802602000	748100	기타	우주선
8802603000	748100	기타	우주선
8804001000	747140	기타	낙하산
8804002000	747140	기타	낙하산
8804009010	747140	기타	낙하산
8804009020	747140	기타	낙하산
8805101010	747290	기타	기타항공기부품
8805101090	747290	기타	기타항공기부품
8805102010	747290	기타	기타항공기부품
8805102090	747290	기타	기타항공기부품
8805109010	747290	기타	기타항공기부품
8805109090	747290	기타	기타항공기부품
8805211000	747290	기타	기타항공기부품
8805212000	747290	기타	기타항공기부품
8805291010	747290	기타	기타항공기부품
8805291090	747290	기타	기타항공기부품
8805292000	747290	기타	기타항공기부품
8806100000	747150	기타	무인기
8806210000	747150	기타	무인기
8806220000	747150	기타	무인기
8806230000	747150	기타	무인기
8806240000	747150	기타	무인기
8806290000	747150	기타	무인기
8806910000	747150	기타	무인기
8806920000	747150	기타	무인기
8806930000	747150	기타	무인기
8806940000	747150	기타	무인기
8806990000	747150	기타	무인기
8807100000	747290	기타	기타항공기부품
8807200000	747290	기타	기타항공기부품
8807301000	747290	기타	기타항공기부품
8807302000	747290	기타	기타항공기부품
8807303000	747220	기타	무인기부품
8807901000	747290	기타	기타항공기부품
8807902000	748200	기타	우주선부품
8807909000	747290	기타	기타항공기부품
8901100000	746110	선박류	여객선
8901200000	746120	선박류	화물선
8901300000	746120	선박류	화물선
8901901000	746120	선박류	화물선
8901902000	746120	선박류	화물선
8902001010	746130	선박류	어선
8902001020	746130	선박류	어선
8902001030	746130	선박류	어선
8902001090	746130	선박류	어선
8902002010	746130	선박류	어선
8902002090	746130	선박류	어선
8903110000	746140	선박류	요트
8903120000	746140	선박류	요트
8903190000	746140	선박류	요트
8903210000	746140	선박류	요트
8903220000	746140	선박류	요트
8903230000	746140	선박류	요트
8903310000	746159	선박류	기타모터보트
8903320000	746159	선박류	기타모터보트
8903330000	746159	선박류	기타모터보트
8903931000	746151	선박류	아웃보드 모터보트
8903939000	746159	선박류	기타모터보트
8903991000	746151	선박류	아웃보드 모터보트
8903999000	746159	선박류	기타모터보트
8904001000	746160	선박류	예인선
8904002000	746160	선박류	예인선
8904009000	746160	선박류	예인선
8905100000	746190	선박류	기타선박
8905201000	746200	선박류	해양구조물
8905202000	746200	선박류	해양구조물
8905209000	746200	선박류	해양구조물
8905901000	746190	선박류	기타선박
8905902000	746190	선박류	기타선박
8905903000	746190	선박류	기타선박
8905905000	746190	선박류	기타선박
8905907000	746190	선박류	기타선박
8905908000	746190	선박류	기타선박
8905909000	746190	선박류	기타선박
8906100000	746170	선박류	군함
8906900000	746190	선박류	기타선박
8907100000	746200	선박류	해양구조물
8907901000	746200	선박류	해양구조물
8907902000	746200	선박류	해양구조물
8907903000	746200	선박류	해양구조물
8907904000	746200	선박류	해양구조물
8907905000	746200	선박류	해양구조물
8907906000	746200	선박류	해양구조물
8907909000	746200	선박류	해양구조물
8908001000	746190	선박류	기타선박
8908009000	746200	선박류	해양구조물
9001100000	814820	기타	전자현미경부품
9001200000	724390	일반기계	기타광학기기부품
9001300000	932050	바이오헬스	안과및광학의료기기
9001400000	932050	바이오헬스	안과및광학의료기기
9001501000	932050	바이오헬스	안과및광학의료기기
9001509000	518110	생활용품	안경렌즈
9001901000	724310	일반기계	광학렌즈
9001902000	724310	일반기계	광학렌즈
9001903000	724310	일반기계	광학렌즈
9001909000	724310	일반기계	광학렌즈
9002111000	724310	일반기계	광학렌즈
9002119010	724310	일반기계	광학렌즈
9002119020	724310	일반기계	광학렌즈
9002119090	724310	일반기계	광학렌즈
9002191000	724310	일반기계	광학렌즈
9002199000	724310	일반기계	광학렌즈
9002201000	724310	일반기계	광학렌즈
9002209000	724310	일반기계	광학렌즈
9002901000	724310	일반기계	광학렌즈
9002909010	732200	기타	반도체제조용장비부품
9002909090	724310	일반기계	광학렌즈
9003110000	518120	생활용품	안경테
9003191000	518120	생활용품	안경테
9003199000	518120	생활용품	안경테
9003900000	518120	생활용품	안경테
9004101000	518130	생활용품	안경
9004109000	518130	생활용품	안경
9004901000	932090	바이오헬스	기타
9004902000	518130	생활용품	안경
9004909000	932090	바이오헬스	기타
9005100000	724150	일반기계	천체관측기기
9005800000	724150	일반기계	천체관측기기
9005900000	724390	일반기계	기타광학기기부품
9006300000	932090	바이오헬스	기타
9006400000	724110	일반기계	카메라
9006531000	724110	일반기계	카메라
9006539010	724110	일반기계	카메라
9006539090	724110	일반기계	카메라
9006591000	724110	일반기계	카메라
9006599000	724110	일반기계	카메라
9006610000	724110	일반기계	카메라
9006690000	724110	일반기계	카메라
9006910000	724390	일반기계	기타광학기기부품
9006990000	724390	일반기계	기타광학기기부품
9007100000	724120	일반기계	영화촬영기
9007200000	724130	일반기계	영화영사기
9007910000	724390	일반기계	기타광학기기부품
9007920000	724390	일반기계	기타광학기기부품
9008500000	724190	일반기계	기타광학기기
9008900000	724390	일반기계	기타광학기기부품
9010101000	724140	일반기계	사진현상기기
9010109010	732100	기타	반도체제조용장비
9010109090	724140	일반기계	사진현상기기
9010501000	732100	기타	반도체제조용장비
9010509000	724140	일반기계	사진현상기기
9010600000	724140	일반기계	사진현상기기
9010901010	732200	기타	반도체제조용장비부품
9010901090	732200	기타	반도체제조용장비부품
9010902000	724390	일반기계	기타광학기기부품
9010909000	724390	일반기계	기타광학기기부품
9011101000	724160	일반기계	현미경
9011109000	724160	일반기계	현미경
9011201010	724160	일반기계	현미경
9011201090	724160	일반기계	현미경
9011209000	724160	일반기계	현미경
9011802000	724160	일반기계	현미경
9011804000	724160	일반기계	현미경
9011809000	724160	일반기계	현미경
9011901000	724160	일반기계	현미경
9011909000	724160	일반기계	현미경
9012101010	814810	기타	전자현미경
9012101090	814810	기타	전자현미경
9012102000	814910	기타	기타전자응용기기
9012901000	814820	기타	전자현미경부품
9012909000	814820	기타	전자현미경부품
9013101000	724190	일반기계	기타광학기기
9013109000	724190	일반기계	기타광학기기
9013200000	812410	무선통신기기	TV카메라
9013802000	724190	일반기계	기타광학기기
9013803000	724190	일반기계	기타광학기기
9013809000	724390	일반기계	기타광학기기부품
9013902000	724390	일반기계	기타광학기기부품
9013909000	724390	일반기계	기타광학기기부품
9014101010	747290	기타	기타항공기부품
9014101090	815190	기타	기타계측기
9014102010	747290	기타	기타항공기부품
9014102090	815190	기타	기타계측기
9014109000	815190	기타	기타계측기
9014200000	748200	기타	우주선부품
9014801000	815190	기타	기타계측기
9014809000	815190	기타	기타계측기
9014901000	747290	기타	기타항공기부품
9014909000	815200	기타	계측기부품
9015100000	735100	기타	토지측량기
9015200000	735100	기타	토지측량기
9015300000	735100	기타	토지측량기
9015400000	735100	기타	토지측량기
9015801000	735100	기타	토지측량기
9015802000	735100	기타	토지측량기
9015803000	735100	기타	토지측량기
9015804000	735100	기타	토지측량기
9015805000	735100	기타	토지측량기
9015809000	735100	기타	토지측량기
9015900000	735200	기타	토지측량기부품
9016001000	815110	기타	중량계
9016002000	815110	기타	중량계
9016008000	815110	기타	중량계
9016009000	815200	기타	계측기부품
9017101000	515190	생활용품	기타문구
9017109000	515190	생활용품	기타문구
9017201010	515190	생활용품	기타문구
9017201090	515190	생활용품	기타문구
9017202010	515190	생활용품	기타문구
9017202090	515190	생활용품	기타문구
9017203000	734100	기타	설계제도기
9017209000	763610	일반기계	측정공구
9017301000	763610	일반기계	측정공구
9017302000	763610	일반기계	측정공구
9017303000	763610	일반기계	측정공구
9017309000	763610	일반기계	측정공구
9017801000	515190	생활용품	기타문구
9017809010	732100	기타	반도체제조용장비
9017809090	763610	일반기계	측정공구
9017901000	732200	기타	반도체제조용장비부품
9017909010	734200	기타	설계제도기부품
9017909090	763620	일반기계	측정공구부품
9018111000	932090	바이오헬스	기타
9018119000	932090	바이오헬스	기타
9018121000	932030	바이오헬스	영상진단장비
9018129000	932030	바이오헬스	영상진단장비
9018131000	932030	바이오헬스	영상진단장비
9018139000	932030	바이오헬스	영상진단장비
9018140000	932090	바이오헬스	기타
9018191000	932060	바이오헬스	일반수술및처치용
9018192000	932060	바이오헬스	일반수술및처치용
9018194000	932060	바이오헬스	일반수술및처치용
9018197000	932060	바이오헬스	일반수술및처치용
9018198000	932060	바이오헬스	일반수술및처치용
9018199000	932060	바이오헬스	일반수술및처치용
9018201000	932050	바이오헬스	안과및광학의료기기
9018209000	932040	바이오헬스	미용및조직수복용
9018310000	932060	바이오헬스	일반수술및처치용
9018321000	932090	바이오헬스	기타
9018322000	932090	바이오헬스	기타
9018329000	932090	바이오헬스	기타
9018391000	932060	바이오헬스	일반수술및처치용
9018392000	932060	바이오헬스	일반수술및처치용
9018398000	932060	바이오헬스	일반수술및처치용
9018399000	932060	바이오헬스	일반수술및처치용
9018411000	932090	바이오헬스	기타
9018419000	932090	바이오헬스	기타
9018491000	932020	바이오헬스	치과용기기및재료
9018492000	932020	바이오헬스	치과용기기및재료
9018493000	932020	바이오헬스	치과용기기및재료
9018498000	932020	바이오헬스	치과용기기및재료
9018499000	932020	바이오헬스	치과용기기및재료
9018501010	932090	바이오헬스	기타
9018501090	932090	바이오헬스	기타
9018509000	932090	바이오헬스	기타
9018901000	932040	바이오헬스	미용및조직수복용
9018902010	932040	바이오헬스	미용및조직수복용
9018902090	932040	바이오헬스	미용및조직수복용
9018903000	932040	바이오헬스	미용및조직수복용
9018904000	932040	바이오헬스	미용및조직수복용
9018905000	932040	바이오헬스	미용및조직수복용
9018906000	932040	바이오헬스	미용및조직수복용
9018907000	932040	바이오헬스	미용및조직수복용
9018908110	932040	바이오헬스	미용및조직수복용
9018908190	932040	바이오헬스	미용및조직수복용
9018908900	932040	바이오헬스	미용및조직수복용
9018909000	932040	바이오헬스	미용및조직수복용
9019101000	932090	바이오헬스	기타
9019102000	829100	가전	기타가정용전자
9019103000	932090	바이오헬스	기타
9019109000	932090	바이오헬스	기타
9019202000	932090	바이오헬스	기타
9019203000	932090	바이오헬스	기타
9019204000	932090	바이오헬스	기타
9019208000	932090	바이오헬스	기타
9019209000	932090	바이오헬스	기타
9020001000	932090	바이오헬스	기타
9020008000	932090	바이오헬스	기타
9020009000	932090	바이오헬스	기타
9021101000	932060	바이오헬스	일반수술및처치용
9021109000	932060	바이오헬스	일반수술및처치용
9021210000	932020	바이오헬스	치과용기기및재료
9021290000	932020	바이오헬스	치과용기기및재료
9021310000	932060	바이오헬스	일반수술및처치용
9021391000	932090	바이오헬스	기타
9021399000	932090	바이오헬스	기타
9021400000	932090	바이오헬스	기타
9021500000	932090	바이오헬스	기타
9021901010	932090	바이오헬스	기타
9021901090	932090	바이오헬스	기타
9021908000	932090	바이오헬스	기타
9021909000	932090	바이오헬스	기타
9022120000	932030	바이오헬스	영상진단장비
9022130000	932020	바이오헬스	치과용기기및재료
9022141020	932090	바이오헬스	기타
9022141030	932090	바이오헬스	기타
9022141090	932090	바이오헬스	기타
9022142000	932090	바이오헬스	기타
9022191000	814620	기타	X선및방사선기기부품
9022192000	814620	기타	X선및방사선기기부품
9022199000	814620	기타	X선및방사선기기부품
9022211020	932090	바이오헬스	기타
9022211030	932090	바이오헬스	기타
9022211090	932090	바이오헬스	기타
9022212000	932090	바이오헬스	기타
9022291000	814620	기타	X선및방사선기기부품
9022292000	814620	기타	X선및방사선기기부품
9022299000	814620	기타	X선및방사선기기부품
9022300000	814610	기타	X선및방사선기기
9022901010	814610	기타	X선및방사선기기
9022901020	932030	바이오헬스	영상진단장비
9022901030	814610	기타	X선및방사선기기
9022901090	932030	바이오헬스	영상진단장비
9022909010	932030	바이오헬스	영상진단장비
9022909090	932030	바이오헬스	영상진단장비
9023001000	999000	기타	기타
9023009000	999000	기타	기타
9024101000	815520	기타	재료시험기
9024102000	815520	기타	재료시험기
9024104000	815520	기타	재료시험기
9024105000	815520	기타	재료시험기
9024106000	815520	기타	재료시험기
9024109000	815520	기타	재료시험기
9024801020	815520	기타	재료시험기
9024801090	815520	기타	재료시험기
9024809010	815520	기타	재료시험기
9024809090	815520	기타	재료시험기
9024901000	837200	기타	센서 
9024909000	815600	기타	분석시험기부품
9025111000	932090	바이오헬스	기타
9025119000	932090	바이오헬스	기타
9025191000	815120	기타	온도계
9025192010	815120	기타	온도계
9025192090	932090	바이오헬스	기타
9025801000	815190	기타	기타계측기
9025802000	815130	기타	기압계
9025803000	815140	기타	습도계
9025809000	815190	기타	기타계측기
9025900000	837200	기타	센서 
9026101000	815160	기타	유량압력계
9026102000	815160	기타	유량압력계
9026202000	815160	기타	유량압력계
9026203000	815160	기타	유량압력계
9026204000	815160	기타	유량압력계
9026209000	815160	기타	유량압력계
9026801000	815160	기타	유량압력계
9026802000	815160	기타	유량압력계
9026809000	815160	기타	유량압력계
9026900000	837200	기타	센서 
9027100000	815510	기타	물리화학분석기
9027200000	815510	기타	물리화학분석기
9027303000	815510	기타	물리화학분석기
9027304000	815510	기타	물리화학분석기
9027501000	815510	기타	물리화학분석기
9027502000	815510	기타	물리화학분석기
9027503000	932090	바이오헬스	기타
9027504000	815510	기타	물리화학분석기
9027509000	815510	기타	물리화학분석기
9027810000	815530	기타	질량분석기
9027891000	815510	기타	물리화학분석기
9027892010	815510	기타	물리화학분석기
9027892020	815510	기타	물리화학분석기
9027892030	815510	기타	물리화학분석기
9027892090	815510	기타	물리화학분석기
9027901000	815600	기타	분석시험기부품
9027909010	732200	기타	반도체제조용장비부품
9027909091	815600	기타	분석시험기부품
9027909099	815600	기타	분석시험기부품
9028101010	815190	기타	기타계측기
9028101090	815190	기타	기타계측기
9028102000	815190	기타	기타계측기
9028201010	815190	기타	기타계측기
9028201090	815190	기타	기타계측기
9028202000	815190	기타	기타계측기
9028301010	841440	전기기기	전력량계
9028301020	841440	전기기기	전력량계
9028302000	815170	기타	전기계측기
9028900000	815200	기타	계측기부품
9029101000	815150	기타	속도계
9029102000	815150	기타	속도계
9029109000	815150	기타	속도계
9029201010	815150	기타	속도계
9029201090	815150	기타	속도계
9029202000	815150	기타	속도계
9029900000	837200	기타	센서 
9030100000	815180	기타	전자계측기
9030200000	815180	기타	전자계측기
9030310000	815180	기타	전자계측기
9030320000	815180	기타	전자계측기
9030331000	815170	기타	전기계측기
9030332000	815170	기타	전기계측기
9030333000	815170	기타	전기계측기
9030334000	815170	기타	전기계측기
9030339000	815180	기타	전자계측기
9030391000	815180	기타	전자계측기
9030392000	815180	기타	전자계측기
9030393000	815180	기타	전자계측기
9030394000	815180	기타	전자계측기
9030396000	815180	기타	전자계측기
9030399000	815180	기타	전자계측기
9030400000	815180	기타	전자계측기
9030820000	732100	기타	반도체제조용장비
9030840000	815180	기타	전자계측기
9030890000	815180	기타	전자계측기
9030901000	815200	기타	계측기부품
9030909000	815200	기타	계측기부품
9031100000	815190	기타	기타계측기
9031200000	815190	기타	기타계측기
9031412000	732100	기타	반도체제조용장비
9031419000	732100	기타	반도체제조용장비
9031491000	815190	기타	기타계측기
9031494010	732100	기타	반도체제조용장비
9031494090	815190	기타	기타계측기
9031499000	815190	기타	기타계측기
9031802000	814910	기타	기타전자응용기기
9031809010	815190	기타	기타계측기
9031809020	815190	기타	기타계측기
9031809060	815190	기타	기타계측기
9031809070	815190	기타	기타계측기
9031809080	815190	기타	기타계측기
9031809091	732100	기타	반도체제조용장비
9031809099	815190	기타	기타계측기
9031901010	732200	기타	반도체제조용장비부품
9031901090	732200	기타	반도체제조용장비부품
9031909000	815200	기타	계측기부품
9032101010	815300	기타	자동제어기
9032101020	747290	기타	기타항공기부품
9032101090	815300	기타	자동제어기
9032102000	815300	기타	자동제어기
9032200000	815300	기타	자동제어기
9032811000	815300	기타	자동제어기
9032812000	747290	기타	기타항공기부품
9032819000	815300	기타	자동제어기
9032891010	747290	기타	기타항공기부품
9032891090	815300	기타	자동제어기
9032892010	747290	기타	기타항공기부품
9032892090	815300	기타	자동제어기
9032893010	747290	기타	기타항공기부품
9032893090	815300	기타	자동제어기
9032894010	747290	기타	기타항공기부품
9032894091	732200	기타	반도체제조용장비부품
9032894099	815300	기타	자동제어기
9032899010	747290	기타	기타항공기부품
9032899090	815300	기타	자동제어기
9032901000	747290	기타	기타항공기부품
9032909000	815400	기타	자동제어기부품
9033000000	815200	기타	계측기부품
9101110000	518210	생활용품	손목시계
9101190000	518210	생활용품	손목시계
9101210000	518210	생활용품	손목시계
9101290000	518210	생활용품	손목시계
9101910000	518270	생활용품	기타시계
9101990000	518270	생활용품	기타시계
9102111000	518210	생활용품	손목시계
9102112000	518210	생활용품	손목시계
9102119010	518210	생활용품	손목시계
9102119090	518210	생활용품	손목시계
9102121000	518240	생활용품	전자시계
9102129010	518240	생활용품	전자시계
9102129020	518240	생활용품	전자시계
9102129090	518240	생활용품	전자시계
9102191000	518210	생활용품	손목시계
9102199010	518210	생활용품	손목시계
9102199020	518210	생활용품	손목시계
9102199090	518210	생활용품	손목시계
9102211000	518210	생활용품	손목시계
9102212000	518210	생활용품	손목시계
9102219000	518210	생활용품	손목시계
9102291000	518210	생활용품	손목시계
9102292000	518210	생활용품	손목시계
9102299000	518210	생활용품	손목시계
9102911000	518270	생활용품	기타시계
9102912000	518270	생활용품	기타시계
9102919010	518270	생활용품	기타시계
9102919090	518270	생활용품	기타시계
9102991000	518270	생활용품	기타시계
9102992000	518270	생활용품	기타시계
9102999000	518270	생활용품	기타시계
9103100000	518270	생활용품	기타시계
9103900000	518270	생활용품	기타시계
9104000000	518260	생활용품	차량·항공기·선박용 시계
9105110000	518220	생활용품	자명종시계
9105190000	518220	생활용품	자명종시계
9105210000	518230	생활용품	벽시계
9105290000	518230	생활용품	벽시계
9105910000	518270	생활용품	기타시계
9105990000	518270	생활용품	기타시계
9106100000	518270	생활용품	기타시계
9106902000	518270	생활용품	기타시계
9106909000	518270	생활용품	기타시계
9107000000	518290	생활용품	시계부품
9108110000	518290	생활용품	시계부품
9108120000	518290	생활용품	시계부품
9108190000	518290	생활용품	시계부품
9108200000	518290	생활용품	시계부품
9108900000	518290	생활용품	시계부품
9109100000	518290	생활용품	시계부품
9109900000	518290	생활용품	시계부품
9110110000	518290	생활용품	시계부품
9110120000	518290	생활용품	시계부품
9110190000	518290	생활용품	시계부품
9110900000	518290	생활용품	시계부품
9111100000	518290	생활용품	시계부품
9111200000	518290	생활용품	시계부품
9111800000	518290	생활용품	시계부품
9111901000	518290	생활용품	시계부품
9111909000	518290	생활용품	시계부품
9112200000	518290	생활용품	시계부품
9112900000	518290	생활용품	시계부품
9113100000	518290	생활용품	시계부품
9113200000	518250	생활용품	시계줄
9113901000	518250	생활용품	시계줄
9113902000	518250	생활용품	시계줄
9113909000	518250	생활용품	시계줄
9114300000	518290	생활용품	시계부품
9114400000	518290	생활용품	시계부품
9114900000	518290	생활용품	시계부품
9201100000	513100	생활용품	피아노
9201200000	513100	생활용품	피아노
9201900000	513900	생활용품	기타악기
9202101000	513210	생활용품	바이올린
9202102000	513220	생활용품	첼로
9202109000	513290	생활용품	기타현악기
9202901000	513290	생활용품	기타현악기
9202902000	513290	생활용품	기타현악기
9202909000	513900	생활용품	기타악기
9205101000	513310	생활용품	트럼펫
9205109000	513390	생활용품	기타관악기
9205901010	513390	생활용품	기타관악기
9205901020	513391	생활용품	기타관악기
9205901030	513392	생활용품	기타관악기
9205901040	513393	생활용품	기타관악기
9205901090	513394	생활용품	기타관악기
9205902000	513900	생활용품	기타악기
9205903000	513900	생활용품	기타악기
9205904000	513900	생활용품	기타악기
9205909000	513395	생활용품	기타관악기
9206001000	513400	생활용품	타악기
9206003000	513400	생활용품	타악기
9206009000	513400	생활용품	타악기
9207101000	513900	생활용품	기타악기
9207103000	513100	생활용품	피아노
9207109000	513900	생활용품	기타악기
9207901000	513900	생활용품	기타악기
9207902000	513900	생활용품	기타악기
9207909000	513900	생활용품	기타악기
9208100000	513900	생활용품	기타악기
9208900000	513900	생활용품	기타악기
9209301000	513500	생활용품	악기부분품
9209309000	513500	생활용품	악기부분품
9209910000	513500	생활용품	악기부분품
9209920000	513500	생활용품	악기부분품
9209940000	513500	생활용품	악기부분품
9209990000	513500	생활용품	악기부분품
9301101000	970100	기타	무기류
9301109000	970100	기타	무기류
9301200000	970100	기타	무기류
9301901000	970100	기타	무기류
9301902010	970100	기타	무기류
9301902020	970100	기타	무기류
9301902030	970100	기타	무기류
9301902090	970100	기타	무기류
9301903000	970100	기타	무기류
9301904010	970100	기타	무기류
9301904090	970100	기타	무기류
9301909000	970100	기타	무기류
9302001010	970100	기타	무기류
9302001021	970100	기타	무기류
9302001029	970100	기타	무기류
9302001030	970100	기타	무기류
9302001090	970100	기타	무기류
9302009010	970100	기타	무기류
9302009021	970100	기타	무기류
9302009029	970100	기타	무기류
9302009030	970100	기타	무기류
9302009090	970100	기타	무기류
9303100000	970100	기타	무기류
9303201011	524300	생활용품	수렵사격용품
9303201012	524300	생활용품	수렵사격용품
9303201019	524300	생활용품	수렵사격용품
9303201020	524300	생활용품	수렵사격용품
9303201090	524300	생활용품	수렵사격용품
9303209011	524300	생활용품	수렵사격용품
9303209012	524300	생활용품	수렵사격용품
9303209019	524300	생활용품	수렵사격용품
9303209020	524300	생활용품	수렵사격용품
9303209090	524300	생활용품	수렵사격용품
9303301010	524300	생활용품	수렵사격용품
9303301020	524300	생활용품	수렵사격용품
9303301090	524300	생활용품	수렵사격용품
9303309010	524300	생활용품	수렵사격용품
9303309020	524300	생활용품	수렵사격용품
9303309090	524300	생활용품	수렵사격용품
9303900000	970100	기타	무기류
9304001000	970100	기타	무기류
9304009000	970100	기타	무기류
9305101010	970200	기타	무기류부품
9305101020	970200	기타	무기류부품
9305101030	970200	기타	무기류부품
9305101040	970200	기타	무기류부품
9305101050	970200	기타	무기류부품
9305101060	970200	기타	무기류부품
9305101070	970200	기타	무기류부품
9305101080	970200	기타	무기류부품
9305101090	970200	기타	무기류부품
9305109010	970200	기타	무기류부품
9305109020	970200	기타	무기류부품
9305109030	970200	기타	무기류부품
9305109040	970200	기타	무기류부품
9305109050	970200	기타	무기류부품
9305109060	970200	기타	무기류부품
9305109070	970200	기타	무기류부품
9305109080	970200	기타	무기류부품
9305109090	970200	기타	무기류부품
9305201000	970200	기타	무기류부품
9305209010	970200	기타	무기류부품
9305209020	970200	기타	무기류부품
9305209090	970200	기타	무기류부품
9305911010	970200	기타	무기류부품
9305911020	970200	기타	무기류부품
9305911030	970200	기타	무기류부품
9305911040	970200	기타	무기류부품
9305911050	970200	기타	무기류부품
9305911060	970200	기타	무기류부품
9305911070	970200	기타	무기류부품
9305911080	970200	기타	무기류부품
9305911090	970200	기타	무기류부품
9305919000	970200	기타	무기류부품
9305990000	970200	기타	무기류부품
9306210000	970100	기타	무기류
9306290000	970200	기타	무기류부품
9306301000	970100	기타	무기류
9306309000	970100	기타	무기류
9306900000	970100	기타	무기류
9307000000	970100	기타	무기류
9401100000	512110	생활용품	항공기용의자
9401200000	512120	생활용품	차량용의자
9401311000	512130	생활용품	회전의자
9401319000	512130	생활용품	회전의자
9401391000	512130	생활용품	회전의자
9401399000	512130	생활용품	회전의자
9401410000	512140	생활용품	침대겸용의자
9401490000	512140	생활용품	침대겸용의자
9401520000	512150	생활용품	그 밖의 의자
9401530000	512150	생활용품	그 밖의 의자
9401590000	512150	생활용품	그 밖의 의자
9401611000	512150	생활용품	그 밖의 의자
9401619000	512150	생활용품	그 밖의 의자
9401691000	512150	생활용품	그 밖의 의자
9401699000	512150	생활용품	그 밖의 의자
9401711000	512150	생활용품	그 밖의 의자
9401719000	512150	생활용품	그 밖의 의자
9401791000	512150	생활용품	그 밖의 의자
9401799000	512150	생활용품	그 밖의 의자
9401800000	512150	생활용품	그 밖의 의자
9401910000	512160	생활용품	의자 부분품
9401991000	512160	생활용품	의자 부분품
9401999000	512160	생활용품	의자 부분품
9402101000	932090	바이오헬스	기타
9402109010	512190	생활용품	기타가구
9402109090	512190	생활용품	기타가구
9402901000	932090	바이오헬스	기타
9402908000	932090	바이오헬스	기타
9402909000	932090	바이오헬스	기타
9403100000	512900	생활용품	기타가구
9403201000	512210	생활용품	침대 
9403209000	512900	생활용품	기타가구
9403301000	512400	생활용품	책상
9403309000	512900	생활용품	기타가구
9403401000	512300	생활용품	식탁
9403409000	512900	생활용품	기타가구
9403501000	512210	생활용품	침대 
9403509000	512900	생활용품	기타가구
9403601000	512900	생활용품	기타가구
9403609010	512510	생활용품	문갑
9403609020	512520	생활용품	화장대
9403609030	512530	생활용품	장롱
9403609090	512900	생활용품	기타가구
9403700000	512900	생활용품	기타가구
9403820000	512190	생활용품	기타가구
9403830000	512190	생활용품	기타가구
9403890000	512900	생활용품	기타가구
9403910000	512900	생활용품	기타가구
9403990000	512900	생활용품	기타가구
9404100000	932090	바이오헬스	기타
9404210000	449009	섬유류	침구이불
9404290000	449009	섬유류	침구이불
9404300000	449009	섬유류	침구이불
9404400000	449009	섬유류	침구이불
9404900000	449009	섬유류	침구이불
9405110000	826910	가전	기타조명기기
9405191000	826910	가전	기타조명기기
9405192000	826910	가전	기타조명기기
9405199000	826910	가전	기타조명기기
9405210000	826910	가전	기타조명기기
9405291000	826910	가전	기타조명기기
9405299000	826910	가전	기타조명기기
9405310000	826910	가전	기타조명기기
9405390000	826910	가전	기타조명기기
9405410000	826910	가전	기타조명기기
9405420000	826910	가전	기타조명기기
9405491000	826910	가전	기타조명기기
9405492000	826910	가전	기타조명기기
9405493000	826910	가전	기타조명기기
9405499000	826910	가전	기타조명기기
9405500000	826910	가전	기타조명기기
9405610000	826910	가전	기타조명기기
9405691000	826910	가전	기타조명기기
9405692000	826910	가전	기타조명기기
9405699000	826910	가전	기타조명기기
9405910000	826920	가전	기타조명기기부품
9405920000	826920	가전	기타조명기기부품
9405990000	826920	가전	기타조명기기부품
9406100000	031790	농수산식품	기타건축용목제품
9406200000	692330	기타	모듈화된 빌딩유닛
9406901000	310900	기타	기타플라스틱제품
9406902000	692390	기타	기타철구조물
9406903000	621310	비철금속	알루미늄구조물
9406909000	999000	기타	기타
9503001100	515220	생활용품	승용완구
9503001200	515220	생활용품	승용완구
9503001300	515220	생활용품	승용완구
9503001800	515220	생활용품	승용완구
9503001900	515220	생활용품	승용완구
9503002110	515210	생활용품	인형
9503002120	515210	생활용품	인형
9503002130	515210	생활용품	인형
9503002140	515210	생활용품	인형
9503002150	515210	생활용품	인형
9503002160	515210	생활용품	인형
9503002190	515210	생활용품	인형
9503002910	515210	생활용품	인형
9503002990	515210	생활용품	인형
9503003110	515290	생활용품	기타완구
9503003190	515290	생활용품	기타완구
9503003200	515230	생활용품	조립식완구
9503003300	515230	생활용품	조립식완구
9503003411	515210	생활용품	인형
9503003419	515210	생활용품	인형
9503003491	515210	생활용품	인형
9503003492	515210	생활용품	인형
9503003493	515210	생활용품	인형
9503003495	515210	생활용품	인형
9503003496	515210	생활용품	인형
9503003497	515210	생활용품	인형
9503003499	515210	생활용품	인형
9503003500	515290	생활용품	기타완구
9503003600	515290	생활용품	기타완구
9503003700	515290	생활용품	기타완구
9503003800	515290	생활용품	기타완구
9503003911	515290	생활용품	기타완구
9503003919	515290	생활용품	기타완구
9503003990	515290	생활용품	기타완구
9504201000	514110	생활용품	당구용품
9504202000	514110	생활용품	당구용품
9504209000	514110	생활용품	당구용품
9504301000	515250	생활용품	오락용구
9504309000	515250	생활용품	오락용구
9504400000	515250	생활용품	오락용구
9504501000	515240	생활용품	전자게임기
9504509000	515240	생활용품	전자게임기
9504901020	514120	생활용품	볼링용품
9504901030	514120	생활용품	볼링용품
9504901040	514120	생활용품	볼링용품
9504901050	514120	생활용품	볼링용품
9504901090	514120	생활용품	볼링용품
9504902000	515240	생활용품	전자게임기
9504903000	515250	생활용품	오락용구
9504909020	515240	생활용품	전자게임기
9504909090	515250	생활용품	오락용구
9505100000	515290	생활용품	기타완구
9505900000	515290	생활용품	기타완구
9506110000	514130	생활용품	스키용품
9506120000	514130	생활용품	스키용품
9506190000	514130	생활용품	스키용품
9506210000	514130	생활용품	스키용품
9506290000	514130	생활용품	스키용품
9506310000	514140	생활용품	골프용품
9506320000	514140	생활용품	골프용품
9506391000	514140	생활용품	골프용품
9506399000	514140	생활용품	골프용품
9506401000	514150	생활용품	탁구용품
9506402000	514150	생활용품	탁구용품
9506403000	514150	생활용품	탁구용품
9506409000	514150	생활용품	탁구용품
9506510000	514160	생활용품	테니스및배드민턴용품
9506591000	514160	생활용품	테니스및배드민턴용품
9506599000	514160	생활용품	테니스및배드민턴용품
9506610000	514160	생활용품	테니스및배드민턴용품
9506621000	514170	생활용품	구기용공
9506622000	514170	생활용품	구기용공
9506623000	514170	생활용품	구기용공
9506629000	514170	생활용품	구기용공
9506691000	514160	생활용품	테니스및배드민턴용품
9506692000	514170	생활용품	구기용공
9506699000	514170	생활용품	구기용공
9506700000	514190	생활용품	기타운동용구
9506910000	514190	생활용품	기타운동용구
9506990000	514190	생활용품	기타운동용구
9507101000	514220	생활용품	낚시용구
9507102000	514220	생활용품	낚시용구
9507109000	514220	생활용품	낚시용구
9507200000	514220	생활용품	낚시용구
9507300000	514220	생활용품	낚시용구
9507901000	514220	생활용품	낚시용구
9507909000	514220	생활용품	낚시용구
9508100000	514290	생활용품	기타취미오락용구
9508210000	514290	생활용품	기타취미오락용구
9508220000	514290	생활용품	기타취미오락용구
9508230000	514290	생활용품	기타취미오락용구
9508240000	514290	생활용품	기타취미오락용구
9508250000	514290	생활용품	기타취미오락용구
9508260000	514290	생활용품	기타취미오락용구
9508290000	514290	생활용품	기타취미오락용구
9508300000	514290	생활용품	기타취미오락용구
9508400000	514290	생활용품	기타취미오락용구
9601100000	525900	생활용품	기타공예품
9601901010	525200	생활용품	패각공예품
9601901090	525200	생활용품	패각공예품
9601909010	525900	생활용품	기타공예품
9601909090	525900	생활용품	기타공예품
9602001000	931120	바이오헬스	화학의약품
9602009010	525900	생활용품	기타공예품
9602009090	525900	생활용품	기타공예품
9603100000	511070	생활용품	빗자루
9603210000	511040	생활용품	구강및치과위생용품
9603290000	511040	생활용품	구강및치과위생용품
9603300000	515120	생활용품	미술용구
9603400000	529000	생활용품	기타 생활용품
9603500000	529000	생활용품	기타 생활용품
9603900000	529000	생활용품	기타 생활용품
9604000000	529000	생활용품	기타 생활용품
9605000000	521220	생활용품	화장용품
9606100000	529000	생활용품	기타 생활용품
9606210000	529000	생활용품	기타 생활용품
9606220000	529000	생활용품	기타 생활용품
9606291000	529000	생활용품	기타 생활용품
9606299000	529000	생활용품	기타 생활용품
9606300000	529000	생활용품	기타 생활용품
9607110000	529000	생활용품	기타 생활용품
9607191000	529000	생활용품	기타 생활용품
9607199000	529000	생활용품	기타 생활용품
9607201000	529000	생활용품	기타 생활용품
9607202000	529000	생활용품	기타 생활용품
9607209000	529000	생활용품	기타 생활용품
9608100000	515110	생활용품	필기구
9608200000	515110	생활용품	필기구
9608301000	515110	생활용품	필기구
9608309000	515110	생활용품	필기구
9608400000	515110	생활용품	필기구
9608500000	515110	생활용품	필기구
9608600000	515110	생활용품	필기구
9608911000	515110	생활용품	필기구
9608912000	515110	생활용품	필기구
9608991000	515110	생활용품	필기구
9608999000	515110	생활용품	필기구
9609101000	515110	생활용품	필기구
9609102000	515110	생활용품	필기구
9609103000	515120	생활용품	미술용구
9609200000	515110	생활용품	필기구
9609901000	515120	생활용품	미술용구
9609902000	515120	생활용품	미술용구
9609903000	515110	생활용품	필기구
9609909000	515120	생활용품	미술용구
9610000000	515130	생활용품	사무용품
9611001000	515190	생활용품	기타문구
9611009000	515190	생활용품	기타문구
9612102000	515190	생활용품	기타문구
9612109000	515190	생활용품	기타문구
9612200000	515190	생활용품	기타문구
9613100000	521230	생활용품	라이터
9613200000	521230	생활용품	라이터
9613800000	521230	생활용품	라이터
9613900000	521230	생활용품	라이터
9614000000	521290	생활용품	기타휴대용품
9615111000	521220	생활용품	화장용품
9615119000	521210	생활용품	장신구
9615191000	521220	생활용품	화장용품
9615199000	521210	생활용품	장신구
9615901000	521210	생활용품	장신구
9615909000	521210	생활용품	장신구
9616100000	521220	생활용품	화장용품
9616200000	521220	생활용품	화장용품
9617001000	516400	생활용품	보온용기
9617002000	516400	생활용품	보온용기
9617008000	516400	생활용품	보온용기
9617009000	516400	생활용품	보온용기
9618001000	529000	생활용품	기타 생활용품
9618009000	529000	생활용품	기타 생활용품
9619001010	517210	생활용품	유아용냅킨
9619001090	517290	생활용품	유아용냅킨
9619002000	449090	섬유류	기타의 섬유제품
9619003010	449090	섬유류	기타의 섬유제품
9619003020	449090	섬유류	기타의 섬유제품
9619004000	449090	섬유류	기타의 섬유제품
9619009010	449090	섬유류	기타의 섬유제품
9619009090	449090	섬유류	기타의 섬유제품
9620000000	999000	기타	기타
9701211000	921000	기타	그림
9701212000	921000	기타	그림
9701213000	921000	기타	그림
9701220000	921000	기타	그림
9701290000	921000	기타	그림
9701911000	921000	기타	그림
9701912000	921000	기타	그림
9701913000	921000	기타	그림
9701920000	921000	기타	그림
9701990000	921000	기타	그림
9702101000	921000	기타	그림
9702102000	921000	기타	그림
9702103000	921000	기타	그림
9702901000	921000	기타	그림
9702902000	921000	기타	그림
9702903000	921000	기타	그림
9703101000	922000	기타	조각품
9703102000	922000	기타	조각품
9703901000	922000	기타	조각품
9703902000	922000	기타	조각품
9704000000	923000	기타	우표
9705100000	925000	기타	기타수집품
9705210000	925000	기타	기타수집품
9705220000	925000	기타	기타수집품
9705290000	925000	기타	기타수집품
9705310000	925000	기타	기타수집품
9705390000	925000	기타	기타수집품
9706101000	924000	기타	골동품
9706102000	924000	기타	골동품
9706103000	924000	기타	골동품
9706901000	924000	기타	골동품
9706902000	924000	기타	골동품
9706903000	924000	기타	골동품
9999999991	999000	기타	기타
